char_count,word_count,token_count
37289,6312,7627
113067,19862,23445
87819,15355,17789
7871,1323,1605
11057,1895,2273
39307,6666,8215
10428,1751,2207
34028,6005,7328
509604,86697,103158
9525,1596,2005
26121,4465,5520
12091,2077,2589
2392,438,556
26508,4518,5569
29578,4976,5933
20812,3469,4312
17835,3112,3713
121430,20857,24406
20540,3682,4357
20775,3741,4401
236071,40665,48978
12506,2259,2715
10545,1835,2140
6662,1192,1530
23776,4190,5234
21601,3901,4856
20678,3652,4582
11377,1877,2199
26287,4705,5812
21140,3735,4571
2561,458,531
4417,769,1000
5618,1028,1257
10659,1862,2245
10329,1871,2230
11609,2068,2523
13849,2450,3389
7642,1330,1685
30800,5295,6606
12795,2269,3053
19484,3381,4123
10369,1760,2179
66343,11718,14364
135781,22965,26888
95891,16725,19968
14759,2529,3023
151528,25778,30657
17898,3170,3977
12163,2126,2569
16480,2888,3544
55806,9530,11280
6993,1217,1480
18265,3185,3915
18610,3190,4059
20613,3639,4513
20202,3491,4290
15859,2717,3624
12037,2140,2475
9259,1588,2134
11761,2086,2478
13771,2401,2988
13008,2251,2749
14739,2489,3270
15322,2713,3422
19495,3425,4492
45592,7977,9786
11869,2100,2895
16097,2775,3442
17113,3065,3664
18071,3140,3834
39390,6912,8505
98396,16654,20332
13556,2258,2710
26272,4508,5964
59811,10323,12364
43619,7653,9701
19845,3486,4226
37836,6573,8522
20267,3546,4459
12993,2293,2787
30316,5420,6693
6785,1230,1508
85415,14583,16974
9753,1661,2006
12156,2174,2717
89378,15144,18729
30528,5237,6396
5295,948,1149
19030,3457,4031
7514,1324,1601
2490,440,549
9937,1755,2175
6388,1116,1455
11525,1973,2480
11675,2048,2335
10374,1759,2325
15935,2723,3288
38635,6735,8144
28605,4754,5649
21991,3914,4676
5994,1053,1312
12626,2166,2538
48038,8115,11433
10953,1920,2351
17102,3040,3568
18356,3356,4065
9602,1660,2159
30057,5237,6237
4215,740,923
24403,4318,5287
10507,1868,2323
34949,5971,7655
24295,4279,5677
5598,965,1232
47589,8278,10609
13023,2260,2714
8147,1441,1692
17016,3020,3977
7825,1385,1699
2913,504,610
16235,2825,3506
22780,3983,4820
7704,1297,1591
10470,1788,2475
17956,3026,3693
162546,27855,32601
19572,3416,4153
22241,3735,4609
2364,417,521
29320,5203,6567
31915,5722,7304
9265,1620,1914
39726,7040,8382
39577,6845,8322
24571,4187,5378
40609,6942,8206
1348,230,291
8140,1481,1747
16089,2770,3378
62743,10937,12834
24309,4016,4973
18500,3200,3893
7308,1275,1526
11499,2023,2596
11729,2097,2731
32161,5712,7262
16155,2888,3888
22106,3947,4648
64244,10932,13563
258157,44548,53991
12122,2115,2518
37949,6610,8081
15045,2634,3370
23836,4260,5260
50740,8622,10518
15912,2737,3450
25489,4351,5788
38101,6634,8112
12991,2270,2778
22860,3997,5042
18664,3183,4118
21621,3776,4653
6386,1064,1385
40380,7140,9068
20686,3716,4613
14200,2444,3067
9405,1666,1969
14869,2573,3085
18126,3161,3655
20561,3624,4438
24730,4279,5284
19430,3390,4385
17752,3089,3766
8187,1443,1895
41661,7337,9171
182420,32004,38057
14089,2370,3204
10506,1839,2286
27400,4662,5888
11599,2003,2576
22402,4001,4776
16211,2864,3514
20104,3523,4368
33100,5737,6926
20276,3489,4466
44527,8071,10136
19236,3462,4361
18526,3234,3858
8996,1631,2077
17679,3156,3929
13348,2337,3019
6959,1214,1601
24146,4305,5392
11318,2006,2426
28389,4866,6270
26094,4493,5413
20713,3497,4244
7915,1374,1857
17391,3086,3846
11120,1936,2481
29978,4994,6015
27016,4515,5545
45019,7760,9890
46110,8071,10242
26292,4445,5515
12412,2125,2812
8863,1537,1859
16644,2945,3531
10340,1854,2220
21885,3891,4953
4286,730,851
17261,2867,3622
4032,688,800
16075,2845,3688
8329,1452,1825
16519,2887,3738
31741,5597,7104
29347,5162,6531
15888,2762,3793
38832,6779,8536
15921,2859,3389
11458,1977,2444
11948,2043,2601
9196,1580,2052
18366,3250,4070
3083,527,658
29624,5296,6466
8935,1505,1900
56096,9658,11946
20962,3718,4820
21124,3745,4605
16172,2914,3386
11559,1936,2398
13072,2418,2940
34283,6123,7407
6497,1095,1359
31207,5330,6824
19877,3555,4366
171255,28926,35963
58745,10093,13215
40572,7135,8911
16101,2676,3425
17830,3122,3870
122363,21056,25228
10086,1725,2041
20800,3606,4738
25860,4540,5901
15078,2611,3103
15834,2787,3660
11811,1956,2490
26095,4631,5699
27563,4729,5740
21070,3704,4660
6243,1114,1374
8417,1456,1798
14100,2484,3172
37334,6589,8077
18532,3208,3964
17425,3102,3947
25912,4319,5294
14732,2546,3220
9688,1699,2081
4789,845,1053
5724,1000,1173
22162,3886,4898
6407,1095,1338
11656,1974,2440
9132,1546,1854
16720,2823,3611
77385,13431,17091
36480,6556,8129
14194,2509,2966
26665,4577,5551
114774,20158,23669
21751,3881,4946
26704,4832,5860
19662,3450,4488
3929,682,853
29960,5211,6615
20735,3550,4371
6029,993,1220
21665,3648,4584
30330,5339,6557
28903,5069,6379
9862,1624,1988
103216,17641,21108
18188,3165,3872
8483,1452,1751
1040,179,238
38872,6630,8056
2773,468,591
7305,1282,1567
37242,6500,7569
25881,4372,5206
23183,4125,5033
18303,3183,4130
12626,2136,2667
9276,1602,1930
21037,3711,4816
53170,9626,11446
15921,2840,3531
42441,7191,8657
60264,10232,12824
20441,3595,4369
6159,1014,1277
55780,9481,11332
19802,3422,4131
16790,2910,3897
5402,894,1087
16011,2733,3257
9495,1705,2020
4345,748,888
5484,964,1187
4401,736,940
21627,3887,4665
61337,10456,13064
15949,2713,3323
30172,5389,6737
13307,2331,2995
11409,1978,2454
13638,2445,2845
32589,5783,6784
29056,5388,6583
12714,2275,2805
31724,5737,6485
12327,2215,2922
11327,1994,2496
27498,4818,5951
4201,722,929
19063,3397,4158
24337,4178,5353
15112,2578,3437
9182,1597,2040
35752,6164,7425
10678,1880,2454
19426,3405,4622
33738,5835,6924
16820,3035,3562
20573,3615,4570
26929,4609,5598
17494,3007,3617
28031,4902,6143
52360,9031,10975
14979,2563,3097
14599,2498,3089
12622,2224,2748
3674,672,762
23406,4043,5100
14554,2687,3349
37474,6200,7632
3511,646,807
17125,3063,4015
10404,1778,2127
9810,1729,2200
9548,1667,2054
2170,380,449
118372,20232,25138
7889,1334,1765
3728,641,859
11507,1978,2367
8906,1479,1982
7291,1250,1537
20289,3471,4445
6769,1170,1439
10813,1863,2210
8273,1409,1876
17564,3043,3724
18526,3256,3931
54215,9288,10843
29882,5110,6195
8654,1467,1751
4251,705,901
22318,3895,4519
17080,2809,3849
13105,2270,2802
3299,546,693
904,153,202
17659,3090,3707
9569,1654,1945
5633,947,1267
2779,473,644
6297,1079,1316
6605,1097,1416
72683,12656,15021
10139,1761,2302
23719,4147,5172
22430,3885,4916
18107,3115,3684
12644,2165,2580
7600,1300,1653
11013,1909,2314
19545,3420,4044
23836,3957,4851
15564,2700,3437
12933,2231,2763
21687,3782,4579
17783,3123,3621
30767,5505,7448
24594,4297,5418
10440,1790,2242
33532,5855,7442
7974,1422,1875
20294,3618,4695
11185,1930,2330
21147,3575,4402
17449,2936,3650
12694,2122,2670
23055,3887,4656
16559,2781,3354
17905,3143,3850
18214,3251,4017
16624,2834,3539
21118,3538,4222
9441,1597,1968
1358,225,306
25123,4462,5653
17560,3117,3947
10499,1825,2175
56837,9855,12224
25014,4432,5561
35245,6031,7280
12948,2248,2847
16195,2861,3469
21745,3875,4779
11534,1957,2402
20955,3581,4439
8712,1568,1921
39860,7044,8669
14017,2343,2812
30302,5321,6427
2426,428,500
45091,7883,10020
41261,7168,8737
9228,1674,2134
19326,3415,4277
9569,1682,2188
38496,6791,8511
16572,3003,3504
15380,2675,3346
18988,3202,4182
2297,404,498
10089,1765,2121
5736,977,1189
3612,629,792
5884,1028,1222
15247,2628,3417
8721,1457,1843
39427,6579,7891
18233,3101,3757
16655,2821,3525
83984,14392,17055
16157,2776,3276
11024,1916,2343
19106,3362,4052
6826,1184,1609
9684,1670,2007
11806,2127,2658
44345,7684,8872
16816,2948,3659
5285,946,1248
13537,2301,3054
48229,8475,11037
10701,1834,2243
24088,4096,4902
34024,5694,7017
12329,2141,2718
28504,4838,5610
10151,1775,2210
9733,1659,2191
9452,1624,2042
14374,2495,3019
12375,2157,2704
41374,7410,9629
16843,3027,3694
17201,3028,3589
15072,2644,3338
19190,3362,4213
26477,4662,5723
16591,2996,3620
964,173,222
39172,6875,8461
9767,1672,2162
38856,6801,8154
24710,4351,5116
19140,3300,4357
13263,2328,3209
12881,2226,2751
15975,2804,3688
84906,14890,18604
31727,5591,6881
13376,2275,2844
13925,2363,3132
20207,3501,4170
12671,2187,2636
12775,2312,2830
12234,2107,2684
7252,1265,1644
31972,5548,6645
18774,3305,4089
7871,1407,1813
30606,5319,6750
11422,2009,2417
17487,3085,3678
15833,2662,3237
19089,3277,4016
137557,23977,29142
21747,3669,4525
2630,468,558
23207,3929,4741
18077,3027,3780
19067,3246,4025
44770,7537,10010
16459,2845,3692
28712,5021,6702
42448,7283,8805
9612,1652,2050
6664,1140,1369
10003,1715,2191
7006,1289,1561
19501,3399,4168
9815,1709,2083
16637,2877,3673
7814,1356,1697
9706,1658,2207
12494,2081,2641
8038,1393,1702
11411,2041,2582
9941,1707,2251
12292,2162,2703
21200,3738,4519
15010,2688,3097
15730,2756,3464
48350,8140,9703
72494,12267,15527
4783,809,1099
98473,16751,21198
18447,3158,3874
56240,9829,11967
39982,6901,8226
5654,983,1251
27612,4777,5864
32025,5512,6700
15576,2714,3487
39957,6907,8477
5562,961,1267
25899,4531,5522
16578,2826,3792
13441,2290,2815
26786,4623,5453
112517,19586,24319
13671,2391,3007
32974,5702,6831
5976,1033,1332
42977,7573,10313
20109,3504,4572
33442,5856,7249
23671,4239,5596
7284,1229,1510
118882,20736,24326
20514,3500,4066
13562,2438,2790
39321,6671,8130
40648,7009,8751
34149,5922,6834
32810,5506,6251
135800,23323,30591
22612,4037,4835
31424,5460,6688
37934,6655,8348
23376,4051,5092
18721,3153,4253
30611,5358,6551
18533,3183,3912
46386,8080,10540
12611,2192,2729
37062,6296,7830
3411,601,788
50336,8624,10603
7846,1336,1778
11767,2008,2441
476538,82302,98720
6727,1132,1402
12902,2318,2845
13563,2354,2941
7803,1335,1644
20184,3507,4382
13358,2338,2887
3359,598,786
7314,1298,1630
12026,2150,2736
8744,1534,1916
44532,7523,9720
13106,2289,3015
10363,1716,2015
8244,1441,1849
55504,9307,11305
16580,2851,3462
11290,2038,2541
31485,5419,6574
9284,1673,2113
24528,4436,5427
23828,4021,5137
28651,4890,5881
14935,2570,3131
19584,3473,4403
7546,1308,1562
13325,2308,2864
15811,2762,3594
12051,2110,2817
7762,1344,1680
35740,6279,7645
10694,1894,2463
44073,7566,9210
14313,2546,3123
27263,4661,6033
22999,4004,5217
7362,1327,1653
11422,1916,2310
13782,2317,2877
11020,1954,2400
5515,906,1235
22957,3963,5011
31389,5477,6986
11967,2141,2604
13593,2408,3021
18678,3229,4177
13754,2403,3026
44792,7683,9739
31104,5408,7047
54925,9399,12519
42247,7170,9130
14229,2469,3233
28417,4773,6249
15437,2606,3371
14919,2548,2989
20386,3537,4528
41006,7078,8195
12887,2289,2781
23875,4131,5185
5634,1017,1253
22068,3906,4731
20207,3506,4305
53398,9281,11804
20928,3681,4650
77874,13438,16790
38735,6869,8488
16501,2838,3786
29960,5201,6261
30250,5125,6494
5946,1054,1318
16011,2779,3525
12263,2141,2661
26184,4540,5991
15819,2642,3184
12142,2093,2656
15074,2648,3235
9877,1761,2113
13279,2380,2895
27731,4796,5779
15190,2760,3515
46242,7934,9253
19149,3273,3788
37066,6385,7762
27016,4795,6079
26905,4515,5550
39629,6848,8606
8777,1429,1728
14358,2588,3093
18072,3228,3922
108400,18380,23186
19564,3266,3950
12247,2017,2549
45373,7915,10464
14049,2417,3098
33513,5836,7106
42951,7617,8843
50377,8639,10479
31339,5284,6537
16024,2861,3567
15849,2728,3385
13347,2349,2943
25785,4524,5607
43179,7487,9152
20198,3503,4540
18145,3163,3918
10260,1774,2204
38776,6959,8924
20232,3487,4582
7041,1236,1498
20809,3785,4449
4245,733,894
12334,2105,2584
7614,1369,1657
20340,3430,4500
18696,3312,4370
19916,3476,4304
14905,2562,3211
7942,1352,1911
12581,2175,2610
17969,3201,3919
15720,2748,3384
14481,2555,3141
12276,2190,2790
14368,2555,3080
80858,14349,17390
36065,6292,7943
36673,6306,7909
41454,7173,8303
20745,3695,4919
17811,3044,3697
27569,4856,6209
16165,2828,3423
33145,5800,7350
14352,2443,2974
19882,3357,4055
7128,1202,1404
14371,2407,2979
66625,11748,14138
50809,8817,11546
30590,5237,6644
38967,6730,8164
8496,1425,1731
17172,2946,3612
14171,2429,2997
17633,3011,3858
37870,6624,8028
23400,4066,4853
67891,11337,15023
17891,3158,3880
7169,1257,1581
35425,5894,6988
21542,3791,4621
24786,4380,5555
17733,2930,3692
40747,7195,8789
14648,2544,3032
26805,4712,5810
41004,7447,9034
46010,7661,9118
49602,8343,10390
39215,6780,8140
16580,2922,3611
43226,7471,9172
5034,885,1086
13399,2388,2773
29437,4959,5859
40275,6890,8785
97467,16791,19974
19013,3338,4050
22404,3938,4810
174014,30741,37390
10453,1765,2258
15805,2721,3185
10723,1870,2293
10824,1907,2365
69007,12408,15258
9819,1731,2061
10404,1782,2289
82994,14257,17736
10944,1815,2280
28006,4810,5854
38904,6778,8064
26966,4536,5498
53016,9107,11710
20822,3676,4531
21467,3821,4840
20106,3613,4379
22789,4028,5070
18072,3202,4166
15794,2733,3483
8749,1520,1950
15907,2793,3384
29028,5245,6307
12901,2168,2753
15663,2649,3251
21252,3860,4636
26037,4466,5631
10036,1732,2107
24549,4270,5268
41826,7155,8634
36278,6342,7888
16391,2881,3662
31323,5446,7002
53240,9410,12000
21775,3814,4510
28391,4892,6362
12285,2111,2661
12595,2185,2756
10751,1898,2353
26973,4675,5984
32886,5670,6965
26773,4710,5848
9847,1747,2329
35464,5953,7122
14203,2457,2991
30685,5437,6750
12708,2279,2735
15179,2582,3266
27672,4635,5996
7855,1400,1678
26023,4488,5264
50898,9048,11886
68203,11229,14502
32008,5657,7248
10329,1831,2373
9173,1616,2069
14678,2483,3061
45066,7654,9557
111127,18991,23304
33980,5787,6914
51917,9279,11751
34512,5883,7030
19120,3389,4287
27856,4894,5976
34572,5994,7332
22459,4003,5118
22540,3977,5022
12732,2279,2926
17653,2942,3804
22368,3861,4864
56150,9640,12064
15454,2677,3238
15122,2540,3068
21251,3677,4451
34484,5980,7415
23278,4006,4974
35269,6085,7462
17728,3053,3849
17077,3084,3778
72257,12808,16051
8601,1521,2050
28056,4827,5896
6348,1070,1332
25640,4463,5821
28041,4899,5871
23581,4208,5250
8549,1462,1835
108697,18777,24707
115490,19471,24099
8843,1508,1913
40811,7161,8948
3419,614,688
40255,7014,8558
25230,4309,5320
15716,2654,3527
10351,1851,2254
73781,12661,15235
52326,8990,11208
86752,14780,20223
17743,3136,3890
27454,4670,6127
11413,2037,2459
23821,4095,5245
31884,5416,6438
8885,1566,1890
21669,3752,4469
63928,10984,13435
35923,6026,7368
29967,5160,6270
22204,3918,4899
8255,1398,1673
16987,2870,3640
16013,2780,3358
27384,4752,6166
32375,5641,6697
29855,5209,6412
22668,3870,4599
17227,3078,3855
17281,2957,3667
6668,1110,1372
26700,4495,5497
35511,6097,7377
6575,1161,1434
35315,6122,7591
16487,2876,3490
26690,4692,5823
8671,1562,1821
23418,4287,4955
27373,5004,6168
24317,4224,5078
18985,3342,4335
88977,14998,19911
41783,7397,9148
26054,4668,5939
23365,4104,5333
25157,4398,5547
32882,5849,7178
10417,1852,2348
26274,4546,5654
22919,3977,4985
6393,1137,1429
35907,6409,8385
127882,21682,26227
27435,4728,6031
39429,6873,8118
15989,2788,3673
32634,5687,7113
10376,1784,2204
19259,3393,4083
13851,2482,3117
31981,5554,6708
21018,3696,4458
10372,1781,2200
35545,6186,7502
35632,5953,7162
44108,7746,9565
14975,2724,3371
22471,3813,4770
11151,1965,2395
21272,3733,4534
69024,11706,14332
30249,5199,6359
22470,3718,4636
23665,4063,4938
27503,4889,5977
26254,4535,5653
16615,2853,3749
15733,2740,3222
29352,5220,6623
39485,6819,8291
15100,2597,3215
13519,2371,2957
67373,11374,14078
17431,3119,4154
18994,3357,4197
18885,3341,4127
76903,13587,16650
24865,4251,5561
19209,3381,4171
26654,4716,5659
72302,12355,15388
52951,9385,11501
187340,31823,38837
12680,2211,2762
27173,4627,5787
12631,2188,2512
72797,12934,14871
29691,5221,6026
32029,5451,7047
15385,2676,3392
15099,2731,3293
25853,4475,5620
18674,3274,4011
39844,6823,8770
17185,3015,3778
12779,2215,2792
8168,1416,1733
25030,4266,5066
13921,2337,2777
8243,1426,1720
22079,3758,4570
137637,23272,28654
11054,1909,2380
12754,2241,2785
20121,3363,4465
9376,1634,2082
22112,3751,4604
14403,2499,3219
30038,5171,6490
21786,3879,4567
21115,3720,4617
31632,5565,6868
14198,2519,3251
16281,2985,3769
111899,19581,23794
4244,725,921
14427,2594,3092
131504,23388,28544
16958,2875,3741
314722,52572,63359
19874,3421,4027
14496,2523,3135
33815,5873,7323
24578,4275,5084
18172,3142,3888
10922,1923,2384
24238,4359,5401
26741,4481,5317
27238,4583,5670
25127,4424,5393
64625,11004,12753
22659,4048,4700
40077,6792,8148
4749,823,1167
10075,1736,2175
24327,4233,5153
12397,2171,2704
87494,15417,19141
7925,1415,1728
17738,3062,3837
20866,3674,4421
23094,4051,4919
16319,2811,3431
17448,3014,3783
11336,1963,2403
13167,2206,2794
29184,4962,6056
4008,687,846
31951,5490,7035
23618,4247,5336
22871,3881,4882
20391,3617,4405
59775,10346,13402
16003,2814,3536
19105,3284,3926
34021,5899,6932
48528,8381,9994
114961,19641,24755
65370,11225,13854
11628,2043,2556
8808,1536,1889
23173,4067,5217
10056,1864,2187
22573,4032,4863
43028,7522,9408
19576,3418,4255
27598,4653,5642
63321,10709,13700
21212,3647,5018
27095,4828,5707
16783,2974,3795
50186,8744,10825
18510,3269,3881
23498,4062,5147
64649,11350,13710
27194,4528,6345
8964,1537,1969
29360,5168,6450
12160,2182,2713
15611,2705,3284
24131,4207,5397
26352,4404,5478
10234,1814,2177
58443,10321,12554
26656,4593,5910
22717,3982,4885
24144,4046,4913
11420,1985,2407
12780,2268,2927
15278,2655,3615
25927,4572,5448
7957,1373,1685
17442,3085,3614
25640,4470,5805
38853,6549,7947
11062,1904,2334
13983,2422,2922
33676,5996,7278
23994,4186,5096
58903,10678,13580
25382,4421,5316
26423,4515,5623
13694,2392,3027
12092,2148,2576
4375,750,938
19833,3436,4327
19514,3279,3962
21714,3935,5216
24139,4195,5130
9666,1684,2025
18617,3278,3938
6728,1202,1468
40485,7115,8621
28020,4854,5774
22768,4001,4852
13651,2346,2945
71091,12402,15345
9766,1693,2072
14532,2525,3112
8452,1490,1860
19584,3511,4416
35544,6053,7591
15132,2664,3176
19666,3350,4005
13336,2336,2884
19551,3456,4372
15038,2579,3278
21006,3681,4573
28661,4993,6364
23410,4025,4818
37336,6877,8228
26798,4683,5932
23740,4109,5111
14510,2665,3096
52004,9117,10677
65420,11060,13333
4811,853,1016
15666,2759,3430
20863,3567,4484
29926,5290,6441
6149,1094,1335
17337,2917,3574
26176,4482,5822
39328,6987,8402
13520,2400,2960
20172,3548,4462
9337,1686,1947
18268,3206,3890
31196,5205,6253
8770,1555,1887
13566,2452,2982
53726,9270,11892
20065,3454,4178
11200,1985,2421
57003,9844,12520
13214,2389,2914
7629,1356,1623
16376,2932,3502
31486,5468,7051
10295,1823,2303
23513,4056,4982
16138,2724,3565
45318,7705,9340
22920,4161,4992
16501,2837,3700
19885,3395,4189
17088,3029,3599
16455,2955,3765
14855,2544,3189
10300,1753,2176
14823,2549,3384
64804,11386,14252
27955,4873,5969
102280,16144,22348
40760,7466,9277
25864,4551,5795
12329,2092,2577
26996,4716,5905
21859,3889,4676
10739,1832,2331
27396,4568,5874
8746,1495,1803
20361,3633,4291
10497,1885,2235
5783,1012,1286
12494,2233,2715
25523,4505,5416
6443,1132,1316
24520,4208,5123
16477,2875,3443
11681,2008,2427
62056,10446,13201
22522,3753,4663
11065,1859,2375
11415,1949,2305
4667,789,952
4705,821,974
30817,5518,7130
18159,3235,4135
51495,9123,10872
24550,4258,5208
8860,1505,1896
14347,2563,3188
24546,4309,5371
16025,2753,3326
8200,1433,1846
24338,4264,5053
45617,8065,9839
19579,3520,4290
11738,2088,2623
19734,3383,4098
11966,2111,2563
31099,5485,6592
24176,4153,4978
57709,10090,12047
68261,11693,15648
13221,2204,2697
39975,6817,8418
20503,3578,4434
32668,5721,6949
11064,1841,2348
54182,9348,11311
14004,2332,2835
26954,4762,5692
12525,2219,2712
20969,3517,4684
22583,3887,4819
33951,5848,7044
26630,4491,6278
12031,2153,2622
18345,3242,3888
40284,6744,8139
18504,3234,3919
53814,9452,11508
228570,40415,51644
62466,10190,12430
33620,5675,7064
23701,4138,4989
6930,1154,1423
31832,5380,6368
35896,6189,7546
12737,2218,2878
47415,8133,9756
21920,3835,4900
25364,4437,5652
60850,10301,12452
38887,6669,8466
64718,11141,14195
28623,4903,6271
106078,18040,22699
20218,3564,4198
17278,3110,3917
20323,3599,4251
56317,9724,11535
31059,5262,6327
17883,3106,3954
80468,14049,17453
44166,7808,9667
10018,1740,2111
5287,896,1143
16764,3040,3572
30710,5148,6791
7721,1293,1670
9997,1693,2185
10922,1960,2453
9971,1728,2187
25506,4339,5454
6799,1169,1437
21575,3710,4387
12969,2362,2873
11877,2055,2589
34664,6015,7411
37067,6401,7840
32337,5679,7100
43206,7574,9359
10017,1667,2139
15338,2597,3185
32803,5616,6857
61933,10839,13305
11644,2020,2545
5087,919,1121
11319,1916,2430
14328,2506,2966
7596,1269,1671
12093,2169,2646
15439,2669,3198
31435,5327,6596
9671,1646,2097
8961,1531,1776
6271,1053,1469
4551,846,1080
14771,2664,3123
13252,2362,3030
3968,664,794
6915,1213,1439
22552,3892,4971
27769,4582,5403
30384,5391,6861
29995,5242,6502
37376,6490,8484
15481,2583,3219
16649,2854,3498
4212,691,865
39891,6872,8295
9589,1660,2207
10053,1699,1974
42311,7550,9208
8143,1424,1750
95396,16608,20131
29206,5095,6395
62768,11017,13492
10697,1864,2241
135837,23112,27620
28210,4786,6012
28515,5064,6296
19364,3417,4023
22396,3822,4693
6472,1129,1345
15623,2722,3319
41376,7134,8734
105200,18191,22052
22503,3794,4596
18363,3063,4125
11678,2039,2574
12235,2188,2596
20635,3501,4104
11302,2033,2491
8881,1538,1804
19845,3388,4017
20792,3498,4156
21997,3666,4369
16659,2891,3429
18946,3268,3882
8446,1434,1793
11682,2048,2457
32544,5335,6558
12614,2159,2892
51208,8857,11192
13770,2359,2969
19436,3410,4242
41400,7118,8500
13538,2328,2859
4313,747,930
25408,4314,5336
14866,2647,3264
21536,3783,4622
23730,4113,5101
37443,6432,8394
14444,2546,3086
8946,1580,1831
32723,5722,6827
7001,1213,1547
35941,6321,7666
17238,3087,3934
66486,11611,14394
21897,3873,4571
27716,4756,5549
16293,2791,3509
24007,4041,4868
30610,5179,6655
30028,5419,6746
10112,1765,2217
47850,7950,9516
26174,4422,5940
15772,2802,3468
41938,7477,8793
30309,5278,6683
26650,4738,5739
128982,22134,28838
11092,1953,2331
17698,2981,3451
12864,2329,2829
30181,5341,6219
4377,742,939
128680,22053,28523
13366,2287,2901
25749,4313,5556
21610,3725,4524
78108,13748,17014
53288,9295,11362
15076,2523,3041
36996,6302,7773
11608,1997,2413
9342,1587,1906
4991,851,1043
13187,2333,2842
12822,2231,2722
8917,1513,1905
19311,3285,3986
10056,1678,2109
7101,1258,1442
18562,3339,4369
14746,2612,3134
22737,3926,4704
12012,2075,2603
16086,2835,3650
53045,9263,11264
36371,6085,7214
8231,1400,1752
8055,1322,1586
69923,11712,14512
84837,14866,17958
19798,3536,4580
24684,4282,5169
38474,6725,8249
9019,1585,2020
76767,13851,16961
19104,3296,4044
7190,1270,1613
55318,9554,11479
14378,2413,2923
14010,2531,3126
13364,2191,2934
26406,4689,5699
36085,6124,7315
12396,2093,2668
9539,1654,2037
118603,20727,24909
11386,2008,2467
6285,1091,1391
17243,3132,4058
29161,5133,6198
9276,1632,1965
18136,3071,3676
41849,7106,8490
3616,611,734
12558,2193,2785
28577,5003,6229
17716,2980,3552
6468,1148,1384
4228,768,915
4276,775,922
14667,2577,2962
26763,4656,5822
26431,4484,5902
16845,2974,3687
12824,2238,2561
16053,2792,3338
38797,6601,7687
14151,2480,3146
40647,7033,8534
15644,2673,3323
24263,4298,5315
14586,2546,3279
12553,2264,2772
147576,25238,30036
40303,7074,8328
18085,3184,3876
13893,2416,2897
17024,2921,3698
20689,3614,4408
10035,1817,2256
20692,3615,4410
23840,4102,5015
16261,2910,3481
12940,2242,2824
25488,4680,5706
8905,1515,1889
9511,1645,1978
12595,2124,2733
7121,1278,1566
11726,2001,2440
7506,1317,1699
14468,2484,3181
4694,826,1045
23189,4037,4945
12591,2156,2600
29754,5301,6353
19217,3253,3960
16621,2880,3545
12057,2065,2565
18059,3112,3906
25220,4292,5880
23136,4036,4883
17649,3090,3589
22993,3901,4879
16342,2812,3433
39051,6650,8206
49751,8723,11034
58787,10432,12440
8077,1405,1715
17526,3000,3700
10863,1907,2451
20121,3518,4469
66300,11393,13402
21758,3732,4460
5691,975,1159
38127,6662,8018
13917,2382,3098
10559,1810,2265
42136,7328,8727
31172,5397,6616
20248,3490,4271
9683,1644,1975
22169,3840,4621
8418,1430,1792
16045,2849,3296
5050,873,1123
179511,31033,36697
18650,3195,3897
12488,2154,2674
10536,1796,2117
19238,3350,3903
14258,2330,2674
6001,1021,1315
20315,3455,4046
9843,1739,2043
14107,2457,3092
92509,16458,19294
27133,4622,5399
4761,847,1066
14868,2562,3139
14088,2468,2974
9337,1660,2008
9255,1606,1874
44941,7725,9652
21443,3713,4647
12930,2263,2774
18330,3284,4154
13822,2413,3108
23009,4100,4986
97622,16790,20403
8489,1435,1763
10698,1744,2257
12014,2079,2484
6534,1136,1435
12100,2132,2543
13675,2341,2880
31983,5758,7230
7781,1309,1599
10914,1865,2169
9418,1635,2055
13906,2424,2978
14310,2421,2942
17525,3003,3700
17731,3175,3941
10046,1748,2161
11661,2054,2484
23295,4250,5087
11441,2001,2604
10690,1854,2276
87551,15094,17604
27813,4695,5724
28674,5066,6313
34208,5994,8007
12573,2274,2745
33939,5890,7352
10163,1699,2014
68752,11822,13947
6950,1196,1507
19908,3458,4329
14935,2625,3171
11842,2017,2418
11846,2057,2595
13711,2420,2970
29963,5153,6622
26101,4409,5369
11217,1956,2232
10728,1948,2303
55622,9946,11781
44955,7715,9222
21829,3770,4606
27198,4683,5722
18758,3179,3800
9633,1720,2124
12697,2099,2417
12396,2140,2569
31574,5402,6461
28247,4909,5879
6438,1148,1492
8445,1519,1914
47017,8328,10150
14829,2555,3135
7678,1337,1535
6170,1059,1328
11806,2012,2644
74233,13359,16056
7847,1322,1691
2460,409,544
11936,2113,2609
19715,3348,3999
29630,5060,6151
8392,1465,1804
22950,4079,4866
15168,2598,3062
13751,2404,3008
36328,6579,8011
22815,4013,4813
12316,2199,2655
12281,2205,2662
19355,3353,4147
13355,2299,2763
6886,1177,1477
9949,1829,2299
33340,5601,6648
13565,2318,2715
26296,4563,5457
16905,2969,3814
11715,2092,2540
26472,4626,5718
9416,1613,2008
9279,1596,1903
9764,1699,1991
5256,892,1071
21311,3552,4345
19341,3350,4015
18477,3232,4050
12882,2277,2776
20950,3605,4462
8659,1551,1816
6745,1160,1475
11405,1963,2523
11684,2050,2490
10618,1793,2163
25682,4373,5153
11719,2040,2438
4752,842,997
27286,4649,5845
7433,1269,1642
8202,1410,1690
7324,1208,1520
72537,12525,15176
12998,2274,2949
15415,2644,3306
20737,3575,4949
10784,1833,2166
17659,3014,3691
14203,2305,3000
8201,1394,1700
41746,7134,8429
8920,1537,1804
15622,2667,3212
4952,832,1011
11613,1971,2374
10822,1910,2386
11928,2044,2656
7501,1330,1649
6736,1155,1433
11685,2023,2467
9807,1728,2187
8971,1576,1904
9782,1732,2136
16750,2995,3509
18715,3231,3892
18007,3001,3667
6507,1113,1400
5757,1004,1203
6897,1189,1391
11791,2021,2417
11159,1941,2480
10484,1770,2167
4578,804,947
17575,2963,3545
16705,2888,3389
18434,3220,3709
10923,1912,2301
8525,1474,1815
16215,2783,3616
14841,2494,3015
8603,1465,1768
40839,7171,9158
3766,638,843
11494,1995,2416
14076,2403,3077
11204,1934,2381
3024,520,668
5913,1037,1355
7381,1302,1622
10885,1903,2382
29646,5070,6183
13097,2254,2761
19812,3332,4212
8019,1374,1695
15627,2747,3315
18955,3387,4342
27722,4901,6383
12748,2261,2847
13879,2351,3133
24173,4168,5247
22132,3816,4799
27812,4853,5652
75643,13013,16353
8255,1462,1763
22632,3889,4986
9822,1763,2223
23862,4148,5209
23494,4197,5199
9638,1635,2048
26480,4701,6064
15293,2693,3531
22047,3838,5003
8804,1485,2002
15689,2609,3381
5974,1043,1282
10157,1772,2128
36966,6508,7747
13913,2570,3214
11094,1942,2391
29020,5153,6496
8754,1466,1864
8504,1467,1792
18891,3301,4209
12178,2202,2721
16650,2964,3756
14931,2718,3152
19091,3243,4240
22315,3937,4705
10194,1740,2120
13443,2314,2719
27438,4803,6068
9570,1650,2016
8333,1430,1694
11780,2020,2430
14890,2539,3246
15535,2708,3332
6375,1128,1472
11038,1965,2343
5848,1061,1299
35440,6178,7430
5345,938,1206
18507,3239,3994
5133,850,1072
47664,8105,10181
7458,1273,1485
4693,831,1072
6394,1162,1433
62753,11212,13908
14154,2435,2953
5937,1042,1241
10365,1775,2112
14707,2633,3209
12629,2147,2708
16748,2766,3496
12445,2165,2429
32965,5743,6841
4571,765,895
17124,3012,3588
13237,2243,2751
21848,3826,4731
15370,2749,3436
5147,936,1252
12646,2228,2739
20889,3609,4572
11982,2117,2726
16380,2852,3455
37899,6470,7482
30263,5350,6698
7918,1391,1711
27695,4909,6110
9700,1713,1994
5766,991,1239
15436,2734,3274
15470,2726,3462
23826,4196,5236
17545,3037,3939
12277,2039,2741
1897,316,395
28855,4962,6110
35885,6203,7364
21542,3679,4675
12748,2173,2609
17274,3066,3828
47875,8190,9570
48250,8448,10200
13315,2308,2959
16819,2941,3578
13396,2269,2984
22695,3882,4881
61460,10459,12863
89994,15575,19556
21378,3701,4476
19541,3495,4345
18458,3234,3973
5849,992,1295
28177,5026,5993
17940,3091,4014
59940,10238,12433
9060,1620,2050
15305,2707,3315
22387,3911,4974
3289,579,720
15432,2691,3020
43023,7286,8907
9600,1694,2092
50144,8542,11165
41560,7344,8739
20826,3633,4637
23355,4169,5074
23553,4169,5060
22600,3908,4922
8352,1483,1872
12709,2177,2573
11448,1948,2264
62067,10476,13006
12566,2248,2837
20014,3580,4650
28664,5150,6319
365089,62098,75319
28168,4754,6050
18374,3213,3941
32713,5655,6949
11952,2054,2504
37133,6600,7775
15300,2680,3208
26364,4556,5795
32455,5506,6629
12740,2204,2747
19864,3448,4120
8184,1421,1696
6462,1140,1450
19527,3503,4219
12820,2180,3019
4594,803,1011
12861,2124,2668
12957,2256,2859
14490,2570,3121
31365,5604,6791
12014,2106,2745
8943,1502,1917
16283,2765,3466
13915,2394,3179
14864,2617,3306
27558,4605,5734
4402,749,1008
13290,2261,3100
14973,2558,3371
17927,3066,4019
13332,2348,2875
16055,2652,3120
41856,7239,9306
39990,6736,8206
30457,5343,6684
14316,2429,2974
54293,9281,10894
15803,2745,3393
11557,1933,2346
6474,1133,1523
61078,10634,12895
26467,4549,5539
14775,2604,3153
26888,4505,5449
19845,3440,4063
24721,4141,5100
3856,676,890
14276,2454,2905
19615,3459,4298
29974,5223,6535
15248,2589,3205
4831,836,1113
10436,1876,2311
11078,1943,2359
46751,8214,9806
12943,2210,2735
16176,2659,3411
6303,1135,1403
24010,4211,5151
23123,4081,4906
26298,4415,5083
14010,2409,3072
28628,4923,6346
32739,5714,6755
11399,1890,2342
16226,2833,3520
63531,10686,12674
7681,1285,1501
16591,2959,3411
13026,2320,2809
23873,4217,5264
6143,1140,1496
51399,8878,10772
15634,2786,3380
39413,6807,8358
35451,6137,7475
48337,8424,10147
72897,12824,15957
22379,4033,4851
21826,3847,4807
6825,1128,1477
27507,4793,6189
50715,8602,10659
57983,9625,11467
15723,2830,3300
30190,5229,6282
24694,4391,5443
21212,3633,4726
8283,1463,1705
20725,3552,4739
35551,6187,8460
30636,5323,6772
27096,4754,5732
28005,4782,5906
18834,3268,3885
12229,2133,2695
12156,2124,2521
20554,3608,4290
33817,5990,7510
47614,8117,9513
28093,4806,5569
16374,2898,3498
92150,15780,19051
28268,4749,6150
10056,1755,2254
16367,2925,3509
28276,5083,6161
30219,5253,6326
56834,9633,11841
13046,2347,2712
55222,9392,11758
9129,1674,2088
9083,1591,1936
10955,1910,2690
26805,4483,5800
6219,1068,1352
41063,7180,9035
19402,3496,4341
13644,2359,2850
39867,6979,8664
30710,5366,6367
72735,12486,15955
31733,5527,7089
28828,4982,6182
7317,1300,1693
12024,2133,2674
87181,14898,18354
9207,1615,1949
63960,11302,13861
2010,345,433
6638,1139,1413
8882,1540,1829
16648,2875,3706
18965,3390,4104
32112,5532,6492
13682,2343,2953
33381,6025,7022
21236,3626,4268
7465,1280,1535
8621,1532,1830
41347,7192,8578
10637,1755,2214
10708,1900,2415
40420,7100,8542
8401,1458,1843
11888,2094,2398
8338,1431,1810
18636,3212,3971
13777,2460,3053
46932,8282,10274
14224,2476,2877
200797,35962,43321
19352,3293,4014
8871,1600,2020
16133,2892,3382
13516,2411,3188
12695,2222,2728
9185,1617,2146
14950,2664,3372
20783,3766,4622
69522,12601,14567
16773,2894,3720
6711,1177,1569
15591,2640,3256
22813,3894,5049
33534,5976,7245
9784,1688,2094
14218,2557,3109
10393,1908,2252
83517,14579,17762
30393,5363,6359
136912,23410,29042
64416,11447,13755
19719,3196,3831
10229,1861,2193
62722,10753,12770
129839,22719,28183
13771,2437,2877
25192,4211,5329
15822,2812,3623
11854,2053,2494
28768,5062,5940
6401,1083,1268
15430,2704,3215
22632,3909,4668
16578,2921,3615
6560,1149,1414
21989,3854,4916
15487,2643,3493
3142,553,672
12388,2170,2702
11985,2082,2563
26646,4610,5795
8960,1556,1924
20402,3515,4335
29860,5215,6978
20267,3528,4282
117522,20286,25647
38191,6588,8266
39300,6830,8403
13015,2300,2763
33870,5837,7656
112131,19811,24982
9210,1582,2104
29922,5261,7064
13732,2411,3012
12706,2226,2616
24386,4327,5297
29121,5220,6418
19807,3428,4152
7530,1308,1632
5988,1030,1326
9080,1631,2063
30774,5129,6667
8842,1528,2055
17569,3177,3854
25458,4438,5457
43706,7701,9323
13697,2408,3045
41207,7233,9294
11313,1938,2391
19336,3264,4027
13735,2385,3000
45651,8098,9988
7994,1391,1820
13754,2356,2962
20309,3553,4486
18729,3282,3878
9430,1667,1999
43858,7741,9282
13087,2333,2840
5706,1008,1196
46054,8187,9889
16468,2808,3386
8710,1560,1887
5684,1010,1258
33130,5916,7484
21813,3845,4944
4284,771,987
10708,1942,2442
19142,3305,4185
17040,2950,3838
11189,1919,2398
6495,1146,1394
33652,6017,7308
25991,4551,5616
8390,1449,1876
15010,2559,3062
21876,3970,4823
39941,6975,8784
23796,4180,5238
31012,5417,6317
8464,1438,1761
11865,2167,2747
20287,3572,4384
46612,7811,9208
7881,1389,1745
6151,1059,1292
6669,1203,1490
4381,752,973
5630,1006,1277
7451,1269,1646
17646,3065,4135
33900,5849,7588
14408,2488,3179
11551,1942,2552
7727,1290,1714
9686,1650,2057
28141,5003,6489
13257,2276,2753
26513,4585,5567
15942,2689,3487
29500,5158,6188
6121,1070,1289
16140,2764,3329
15052,2632,3267
29515,5129,6143
51789,9176,10766
29488,5112,6216
11736,2035,2352
11023,1941,2383
13556,2367,2839
12942,2302,2725
11911,2090,2546
72828,12816,15891
19998,3494,4305
19612,3410,4076
11317,1971,2649
30047,5230,6395
12138,2123,2678
43845,7770,9841
15402,2695,3404
25541,4526,5265
9550,1642,2145
7010,1253,1778
18969,3427,4044
9285,1604,2055
35482,6117,7224
47015,8135,9892
17820,3185,3823
10075,1773,2210
16592,2978,3645
21004,3615,4243
18167,3190,3797
16742,2974,3622
23959,4050,4929
12020,2111,2508
14620,2567,3158
37531,6516,8128
253854,43487,56461
13125,2242,3000
16099,2738,3351
11308,1993,2482
16562,2856,3497
20042,3452,4182
30566,5247,6488
32183,5485,6674
275480,46501,56917
8763,1501,2034
14324,2516,3230
26857,4713,5704
41576,6993,8550
52382,9252,11121
15371,2761,3483
91742,15293,18714
28843,4832,5797
22517,3938,4942
7308,1327,1556
24516,4299,5145
4707,795,1003
63470,10717,12705
15256,2549,3103
38619,6841,8498
17292,2979,3505
17417,2952,3841
28873,5266,6504
8805,1522,1762
8206,1379,1718
27670,4836,6516
9319,1682,2090
5800,1022,1350
7556,1317,1554
25633,4490,5534
24153,4140,5270
59572,10427,12856
36258,6331,7710
11845,2029,2540
20306,3643,4463
9947,1732,2095
4732,810,1140
8971,1553,1881
17193,3076,3846
85874,14970,18404
5078,867,1022
21893,3823,4612
7826,1357,1753
4829,856,1123
18182,3224,4324
24813,4287,5332
11269,2049,2439
10489,1794,2495
57921,10198,12982
17672,3201,3992
28698,4984,6610
25870,4564,5592
10345,1902,2300
22870,3926,5015
66861,11436,14482
16295,2738,3557
14200,2456,2897
65870,11688,14574
6268,1148,1441
2578,450,570
7341,1302,1536
12586,2240,2725
115281,19614,23491
27192,4717,5945
17704,3100,3702
99954,16870,20864
23606,3991,4708
95694,16585,20294
11525,1997,2589
25640,4394,5116
45409,7827,9665
27718,4884,6152
4911,853,986
22107,3896,4780
14017,2437,2958
14811,2547,3019
34795,5949,7103
5788,1038,1327
25615,4481,5535
12990,2279,2900
6845,1201,1528
11867,2040,2503
20688,3640,4528
55398,9667,11769
12393,2146,2684
30226,5460,6600
15550,2651,3448
8988,1603,1930
9756,1629,2036
274637,47485,60852
31129,5324,6561
12605,2204,2764
68552,12342,15772
14418,2586,3181
58785,10214,12578
13679,2414,2899
40484,6954,8581
11957,2134,2729
6630,1154,1564
10474,1869,2219
14489,2552,3089
12860,2293,2973
16548,2823,3413
20806,3686,4244
9267,1591,1947
42480,7553,9577
26969,4696,5508
12105,2107,2465
42081,7510,8934
11763,2014,2520
47329,8260,10281
13958,2447,2848
26999,4775,5813
9125,1580,2011
27961,4790,5793
9140,1586,1876
4682,833,1052
13731,2389,2924
30096,5276,6454
29418,5174,6290
30469,5332,6371
10858,1830,2354
12379,2148,2602
11896,2098,2513
28788,4858,5669
13209,2262,2635
26880,4601,5555
17123,2980,3653
46043,8121,9754
15787,2705,3186
8874,1481,1789
29439,5121,6120
15641,2670,3419
12585,2153,2599
18647,3233,3910
8884,1571,1893
28944,4859,6406
9129,1611,2060
27050,4654,5892
35806,6284,7934
33244,5447,6585
23344,4110,5425
15431,2697,3162
15412,2764,3403
11264,1976,2414
34115,5684,6797
42619,7365,8617
20105,3501,4213
25653,4436,5308
26617,4691,6043
20396,3673,4644
23543,4152,5040
12136,2137,2667
6864,1216,1498
35764,6366,8030
21566,3555,4441
22579,3872,4936
105016,17548,20959
50908,9046,10580
45375,7965,9920
8062,1462,1845
40684,6722,8205
19322,3305,4081
14443,2454,2992
5697,1008,1197
43458,7367,9203
34520,6116,7290
6300,1055,1272
21721,3798,4876
57743,9855,12232
17578,3070,3618
16330,2880,3534
45728,7936,10050
28627,5075,6160
7042,1186,1474
25222,4392,5783
11661,2008,2476
61531,10215,12497
16936,2973,3638
22399,3933,4752
15764,2765,3255
12549,2176,2708
40112,7133,8431
24320,3961,4811
13882,2424,3073
20992,3576,4417
14468,2492,3062
11924,2069,2455
19608,3284,4172
25913,4646,5602
14853,2641,3277
41095,6963,8661
13319,2320,2804
16652,2941,3529
31666,5281,6263
16523,2932,3550
34235,5768,7137
16800,2993,3740
12230,2184,2734
33212,5692,6910
25738,4365,5717
19437,3420,4462
14485,2518,3052
17120,2908,3621
13532,2255,2711
18961,3217,3985
23450,4055,4903
10997,1810,2252
21970,3956,4826
42680,7357,8776
44026,7693,9607
3823,644,838
48144,8389,10235
23807,3999,4991
75652,13213,16496
17732,3140,3810
21690,3836,4663
24394,4120,5092
14735,2673,3297
6790,1210,1527
10489,1861,2277
11841,2145,2581
12086,2126,2598
22415,3836,4437
14561,2519,3103
56583,9904,12796
39462,6961,8401
11871,2060,2491
7805,1391,1707
59412,10609,12970
7859,1406,1770
26263,4588,5766
10184,1773,2241
10179,1802,2244
15755,2714,3484
29094,5033,6228
69757,11670,14501
58051,10136,13551
29145,4960,6334
12423,2126,2709
16029,2789,3465
41281,7078,9053
6776,1180,1495
19036,3285,4169
13495,2389,2997
45517,7889,9666
17182,3150,3875
17117,2816,3693
29118,5060,6470
17415,3009,3569
11631,2002,2547
13758,2450,3009
17797,3051,3569
27222,4703,5794
43685,7549,9293
9066,1612,1970
23452,4047,4801
22959,4043,4980
10614,1808,2073
10377,1844,2248
43844,7395,8940
16335,2906,3489
38682,6922,8456
10715,1848,2260
56611,9812,12074
23010,4148,4962
13382,2252,2679
57298,9956,11996
5939,1016,1283
23591,4133,4960
7682,1337,1568
23401,4002,4866
16276,2945,3591
13200,2236,2796
14834,2620,3052
8527,1451,1856
13116,2296,2868
12241,2201,2734
39694,6831,8153
37004,6312,7730
34423,6032,7213
53737,9591,11628
30290,5117,6152
62608,11108,13731
30771,5380,6813
25108,4560,5682
15740,2842,3731
17836,3120,3607
14923,2524,2910
25677,4463,5295
20687,3676,4695
7275,1212,1765
20476,3621,4835
180119,32272,42325
31460,5416,6688
41685,7254,8698
17507,3000,3707
21647,3712,4583
17012,2961,3525
23804,4286,5303
77133,13287,15956
46367,7841,9573
13389,2368,2882
9499,1699,2105
181466,30681,36247
6340,1110,1373
10294,1784,2103
9507,1661,2092
35763,6152,7281
7072,1251,1585
32270,5706,6852
4106,708,935
19521,3377,4205
5996,1013,1465
3156,552,658
6197,1066,1306
33464,5755,6992
13839,2454,2998
16800,2894,3552
21006,3609,4271
30620,5317,6366
9410,1528,2059
17669,3121,3744
21002,3596,4265
12288,2134,2536
25472,4431,5977
2618,413,511
50418,8866,11001
23678,4015,4730
12371,2105,2668
24428,4285,5322
3314,597,765
5399,952,1241
18231,3141,4121
20254,3392,4205
17021,3067,3760
6668,1176,1485
8359,1496,1859
92860,16082,19160
19104,3240,4265
4015,705,827
35688,6114,7830
17855,3143,3997
16047,2756,3690
6858,1241,1569
27640,4684,5625
26204,4608,5961
47693,8511,10216
11716,2066,2645
22164,3865,4915
7716,1337,1677
26955,4680,5937
7151,1252,1610
22410,3741,4911
10035,1778,2176
17370,3021,3641
43114,7592,8711
11107,1923,2354
37427,6459,8105
11099,1969,2801
24640,4386,5152
10701,1908,2239
29064,5078,6232
21727,3783,4538
6327,1117,1382
138688,23876,28875
72705,12851,15608
16450,2873,3376
42360,7603,9306
13500,2314,2856
33179,5826,7097
15132,2722,3312
20021,3383,4226
22914,3928,4645
16407,2905,3541
23267,4062,4716
11027,1885,2287
26108,4525,5316
25235,4154,4995
18129,3224,3813
40837,6984,8751
18222,3246,3900
25919,4401,5288
36752,6466,7954
43153,7398,8946
40083,6950,8620
35109,6275,7377
10631,1802,2079
28224,4941,5861
18352,3295,4043
5911,1045,1343
12089,2046,2640
12584,2234,2886
105796,18478,22593
24027,4253,5136
6163,1096,1446
20884,3628,4349
28596,4946,6087
21660,3764,4529
25142,4550,5788
16079,2713,3163
21856,3680,4868
19460,3418,4125
11500,1985,2359
21961,3914,4736
50233,8832,10800
21600,3692,4397
15616,2726,3364
19430,3313,3890
16491,2950,3709
24429,4209,5249
24301,4346,5350
14085,2447,2915
10447,1801,2135
14287,2416,3034
13928,2477,3193
24744,4169,5927
6277,1084,1259
20954,3612,4480
22027,3799,4492
18688,3211,3857
6588,1170,1459
27447,4702,5766
23984,4214,5039
19144,3307,3970
38908,6809,8240
33040,5724,6963
15356,2748,3345
17103,3024,3764
59659,10631,12578
25686,4494,5379
27939,4940,5931
7547,1308,1607
95857,16668,19694
248527,43076,52042
14618,2539,3047
18865,3303,3934
53514,9679,11626
9594,1636,2138
7686,1339,1611
16268,2751,3402
15951,2793,3366
7369,1339,1530
39588,6827,8104
28812,4914,5962
36708,6202,7800
13456,2317,2783
20564,3761,4657
20830,3605,4384
9960,1792,2210
153364,27145,32347
36159,6340,7571
24964,4271,5143
11257,1925,2368
9397,1639,2010
47245,8344,10183
23925,4263,5203
28345,5059,6150
47086,8150,9802
43896,7801,9983
39019,6751,8174
16098,2740,3176
16624,2944,3826
26805,4498,5625
19049,3413,4351
26904,4596,5530
63344,11110,13238
15626,2698,3444
21047,3682,4750
36481,6307,7837
56516,9509,11407
49412,8802,10876
17540,3046,3637
13620,2398,2856
27512,4683,5652
143643,24833,30448
130978,22508,27576
27626,4778,5769
31021,5449,6899
25572,4391,5335
57725,10062,12512
20563,3601,4306
1174,202,304
23334,4107,5180
40180,7211,8737
12380,2156,2634
32310,5392,6947
16757,2988,3789
18714,3300,4323
31412,5393,6366
31241,5430,6770
24131,4127,4978
18983,3205,4001
20898,3490,4423
19062,3268,4081
12947,2259,2818
33217,5732,6825
38872,6700,8112
10851,1923,2394
32905,5796,7090
27784,4890,6363
17022,2934,3524
5163,912,1210
23390,4098,5027
27598,4854,5661
38888,6558,8043
15495,2658,3372
27118,4759,5614
27488,4875,6004
23164,4096,5169
49149,8463,9983
24726,4517,5522
15227,2818,3465
29659,5207,6176
40292,7057,8630
94133,16170,19532
17382,2926,3460
45141,7756,9652
11099,1877,2450
29697,5019,5896
14071,2412,2899
15683,2725,3448
11847,2081,2609
11077,1940,2336
73387,12792,15304
5847,996,1222
51655,8878,10913
91704,15615,18584
12178,2117,2582
19465,3387,4264
35630,6047,7387
17626,3068,3697
11652,2058,2555
4807,870,1105
19673,3476,4268
21870,3790,4628
6859,1221,1518
13874,2466,2997
8691,1452,1752
12578,2195,2750
7152,1229,1557
14355,2495,3109
19466,3419,4100
34569,5942,7514
10520,1781,2176
7186,1235,1551
66721,11998,14481
20238,3473,4806
12133,2129,2558
222236,37674,46186
20673,3512,4341
28966,5201,6272
10491,1887,2188
26405,4636,5791
30313,5349,7661
41180,6941,8160
17059,2932,3581
45224,7756,9218
7641,1318,1685
25800,4541,5513
26102,4574,5334
45114,8161,9896
14509,2511,3089
101621,17984,22110
29587,5139,6132
33961,6015,7277
21866,3825,4813
61194,10426,12638
30223,5481,6404
12967,2264,3088
12134,2204,2757
27228,4808,5928
5778,1002,1212
11488,1973,2416
35963,6130,7463
24117,4134,5258
10636,1884,2318
12885,2288,2714
35927,6074,7412
70161,12159,14548
81146,14429,17548
69791,12232,16098
73702,12880,15431
26225,4636,5683
76623,13102,15910
38612,6711,8127
16925,2955,3821
7249,1213,1419
28038,4729,5641
19159,3286,4072
22645,3913,4908
20285,3605,4423
17757,3054,3900
18701,3376,4179
12426,2149,2714
27230,4692,5660
16091,2790,3335
15742,2724,3172
14842,2577,3246
14339,2515,2980
9942,1806,2134
20675,3627,4435
20667,3639,4416
9512,1660,2034
12072,2138,2702
141733,24560,31319
10659,1844,2217
8323,1394,1752
7507,1309,1688
11786,1923,2367
32000,5616,7156
13758,2414,2927
19001,3327,3872
19180,3450,4404
27322,4695,5814
9633,1703,2137
8052,1328,1704
25648,4511,5616
18832,3213,4345
44370,7765,9160
19629,3449,4349
21832,3837,4560
39451,6778,8650
78576,13606,17527
16123,2838,3361
15759,2693,3348
18251,3026,3758
23603,4090,4872
23330,4093,5246
17869,3181,3999
7890,1365,1636
6935,1200,1378
22152,3928,4692
18325,3295,4050
8682,1561,2010
23153,4026,5020
52954,9436,11135
11782,2048,2432
25379,4434,5426
64524,11741,14096
27647,4605,5725
18776,3238,3953
42265,7315,8901
24410,4220,5002
31107,5214,6231
24830,4351,5329
12573,2206,2765
47310,8195,9787
16243,2770,3610
94419,16409,20129
17981,3084,3784
31730,5611,6822
8931,1611,1889
17699,3081,3676
15741,2712,3376
17927,3116,3734
7874,1371,1788
7026,1267,1648
59697,10244,12964
18255,3246,3926
27846,4727,5510
12208,2174,2649
20462,3607,4178
11604,2011,2318
11565,2014,2331
13886,2479,2904
31199,5369,6513
13269,2265,2696
31564,5467,6982
13988,2453,3280
90248,15943,19112
19626,3430,4178
19276,3266,3984
19003,3326,4288
9324,1541,1985
17387,2998,3606
24625,4269,5427
9865,1768,2285
15157,2614,3189
19014,3185,3952
20980,3575,4479
23093,4054,4951
11704,2056,2604
17375,3022,3657
13906,2383,3032
14759,2467,3059
10673,1921,2346
21822,3715,4308
14919,2682,3347
6251,1077,1360
16707,2953,3597
26977,4677,5755
37509,6842,8062
15216,2687,3339
40687,7184,8375
21096,3618,4378
6803,1194,1422
8138,1427,1873
13338,2358,3109
20498,3628,4315
31409,5428,6666
23587,4135,5086
18710,3255,3939
22405,3875,4778
10972,1825,2380
1445,251,346
11116,1966,2495
21780,3786,5254
7453,1284,1711
22453,3965,4964
13695,2496,2951
17342,3058,3797
25126,4405,5279
31333,5169,6509
18660,3343,4030
14634,2549,3265
25572,4312,5299
14927,2571,3164
20922,3615,4586
14770,2453,2968
72191,12517,15273
32570,5551,6642
17486,3085,3832
24510,4280,5356
18432,3115,3955
12868,2219,2607
73182,12376,15160
23181,4080,5100
21053,3459,4025
37920,6662,7867
9819,1732,2029
35974,6221,7651
17220,3058,3830
28426,4959,6283
20203,3524,4334
28866,5211,6629
15092,2671,3196
20348,3491,4332
26377,4503,5677
26646,4543,5652
9138,1635,2001
37214,6694,8058
15043,2629,3412
11347,1995,2602
20841,3580,4617
12612,2227,2883
32934,5991,7764
48905,8533,10772
29999,5293,6658
30806,5205,6172
36334,6297,8171
10126,1792,2123
11663,2009,2523
7914,1370,1726
10601,1856,2293
24306,4303,5475
30273,5358,6294
26821,4693,5508
11431,2077,2669
23767,4267,5221
17465,3011,3923
11073,1961,2405
13974,2415,2853
38348,6701,8160
27657,4718,6307
10595,1948,2398
103016,18041,21655
14406,2466,2960
19037,3438,4265
80450,13615,16152
11782,2190,2700
15534,2759,3552
11767,2021,2421
13761,2346,2818
20423,3591,4630
16358,2901,3530
22156,3778,4707
16619,2876,3400
15841,2696,3230
12249,2126,2445
14875,2708,3340
34408,6221,7642
18544,3243,3877
10401,1843,2320
24589,4219,5391
25692,4581,5434
24417,4436,5424
11663,2011,2490
33873,5934,7178
5569,964,1236
24889,4319,5247
252782,43290,53916
22652,4103,4843
14333,2528,3180
22437,3858,4481
38587,6596,8155
8887,1538,1876
10529,1828,2291
11762,2189,2764
30914,5482,6532
14790,2546,3372
43860,7473,9746
10812,1914,2269
14898,2685,3231
27804,4743,5854
21029,3693,4518
5988,1014,1321
20610,3538,4345
12336,2088,2961
11527,1928,2423
43442,7638,9051
14849,2561,3170
20544,3520,4264
7857,1398,1825
18433,3172,4036
17884,3133,3688
33445,5558,6737
38802,6768,8016
10731,1783,2124
20955,3484,4430
14717,2597,3223
28689,4972,6309
15018,2644,3308
59744,10418,12846
27523,4761,5865
20622,3564,4541
33324,5784,7283
46474,7852,9981
12657,2190,2699
21305,3568,4399
18458,3187,3982
14000,2459,3017
15301,2648,3196
11951,2140,2661
21911,3832,4584
15392,2680,3232
24833,4325,5409
28715,4988,6007
21204,3723,4728
18140,3073,3881
17797,3000,3582
15194,2491,3002
44806,7584,9348
26284,4606,5686
21911,3712,4711
26610,4630,5645
14690,2634,3229
33367,5904,7332
26927,4786,5823
15529,2703,3239
18728,3205,3980
9015,1540,1874
14959,2611,3281
25394,4441,5528
51212,8968,10494
20879,3615,4253
20744,3694,4471
14057,2497,3369
54091,9336,11375
16591,2756,3352
16196,2801,3589
13811,2424,2892
84513,14552,17761
14687,2564,3142
43504,7602,9106
16398,2859,3534
11813,2020,2545
21925,3762,4352
7610,1340,1648
12155,2076,2631
15559,2759,3286
13170,2304,2806
11420,1959,2411
11949,2135,2723
28000,4687,5618
9686,1707,2020
17548,3054,3810
42806,7480,8965
24936,4299,5177
16876,2939,3620
20848,3653,4611
10751,1802,2476
10069,1684,2153
14255,2562,3071
19469,3409,4188
40021,7191,8237
19612,3514,4351
11180,1911,2334
15564,2707,3566
19428,3403,4172
31693,5565,6787
5807,986,1206
41564,7217,8901
27041,4677,5917
10359,1934,2315
28549,4830,6160
14326,2488,3005
16058,2816,3564
16060,2843,3637
11577,2106,2569
24432,4280,5232
13966,2430,2929
37314,6561,7974
12550,2145,2757
6938,1221,1541
12571,2284,3036
12370,2132,2551
48803,8539,10501
9386,1600,1967
38424,6696,8152
41590,7341,9386
25073,4391,5271
20520,3449,4307
7826,1421,1788
22204,3788,4721
23427,4020,5059
9841,1800,2091
75486,12753,15934
12053,2099,2697
7321,1254,1538
14893,2520,3187
40195,7015,8679
11743,2080,2546
54459,9502,12115
64879,11520,13894
45080,7809,9481
167356,29213,34447
15796,2832,3378
101199,17372,20862
17058,3041,3560
16301,2831,3333
10023,1775,2265
68293,12359,14977
16382,2861,3645
45649,7981,10230
15873,2737,3411
46375,8107,9963
11044,1998,2651
6321,1115,1350
57025,10163,12058
39753,7066,8676
16742,2991,3597
3440,606,724
24477,4252,5325
20774,3412,4051
20291,3562,4787
15191,2716,3310
17680,3189,3797
16353,2999,3534
15011,2577,3176
35761,6054,7398
14326,2518,3046
12727,2135,2661
15030,2554,3374
26700,4781,6167
28878,5108,6369
33073,5624,7096
19529,3317,4090
9349,1664,1995
23722,4099,4984
23679,4205,5360
37910,6721,7952
22430,3834,4486
42289,7403,8875
37207,6232,7558
34355,5889,6914
14785,2490,2992
14968,2569,3214
24561,4401,5605
9699,1721,1998
8548,1456,1868
27559,4813,5895
15702,2813,3623
15063,2572,3379
17003,2865,3543
16958,2916,3453
8851,1489,1776
21164,3664,4507
66468,11926,14228
23837,4210,5217
26247,4553,5522
26754,4752,5562
7684,1328,1669
13637,2272,2742
23304,4177,4988
9673,1660,2102
17467,3121,3705
8069,1404,1834
41369,7366,9073
19362,3244,3851
30198,5418,6351
30853,5404,6626
228967,40513,49353
23740,3995,4934
36403,6484,7782
7443,1278,1648
8063,1436,1741
24409,4259,5335
16957,3036,3606
13785,2362,2851
20847,3454,4145
13066,2266,2938
17162,2943,3677
8796,1530,2056
8408,1441,1804
10700,1910,2314
10043,1766,2235
22577,4000,4816
6621,1185,1415
11530,1917,2519
26071,4654,5790
15127,2680,3242
36783,6517,7728
22802,3875,4935
94204,16775,20381
31047,5372,6647
19968,3449,4526
40073,7090,8879
8146,1402,1684
43691,7620,9299
26273,4673,5676
16651,2868,3485
14716,2596,3180
14277,2483,3017
16885,2812,3446
12604,2136,2743
15004,2605,3154
32772,5731,7107
31566,5454,6838
10513,1862,2452
11593,1982,2592
12359,2104,2629
5602,1023,1199
83719,14669,18496
16836,2815,3501
7741,1349,1724
36595,6352,7940
14968,2597,3251
16330,2842,3531
31253,5522,7108
13564,2301,2818
10424,1810,2205
12374,2108,2589
9764,1695,2016
11540,1953,2412
14137,2493,2953
17874,3153,3807
11556,1962,2444
8403,1491,1865
12633,2246,2807
33308,5796,7031
26167,4513,5945
24591,4207,5143
27139,4766,5779
28388,5019,6325
13594,2398,3253
18654,3223,4001
12467,2227,2691
19535,3458,4075
52547,9053,10845
79462,13439,16630
32312,5732,6740
13191,2344,2843
8945,1571,1956
8269,1389,1889
14522,2483,3001
19883,3602,4415
10822,1909,2725
11217,1981,2481
13410,2338,3081
24664,4372,5563
8719,1470,1791
9224,1662,2077
13546,2325,3026
15200,2663,3295
19306,3259,4284
22994,3977,4895
7307,1252,1649
9391,1668,2203
42732,7411,9025
8491,1463,1862
40466,7234,9141
14273,2606,3332
6224,1137,1340
15706,2693,3443
9333,1653,1936
22383,3878,5227
10612,1869,2686
25125,4243,5066
11886,2074,2644
47862,8272,9642
42052,7235,8441
17367,3041,3885
10848,1907,2225
32617,5805,7064
16360,2828,3557
6977,1175,1476
21626,3756,4658
16833,2972,3738
21017,3652,4445
114369,19404,23250
30376,5422,6966
41771,7215,8919
6818,1186,1526
11167,1928,2475
8491,1497,1804
17492,2977,3787
22581,3808,4614
10835,1806,2227
16260,2740,3382
39606,6757,8187
23565,4185,5143
32819,5683,6934
28674,5074,6050
7141,1240,1555
35534,6261,7641
6171,1107,1348
10866,1944,2354
19527,3414,4234
8693,1504,1893
10397,1875,2249
10945,1931,2322
29513,5327,6369
24425,4281,5161
19136,3434,4568
15675,2749,3395
28790,5084,6303
7691,1352,1659
9193,1609,1975
55917,9749,11650
10957,1881,2367
11920,2063,2616
11743,2017,2496
14563,2542,3130
108981,19055,23177
12494,2152,2885
11592,2011,2554
7544,1317,1667
40540,6889,8240
19411,3279,3919
42763,7628,8939
11608,2017,2688
9988,1732,2078
21792,3796,5137
51598,9045,11936
41316,7129,8899
9736,1639,1991
36956,6446,8196
51925,9036,10574
15397,2687,3442
15366,2656,3380
27915,4670,6433
24969,4416,5361
13477,2343,3210
25369,4262,5183
14366,2570,3023
16261,2974,3664
43965,7745,9170
25352,4525,5992
25425,4433,5308
6811,1153,1422
27941,4841,6215
10498,1848,2313
10207,1734,2301
7470,1299,1747
22858,4031,5064
66836,11494,14609
3979,746,897
16320,2950,3705
12642,2283,2814
18835,3281,3930
29183,5159,6298
18010,2983,3886
27625,4815,5771
14814,2572,3230
14845,2646,3079
30231,5222,6730
37713,6390,8450
30592,5291,6684
4264,720,876
11170,1961,2680
7063,1207,1541
47328,8252,10013
10602,1867,2304
16322,2781,3395
112768,19534,23947
19425,3483,4104
12468,2218,2720
6991,1253,1647
6007,1053,1336
46510,8327,10211
9813,1759,2182
43840,7577,9466
12824,2228,2674
17774,3030,3732
16880,2846,3492
34806,6045,7353
8463,1514,2024
18317,3101,3842
14000,2363,3034
12950,2302,2748
46682,8011,9732
5446,925,1199
10179,1753,2100
4662,797,1019
15758,2733,3375
5922,1028,1314
11722,2039,2370
16742,2879,3546
16131,2838,3662
17008,2893,3686
26850,4545,5506
11759,2074,2484
29205,4882,5758
38467,6541,8330
8598,1497,1708
13509,2352,2764
21150,3741,4649
7244,1253,1630
18207,3308,3964
31967,4850,7323
2057,356,436
23688,4105,5053
19504,3394,4230
11293,1920,2359
18666,3245,4234
38638,6601,8513
18005,3173,4121
9306,1537,1885
14098,2465,2951
19272,3347,4146
12371,2159,2588
5153,907,1136
8645,1553,1934
16793,2938,3595
9733,1686,2173
25098,4681,5590
64190,11199,13591
9726,1729,2213
16863,2932,3666
9048,1617,2194
11088,1959,2346
18210,3113,3883
7985,1364,1660
7184,1273,1576
19660,3417,4105
2265,402,543
68145,12136,15079
15677,2772,3544
14523,2469,3209
24389,4134,5003
50701,8807,10757
23649,4213,5068
16472,2892,3722
10823,1929,2383
4185,723,973
10586,1872,2363
99941,16849,20632
35577,6084,7339
24355,4140,5331
11361,2025,2481
11471,1993,2464
6933,1255,1604
15927,2874,3471
13340,2258,2789
39052,6605,8137
6600,1087,1491
18623,3242,4235
12965,2208,2804
21875,3764,4569
9905,1675,2030
15502,2746,3747
35419,6021,7438
11165,1940,2552
20712,3649,4255
29797,5193,6288
12759,2226,2752
24438,4205,5043
17937,3065,3808
11287,2024,2424
29328,5066,6695
13898,2609,3067
14598,2542,3375
11228,1960,2399
5270,960,1130
17574,2995,3749
1031,172,220
3388,580,725
12811,2228,2612
18103,3104,3794
6986,1167,1453
11400,2011,2575
32385,5862,7362
10109,1759,2215
8378,1464,1785
13070,2260,2769
20215,3575,4374
9153,1598,2098
3408,562,723
9536,1655,2138
16287,2736,3511
4317,720,939
9802,1667,2137
14503,2526,3049
10811,1901,2349
28396,4888,6239
10373,1737,2122
47276,8227,10720
31020,5346,7018
14174,2477,3208
16182,2743,3408
9382,1636,2068
16353,2780,3478
12282,2171,2521
17878,3150,4111
6223,1050,1322
23375,4171,5211
23378,3975,5036
15139,2664,3264
14068,2432,2846
18311,3104,3859
26525,4593,5701
27932,4988,6188
10295,1774,2275
15318,2626,3399
15028,2581,3424
17966,3122,4239
18303,3088,3757
24704,4237,5019
12055,2029,2543
10354,1784,2253
38873,6950,8264
8239,1423,1711
14183,2434,2955
10698,1787,2328
20959,3660,4484
14564,2545,3107
10618,1810,2265
30913,5358,6745
15516,2734,3611
70696,12451,14646
14510,2575,3005
19838,3445,4468
16868,2923,3504
15352,2668,3257
26664,4531,5469
15320,2671,3240
12316,2015,2391
52135,9084,10764
56530,10023,12379
19836,3413,4288
7126,1244,1547
13595,2373,2855
14617,2495,3007
23240,4112,5032
15653,2774,3457
25148,4321,5601
21132,3709,4435
25019,4400,5702
12958,2145,2961
12296,2195,2712
12184,2161,2843
31873,5704,6750
29512,5365,6370
8837,1466,1774
13756,2375,3083
42088,7372,9025
19747,3439,4889
30271,5360,6463
18255,3116,3773
16083,2823,3522
13676,2466,3010
21447,3911,4447
38813,6817,7991
7191,1241,1555
23636,3940,4962
18653,3360,4452
15039,2565,3330
15175,2689,3239
18772,3181,3917
4712,804,934
9350,1643,2119
18508,3065,3624
12576,2110,2686
8631,1484,1838
13003,2228,2846
7747,1335,1662
24241,4188,5079
7666,1351,1844
16916,2959,3706
17704,3157,3788
18925,3382,4047
13170,2211,2987
15793,2651,3320
25159,4310,5303
29577,5192,6461
76767,12933,16436
9077,1566,1936
7985,1393,1797
10297,1846,2225
7124,1223,1747
9933,1688,2133
9584,1678,2017
13860,2453,3293
11394,1951,2419
16791,3009,3818
6946,1225,1547
8237,1435,1791
14183,2414,2923
20308,3623,4503
20943,3650,5109
17515,3083,3727
12816,2213,2822
21971,3934,5178
9238,1629,2036
26027,4417,5336
12762,2157,2624
11989,2056,2744
36986,6471,8752
18252,3178,3715
49136,8129,11528
49506,8757,10611
18425,3232,3810
49123,8741,10644
9834,1782,2310
22312,3954,4986
12660,2219,2718
20135,3653,4331
157868,27105,33403
29577,5384,6418
38497,6868,8599
11491,2039,2483
11523,2053,2513
12794,2191,2741
16251,2831,3598
17073,3028,3741
13825,2436,2989
42796,7370,9161
65482,11383,14159
44668,7824,9537
10206,1872,2195
24464,4174,5624
9775,1733,2290
18600,3232,3829
7224,1255,1698
18539,3237,3933
7286,1250,1683
12084,2121,2830
15643,2715,3477
129812,22224,26360
18210,3253,4043
13940,2513,3233
33810,5650,6775
27378,4789,5947
9992,1778,2340
13812,2331,2894
16924,2897,3658
21120,3828,4547
5820,1033,1366
18223,3074,3811
19541,3485,4402
7212,1255,1680
11365,1954,2469
13540,2368,2977
15154,2697,3051
14781,2665,3446
19193,3294,4370
24438,4497,5714
10540,1926,2226
11871,2104,2667
37506,6445,7779
6943,1207,1628
4541,799,998
14198,2472,2940
12497,2130,2594
12471,2194,2688
37814,6724,8200
18451,3146,3999
20041,3522,4192
12517,2138,2561
23825,4042,4909
21942,3786,4760
9891,1705,2163
14922,2569,3140
16524,2885,3371
29137,5082,6326
4670,801,1150
6247,1071,1344
11968,2033,2605
15736,2810,3459
12257,2176,2709
8279,1463,1837
25113,4475,5396
14780,2596,3415
8569,1471,1777
33684,5832,7474
12280,2125,2675
4229,740,927
19545,3401,4373
43444,7586,9769
22681,3882,5502
16390,2746,3439
3272,537,676
22223,3861,4684
37574,6461,7963
16011,2803,3531
10615,1822,2246
26204,4279,5013
3278,539,683
36745,6278,7666
19659,3362,4123
34842,5982,7022
13383,2342,2825
4086,708,882
20342,3652,4383
12642,2163,2715
11069,2002,2632
7930,1354,1923
15270,2634,3220
27176,4621,5700
17824,3083,3759
19954,3581,4289
58589,10178,12880
87643,15612,19509
7028,1253,1615
88332,15795,19791
10346,1780,2043
12729,2198,2853
8972,1538,1916
13943,2434,3036
12458,2102,2558
36163,6076,7889
10868,1880,2302
19940,3460,4122
10832,1869,2313
19228,3231,3981
19113,3349,4058
5179,862,1081
11751,2073,2509
14513,2616,3089
10788,1866,2483
21309,3678,4735
23172,4098,5200
59755,9900,11790
12151,2095,2674
30483,5406,7026
10562,1801,2282
9289,1618,2078
13061,2315,2786
10893,1918,2246
31814,5508,6650
30263,5274,7250
13057,2245,2766
18492,3429,4045
3427,581,749
18551,3197,3946
4176,729,950
16715,2884,3521
13333,2417,2903
14172,2398,3074
8761,1537,1990
7684,1336,1561
17737,3021,3803
14066,2453,3067
16942,2941,3686
18989,3321,4215
20456,3532,4345
11242,1955,2494
9494,1733,2117
23274,4115,5051
13446,2284,2734
5324,899,1091
3022,503,619
14815,2492,3041
10864,1879,2344
11162,1885,2433
18344,3253,3975
16262,2823,3569
19108,3362,4154
16654,2952,3794
10134,1799,2229
37314,6510,8020
15084,2769,3439
15886,2805,3612
28058,4927,6052
16785,2832,3557
13192,2216,2691
11025,1871,2450
9354,1639,1985
21874,3775,4618
17938,3115,4002
14386,2474,3060
7462,1294,1697
15696,2664,3346
6419,1122,1346
23263,4106,5022
13193,2303,2793
33074,5609,6806
11515,2001,2481
15385,2737,3325
7201,1265,1551
11435,2028,2481
13718,2355,2964
19394,3262,4003
27642,4839,5983
24693,4345,5202
8498,1482,1834
21571,3601,4579
6924,1215,1494
2004,360,456
13021,2323,2840
15084,2583,3148
32556,5636,7021
23238,4196,5147
25051,4370,5378
15448,2618,3628
12615,2112,2615
28219,5003,6417
13963,2427,3232
27423,4853,6256
17619,3051,3862
12933,2241,2714
13165,2288,2743
12718,2246,3135
10454,1853,2278
34562,6106,8124
25681,4648,5302
47106,8012,10174
7045,1171,1431
21714,3827,5089
10058,1734,2246
108049,18820,23332
47022,7762,10111
19368,3194,4098
16760,2782,3430
20470,3651,4233
26421,4506,5930
7101,1227,1645
26189,4470,5571
13557,2323,2918
7032,1284,1774
14791,2532,3101
6196,1088,1339
33977,5917,7462
3463,577,739
4751,861,1096
3478,581,741
17723,3208,4016
8688,1563,1798
7330,1235,1616
13302,2368,3220
7770,1390,1745
15628,2607,3321
9046,1597,2014
8028,1439,1716
11178,1966,2468
8055,1441,1821
9848,1675,2118
11674,1957,2428
39571,6976,8566
29186,4970,6188
39413,6943,8525
22341,3902,4802
40168,7232,8820
22265,3923,4475
18480,3133,3827
10548,1813,2272
40548,7181,8865
24555,4484,5424
18122,3198,3975
16435,2830,3658
23028,3854,4846
19084,3199,3778
9290,1678,2162
6015,1058,1269
12021,2147,2634
18550,3195,3856
17025,2980,3783
16749,2933,3761
9147,1576,1878
12341,2174,2778
16173,2930,3570
11667,2036,2595
6093,1045,1259
19694,3551,4361
11603,1997,2485
16735,3012,3730
10822,1922,2388
25460,4242,5390
32835,5451,6759
16215,2673,3194
42644,7645,9249
27133,4586,6247
18380,3256,3924
178676,31256,37601
7382,1280,1608
11977,2120,2713
61462,10455,12770
8709,1444,1801
16699,2806,3490
8933,1561,2009
10183,1739,2117
2374,432,509
14321,2536,3049
10152,1733,2111
8093,1445,1905
11419,2048,2422
13516,2397,2909
9769,1769,2157
21866,3853,4890
82089,14096,16953
28040,4858,6168
14665,2578,3131
13830,2397,3011
8724,1472,1831
26882,4862,5932
17767,3045,3819
34943,6240,7289
15795,2839,3519
11028,1993,2303
12732,2225,2893
33187,5602,6708
50438,8984,11063
13680,2340,2830
13721,2462,3008
23668,4029,4917
6176,1082,1382
8099,1373,1755
8535,1507,2080
13640,2319,2895
25519,4425,5432
42670,7420,8667
19763,3425,4142
10087,1742,2213
7695,1388,1785
31027,5219,6083
13478,2299,2940
17249,3081,3762
8738,1526,1930
15723,2761,3811
45603,7976,10250
11938,2115,2578
15543,2729,3436
37493,6451,8015
25026,4248,5105
19303,3285,4102
26276,4751,5724
11067,1912,2581
20564,3642,4525
39482,6729,8137
9965,1809,2384
18761,3272,4163
19551,3420,4531
37908,6454,8492
4881,826,1059
30578,5448,6941
10597,1797,2388
15361,2682,3222
21039,3591,4561
42790,7227,8574
12897,2307,2910
44158,7736,9587
190,35,43
17913,3109,3807
16362,2822,3525
8325,1406,1677
73537,12703,15586
11905,2060,2562
15427,2698,3240
11536,1992,2478
7097,1230,1588
19070,3284,4169
9786,1742,2197
9306,1658,2112
21175,3674,4412
6046,1047,1360
18903,3438,4018
15006,2597,3294
8225,1430,1888
12095,2132,2738
30170,5210,6568
11023,1934,2439
18172,3143,3990
11553,2023,2613
19629,3535,4464
18465,3424,4198
6862,1208,1434
12252,2070,2769
8007,1447,1851
17363,3155,3953
13807,2407,2976
17007,3011,3715
13114,2252,2884
6746,1166,1382
7068,1189,1538
17905,2997,3636
36720,6417,8005
26122,4521,5592
12175,2047,2782
24691,4368,5354
23192,3988,4696
9979,1720,2156
20144,3477,4479
9229,1609,1993
10008,1778,2407
18716,3286,4185
16457,2822,3384
13115,2313,2855
26057,4506,5495
9100,1610,1994
29438,5095,6674
13786,2422,2860
9762,1649,2249
10921,1959,2568
10496,1750,2280
16294,2884,3596
11876,2096,2659
20165,3510,4420
19947,3513,4664
18185,3132,3761
9712,1715,2013
35504,6109,7472
7558,1291,1654
21207,3618,4544
13400,2330,2847
6224,1104,1472
12639,2153,2701
11193,1902,2502
10426,1728,2215
22850,3965,4893
13086,2287,2892
13105,2271,2793
20656,3673,4499
6435,1086,1320
23071,4007,5073
13568,2412,2930
20039,3504,4539
20583,3657,4441
6451,1046,1354
11617,2067,2588
17383,3079,3632
18150,3106,3787
7088,1298,1660
15879,2753,3439
13924,2426,3021
13459,2274,2873
5887,1012,1288
11710,2075,2728
8901,1568,2041
13371,2264,2826
5747,1013,1283
12793,2235,2755
26953,4579,5444
19592,3434,4711
6104,1038,1436
13846,2292,2975
8122,1378,1717
11257,1937,2524
14116,2449,3138
8119,1405,1702
38800,6745,8504
8109,1390,1781
20199,3439,4431
4833,841,1052
15999,2780,3428
13736,2409,3022
38882,6911,8878
30850,5345,6476
14589,2470,3101
45717,7974,9516
34878,6339,7775
4539,789,983
16561,3013,3725
4488,769,948
26680,4533,5810
17423,3091,3786
11053,1919,2387
18412,3194,4055
26356,4561,5611
9645,1651,2121
20173,3623,4728
33809,5909,6977
13829,2394,2931
22603,3778,4807
30798,5336,6449
65400,11163,13137
33980,5927,7330
15673,2697,3072
13472,2356,2868
30065,5405,7288
19397,3314,4567
12011,2057,2605
12683,2220,2582
13215,2317,2655
8604,1490,1855
14185,2389,2906
21823,3797,5004
9428,1664,2111
20515,3582,4581
12645,2238,2613
15462,2599,3331
30198,5266,6531
16600,2841,3536
18600,3350,4419
10077,1728,2257
7751,1387,1638
16776,2891,3634
30320,5100,6281
20839,3641,4262
17928,3185,3825
10681,1838,2378
29521,5149,6438
5455,952,1294
43080,7388,9077
22051,3911,4678
15896,2822,3712
24014,4218,5089
32658,5674,7035
23422,3950,4988
9954,1769,2249
9321,1624,2008
18554,3271,3792
46955,8139,10361
13010,2262,2986
38649,6498,8469
17044,2935,3611
23129,3906,4730
19619,3553,4857
22428,3907,4683
21319,3622,4848
11382,1944,2419
12590,2219,2686
9714,1704,2116
22569,3964,4840
52421,8978,11921
16763,2850,3597
8167,1394,1914
23335,4131,5161
14044,2418,2868
4845,830,1067
28701,4690,6032
36005,6375,7993
14744,2595,3287
44211,7338,8703
12456,2190,2781
51143,8759,10632
15040,2609,3111
8062,1318,1683
54613,8977,12027
16529,2889,3786
12091,2063,2546
24744,4248,5080
15087,2764,3290
10431,1790,2276
28454,4920,6248
62221,10530,12945
27541,4867,6239
51038,8926,11666
58144,10177,13049
14035,2436,3029
5431,940,1324
23944,4112,5006
14049,2406,3370
16584,2793,3646
13913,2342,3284
9263,1610,2106
17795,2965,3829
17554,3055,3656
15739,2778,3306
6581,1129,1369
44319,7879,9427
18074,3132,3842
17173,2934,3567
24103,4173,5098
6703,1148,1401
20837,3499,4351
37776,6280,7536
13781,2401,3198
35190,6221,7574
12246,2194,2926
25915,4619,5530
7090,1273,1578
15158,2580,3209
10193,1822,2216
34575,5938,7247
44669,7577,9419
9600,1691,1959
14207,2485,2990
13978,2448,3127
8435,1513,1849
100421,17164,20490
27097,4775,6049
15234,2693,3379
22346,3882,4792
15258,2710,3407
45279,7682,9021
9989,1722,2404
10990,1902,2353
15447,2711,3226
20391,3571,4358
6857,1148,1405
8809,1532,1879
11414,1937,2597
15616,2825,3274
39155,6611,7951
9808,1763,2193
14628,2544,3253
10515,1871,2421
25633,4505,5546
10488,1860,2380
13744,2397,3012
21454,3879,4798
13277,2343,2797
17079,3001,3682
20635,3616,4528
27406,4625,5657
13899,2437,3296
25694,4480,5585
5736,1015,1266
4867,827,969
12020,2107,2600
9903,1742,2253
21166,3674,4667
14605,2616,3196
14788,2681,3274
4527,788,965
10492,1875,2262
16934,2915,3953
17893,3097,3693
14394,2439,2921
22568,3931,4950
10040,1758,2254
13974,2317,2884
9127,1671,2100
23467,3991,4814
17668,3002,3590
14131,2532,3308
21036,3690,4613
25829,4444,5665
38247,6653,8124
21878,3704,4640
20517,3470,4624
27272,4694,6071
25031,4394,5394
26801,4539,5645
13237,2280,2981
10210,1753,2280
38535,6771,8178
14594,2523,3036
45234,7645,9939
58314,10042,12809
12786,2242,2718
57959,10143,12355
12828,2295,2787
31003,5285,6463
14482,2553,3204
17900,3058,3775
23407,3984,5106
9318,1598,2025
11264,1909,2440
20953,3579,4668
13280,2294,2633
451339,76230,93726
6580,1177,1548
13686,2379,3080
21005,3816,4557
34471,5842,7226
21256,3703,4518
16071,2778,3631
44978,7756,9559
13489,2363,3023
18722,3204,3964
10438,1913,2343
12940,2232,2723
46397,7935,10098
17071,3055,3603
15524,2714,3213
16248,2625,3519
25181,4486,5201
12296,2175,2785
23758,4088,4902
25021,4255,5746
17166,3063,3981
4020,689,841
13819,2557,2995
21871,3945,4734
44004,7643,9398
14284,2413,2975
7317,1249,1641
7620,1265,1626
29927,5089,6083
9301,1604,2116
16370,2837,3527
11098,1835,2241
10929,2068,2452
9069,1563,1993
19669,3504,4112
7792,1305,1673
21671,3731,4499
8850,1512,1846
12143,2096,2501
11943,2057,2532
8201,1441,1989
14856,2662,3267
27958,4703,6273
10499,1747,2106
7839,1346,1700
9882,1755,2211
14850,2681,3289
23117,4139,5097
11314,1893,2535
13000,2304,2843
14437,2618,3215
50707,8829,10739
11782,1996,2569
28277,4838,6293
12068,2132,2610
21467,3654,4736
21294,3845,4697
15552,2795,3477
29084,4962,6467
16508,2948,3621
16695,2893,3460
17392,2996,4053
7845,1416,1979
23660,4176,5312
9964,1737,2140
64699,11375,13743
24324,4318,5338
8184,1348,1545
17775,3090,3917
21374,3746,4550
22793,3917,4582
34137,5895,7103
48230,8512,10904
13404,2412,3061
19910,3417,4582
23769,4185,5387
12830,2318,2919
30391,5241,6616
9914,1681,2002
22637,3887,4717
14128,2487,3033
4233,729,896
27273,4723,5887
13924,2419,3204
15623,2840,3369
6612,1185,1499
12174,2093,2542
20088,3550,4251
6317,1058,1462
12951,2086,2772
13646,2466,2896
43698,7325,9169
2871,495,615
10479,1819,2295
11483,2002,2453
9738,1660,2229
13659,2463,2913
9717,1717,2177
10532,1854,2333
16109,2755,3401
11973,2077,2935
29759,5215,6375
16045,2766,3389
14771,2574,3222
16426,2701,3551
22434,3753,4647
6901,1162,1391
11904,2121,2684
38245,6627,8332
39103,6787,8121
17597,2929,3569
12479,2065,2875
6875,1155,1381
12442,2171,2838
12667,2208,2741
9327,1599,1997
17371,3036,3788
22212,3755,4377
13278,2305,2973
28419,4936,6025
15940,2733,3343
47770,8003,9598
15417,2620,3316
21493,3713,4336
14542,2512,3073
7865,1390,1706
3408,598,787
8833,1532,1869
12895,2192,2785
6794,1202,1679
2129,370,453
28661,4857,5957
16938,2840,3573
17709,3022,3676
11458,2022,2742
10231,1787,2394
17035,3077,3978
35115,6412,8176
8419,1421,1845
46510,7976,9996
18520,3251,3943
20207,3580,4472
19916,3470,4312
6367,1136,1407
10838,1920,2497
12190,2123,2619
10844,1854,2296
16456,2811,3647
11988,2119,2749
22122,3687,4549
15735,2657,3584
9333,1604,2015
17637,3035,3640
21201,3619,4451
11955,2112,2654
35856,6188,7167
8957,1553,1857
9831,1715,2219
23271,4147,4922
9992,1767,2123
10395,1793,2313
6549,1132,1393
13425,2393,2822
13110,2227,2789
28352,4996,5917
2478,425,526
10740,1852,2421
9229,1640,2002
10337,1789,2305
22969,4083,4988
14610,2615,3294
6889,1188,1593
14071,2469,3053
11498,2028,2513
11084,1973,2575
6008,972,1185
20077,3546,4491
66355,11444,14025
19087,3386,4319
36036,6228,7790
13670,2402,2839
18847,3250,4189
27609,4889,6103
15081,2675,3265
14983,2652,3360
16940,2929,3922
42203,7470,9284
6360,1046,1476
7334,1244,1476
11047,1888,2364
7415,1274,1672
8459,1444,1817
23722,4186,5585
9177,1581,1943
9192,1641,2050
14709,2605,3346
16828,2997,3747
15669,2744,3316
13969,2443,3033
11029,1919,2452
7360,1271,1668
10212,1765,2493
17240,3043,3785
35582,6267,7714
17759,3037,3744
9430,1646,2011
25853,4461,5720
24897,4241,5203
20092,3565,4478
40250,6893,8611
16111,2767,3432
11926,2131,2649
17120,2967,3629
10453,1848,2349
22491,3945,4838
10148,1809,2243
13497,2379,2870
12904,2390,2926
11043,1919,2274
9365,1612,1971
14500,2490,3068
10467,1822,2252
20706,3715,4726
9547,1630,1969
14665,2609,3121
18423,3213,3944
7469,1259,1580
7826,1371,1742
16946,2938,3643
13830,2363,2806
11611,1988,2429
18637,3016,3728
13594,2446,2868
8676,1512,1824
13809,2362,2809
18154,3152,3970
37036,6431,8088
62640,10456,12613
27062,4665,5609
14832,2597,3195
33511,5809,7106
14026,2458,3070
18222,3073,3710
17806,3033,3691
11193,1981,2552
13347,2341,2784
11139,1965,2545
10480,1818,2371
10415,1842,2341
23467,4109,4903
17178,2915,3522
14879,2621,3409
15519,2620,3277
21111,3488,4546
21903,3766,4543
7799,1352,1650
13888,2419,2984
6910,1149,1324
10392,1807,2286
13202,2334,2860
6026,1099,1451
31894,5357,6528
24742,4255,5519
40151,6820,8399
20811,3524,4662
15646,2728,3443
16508,2912,3372
22718,3960,4718
10718,1891,2353
18481,3173,3768
6420,1150,1470
14716,2530,3127
52130,9225,11792
38979,6720,8423
9966,1666,2089
9497,1645,1951
14229,2462,3032
13404,2251,2832
11214,1900,2439
22393,3881,5058
27571,4923,5913
8857,1560,1855
12940,2126,2561
10290,1796,2121
5402,928,1257
13395,2312,2901
3613,614,752
23729,4132,4898
27235,4681,5642
48758,8296,10136
6424,1145,1511
14308,2425,2866
7582,1321,1615
29200,4932,6793
13356,2381,2908
9365,1639,2095
29918,5163,6188
12285,2149,2693
9489,1659,2131
14057,2578,3123
12401,2151,2718
20173,3534,4455
13720,2387,2910
49402,8415,10503
23637,3959,5398
27001,4551,5724
56213,9593,11969
33919,5900,7230
15760,2738,3202
22797,3871,4652
8942,1574,2070
35459,6019,7458
80159,14073,17329
7201,1246,1605
71689,12479,15243
21620,3703,4545
10068,1739,2188
28227,4816,5715
18555,3254,3917
19488,3423,4204
11647,2033,2472
14968,2520,3077
24156,4270,5580
14910,2507,3062
6649,1145,1371
23123,3905,4681
7735,1325,1732
34403,5709,7034
12131,2105,2661
9484,1666,2138
119276,20607,25650
16549,2853,3473
11961,2097,2435
34347,6110,7595
3441,592,803
45883,8178,10337
21998,3791,4616
11255,1999,2589
33236,5831,7067
26130,4417,5769
27660,4764,6246
17297,3009,3714
8941,1523,1855
13795,2489,3161
34188,5929,7636
19189,3230,3915
18555,3183,3985
15379,2634,3434
31293,5551,6725
14226,2406,2982
7693,1383,1678
67662,11446,14299
49515,8605,10460
37563,6254,8539
22243,3775,4534
17895,3139,3783
40068,6886,8563
28137,4865,6364
28706,4918,6467
13635,2402,2992
7547,1319,1803
25084,4386,5602
7967,1397,1822
59994,10594,13390
14661,2499,3132
19422,3569,4505
14831,2587,3127
15197,2584,3028
20231,3532,4311
7831,1379,1759
24399,4128,5240
8464,1530,1770
21479,3684,4426
22037,3807,4753
151685,25784,30751
18183,3243,4019
16603,2866,3461
16465,3015,3821
14444,2536,3067
9862,1739,2283
6005,1032,1242
20654,3716,4666
17131,2914,3754
24387,4211,5415
12714,2247,2872
15632,2702,3339
8461,1388,1692
23333,4083,5040
13341,2325,2834
9729,1682,2086
8667,1550,2110
4872,834,1052
11797,2007,2804
27762,4841,6567
14682,2524,3262
21829,3843,4770
9208,1567,1922
15323,2654,3300
19781,3419,4424
14339,2560,3286
1163,212,255
28492,4964,6665
10681,1956,2390
10720,1845,2219
17203,3018,3661
27557,4780,5774
14816,2536,3236
25457,4451,5437
12066,2101,2712
10204,1777,2112
17841,3079,4294
25414,4420,5478
16003,2745,3562
15711,2717,3377
29103,4871,6763
21539,3609,4577
7413,1295,1616
8913,1532,1906
18591,3213,4109
20085,3395,4269
14728,2570,3469
20340,3609,4524
16095,2855,3951
16858,2948,3901
22771,3899,4976
14017,2483,3011
16596,2869,3779
17541,2961,3626
23755,4144,5174
1563,278,343
13032,2334,2795
14214,2516,3060
6371,1100,1336
5721,1014,1351
47680,8043,9972
17391,3031,3957
22642,3971,5083
7576,1315,1743
3952,671,1029
16572,2922,3726
13416,2339,2979
6956,1198,1536
8849,1512,1994
18474,3023,4068
15534,2709,3244
22399,3902,4868
7478,1281,1692
8046,1436,1788
9188,1573,2032
23842,4114,5075
13260,2314,2857
8294,1378,1783
5566,1007,1280
15855,2816,3508
12577,2144,2769
11717,2076,2601
80821,13597,16567
8634,1476,1830
13174,2230,3023
12667,2238,2667
17053,3001,3777
19660,3308,3987
24132,4179,5214
11534,2056,2580
15185,2625,3360
40231,7129,8866
8567,1494,1942
6683,1184,1482
29352,5258,6397
19532,3349,4104
4206,714,865
9964,1794,2197
38318,6583,8065
24736,4369,5476
15396,2664,3270
7616,1291,1595
7606,1325,1678
11536,2010,2528
14262,2523,3226
8429,1469,1898
10221,1823,2335
13707,2290,2729
11001,1897,2394
12985,2241,2696
7087,1269,1576
19474,3340,4067
13583,2324,2750
6105,1099,1417
16830,2883,3713
10189,1733,2085
13633,2374,3023
16088,2701,3200
5412,950,1194
10845,1935,2391
13573,2344,3038
10918,1954,2444
10033,1792,2204
25455,4384,5903
8941,1563,1909
5171,907,1131
14671,2536,3413
26740,4664,5671
15973,2773,3335
8257,1485,1869
31879,5596,6984
9852,1691,2034
19909,3572,4325
8643,1543,1903
12485,2156,2656
10617,1895,2251
27415,4655,5767
30032,5048,6263
12288,2226,2694
13172,2169,2662
7751,1317,1643
47177,7935,11055
17384,2836,3507
41304,7113,8670
17794,2953,3642
8984,1509,1906
8771,1539,2076
32609,5571,6910
7640,1341,1604
9208,1628,2187
8298,1480,1951
14135,2466,3083
22313,3889,4767
6906,1204,1606
12360,2120,2627
7345,1274,1613
20112,3468,4666
4905,857,1103
6758,1132,1287
983,172,222
45991,8095,9782
22987,3849,4843
10867,1869,2391
4812,865,1169
7210,1282,1569
28001,4769,5862
8322,1419,1869
4489,755,933
13184,2337,2777
12436,2209,2992
16691,2921,3600
9661,1628,2050
9078,1595,2003
18283,3128,3823
18094,3164,4304
14524,2536,3328
9104,1601,1969
18026,3102,3862
14522,2505,3220
9602,1682,2135
14293,2440,3051
11353,1954,2427
1628,285,371
15006,2626,3024
13316,2293,3160
1645,287,390
7320,1263,1610
8116,1437,1945
5316,926,1064
6449,1125,1381
53457,9008,11207
6611,1139,1440
9344,1595,2036
5320,925,1191
16369,2742,3277
31770,5428,6511
13885,2425,2805
6290,1054,1254
14719,2546,3340
3632,632,739
18184,3147,4228
31655,5297,6449
15444,2720,3348
10923,1830,2325
30655,5195,6271
668,122,154
32320,5382,6904
57608,9464,11941
29350,4959,6383
4037,701,846
12727,2191,2816
18272,3089,3615
3180,547,686
6213,1055,1364
17806,3153,3954
10788,1838,2269
13963,2386,3091
10650,1856,2459
7740,1290,1672
6175,1101,1392
1466,250,341
14330,2526,3024
10237,1735,2175
7723,1316,1608
16234,2793,3489
15316,2728,3348
8639,1482,1782
13801,2364,3239
11596,2000,2376
7308,1308,1546
17091,2999,4063
11878,2166,2766
8194,1441,1766
41967,7374,9377
11873,2167,2772
41974,7268,9409
5449,917,1150
8608,1453,1868
5312,946,1287
10338,1747,2160
4397,718,926
11122,1927,2641
12180,2168,2752
6240,1074,1326
4628,777,1004
3969,653,869
8087,1467,1898
11271,1946,2582
20994,3663,4538
5406,965,1207
4223,713,897
31340,5441,6908
4920,849,1055
13479,2332,3172
10901,1881,2299
10402,1801,2253
20260,3587,4624
14933,2476,2905
20885,3651,4561
9195,1571,2001
6653,1180,1513
19312,3441,4473
16513,2861,3412
18252,3217,4055
9817,1723,2140
14711,2601,3288
12049,2111,2683
1293,229,287
9244,1637,2074
26469,4420,5384
24973,4409,5631
6054,1028,1453
12759,2167,2646
9008,1560,1846
14168,2398,2798
38980,6790,8156
12073,2085,2594
15882,2780,3831
22496,4047,5018
6703,1176,1487
11757,2025,2514
9029,1598,1926
1494,263,348
29683,5044,6680
11792,2105,2484
17018,2800,3501
9555,1593,1989
6673,1132,1417
23950,4123,5085
15630,2714,3281
9963,1732,2178
9706,1615,2041
5842,1037,1285
17844,3127,3811
17418,3067,3822
18245,3211,3992
8315,1437,1769
23334,4014,5111
13527,2356,3003
11696,1908,2426
4935,834,1055
10859,1838,2239
32740,5828,7284
8092,1472,1794
22115,3912,4698
24376,4251,4998
6790,1186,1589
9876,1758,2210
15654,2871,3534
12709,2083,2698
8616,1490,1847
14662,2592,3491
37555,6420,8021
27732,4737,5721
12371,2183,2729
10285,1778,2301
11856,2203,2911
11019,1927,2467
8542,1437,1790
7165,1290,1572
9369,1702,2058
19448,3402,4240
6367,1129,1416
7809,1337,1705
7175,1247,1553
8228,1404,1658
12220,2108,2447
13789,2409,2910
33055,5818,7396
4795,841,1136
4434,797,1047
20076,3340,4159
2374,412,540
7709,1340,1555
17671,3023,3619
27028,4670,5629
19963,3329,4150
7272,1220,1618
12396,2130,2676
6527,1205,1442
17256,3053,3897
7653,1304,1801
12014,2120,2740
15081,2620,3308
19776,3503,4207
15200,2694,3638
10773,1974,2559
47424,7934,9647
4198,713,920
8995,1581,1941
6310,1033,1352
8333,1445,1782
7467,1254,1610
47517,8232,10433
12544,2151,2600
8692,1513,1827
1001,181,263
38200,6438,7740
27313,4636,5785
14629,2579,2956
26635,4605,5852
12897,2209,2868
21262,3776,4557
12596,2185,2981
8370,1491,1826
12637,2182,2697
15768,2740,4029
11524,2068,2569
9424,1636,2083
32060,5397,6523
13593,2283,2800
21651,3809,4666
28012,4890,5918
5520,960,1251
8000,1399,1638
8128,1397,1813
4729,850,1076
32356,5671,7077
31027,5310,6625
30827,5488,6609
4292,748,885
4404,781,974
20788,3661,4703
4022,695,830
15695,2691,3348
17146,2946,3913
13165,2273,2844
20179,3623,4749
21018,3647,4795
17680,3098,3837
3303,555,684
11948,2147,2595
5020,885,1094
22374,3919,4515
9903,1732,2229
39959,6920,8769
19286,3331,4329
9581,1650,2150
14427,2360,3064
21608,3607,4546
6272,1093,1417
11618,2032,2457
21617,3884,4799
19996,3550,4344
11088,1955,2383
13709,2241,2838
7110,1311,1578
9849,1797,2154
20813,3750,4753
5848,996,1316
44777,7594,9277
31030,5279,6601
28116,4889,6560
36370,6132,7907
11867,2103,2776
9600,1714,2056
30924,5232,6162
37982,6257,7523
15245,2592,3203
5505,938,1185
7515,1289,1899
12686,2236,2648
7661,1309,1815
13570,2479,3206
21007,3623,4640
5808,1020,1230
19535,3406,4238
8669,1529,1905
17294,3030,3898
14054,2482,3016
4804,851,1132
13728,2383,3118
1091,184,256
12100,2111,2711
15087,2576,3224
18061,3183,3925
12078,1999,2460
23988,4085,5071
32700,5499,7048
7658,1278,1580
6438,1064,1486
18008,3129,4029
15259,2654,3273
19289,3302,3997
18532,3302,3759
10320,1862,2344
3253,566,725
24751,4261,5487
19762,3413,4238
20690,3622,4762
13798,2375,2960
59931,10489,13410
9664,1721,2305
13330,2372,2915
15515,2689,3586
9011,1544,2074
7642,1340,1728
14332,2537,3040
28574,4967,6434
13067,2291,3028
11225,1917,2418
8815,1545,1834
36338,6128,7837
12357,2124,2612
16131,2785,3327
10878,1875,2498
11325,1912,2333
4556,804,1033
6633,1112,1402
16374,2844,3414
12468,2082,2589
33047,5558,6752
22556,3768,4843
8187,1431,1826
8754,1513,2059
6918,1236,1613
60615,10538,13383
47942,8432,10112
14312,2438,3056
17060,2880,3655
5313,919,1131
9338,1611,1880
6411,1156,1574
9014,1525,1901
13408,2409,3244
8177,1436,1816
19875,3424,4399
14480,2508,3195
15034,2575,3332
15342,2687,3269
23459,4155,4942
57604,9715,13121
9738,1629,1973
81001,13581,16628
12877,2202,2744
46123,7978,9859
12883,2116,2643
15920,2746,3259
13635,2229,2833
10704,1858,2223
10139,1737,2140
5295,896,1221
35273,5896,7416
50914,8870,10579
9708,1639,2262
5340,966,1186
8496,1475,1796
8655,1470,1888
19228,3315,3933
19346,3234,4381
16933,2948,3886
4522,792,1009
16959,2845,3536
29318,5136,6432
12291,2213,2801
42264,7290,9398
28254,5007,6161
14554,2554,3289
11056,1910,2352
17533,3058,3849
10702,1802,2127
8539,1450,1774
11835,2060,2478
8388,1433,1783
4645,821,1005
3169,570,714
12838,2128,2649
7469,1251,1541
7098,1250,1528
22338,3879,4445
14286,2431,3012
4047,701,896
4750,839,1039
4191,716,813
3745,623,762
2258,389,488
5011,881,1072
3082,520,646
8374,1385,1661
24381,4130,5196
7496,1307,1640
4445,792,949
17276,3024,3734
8409,1363,1766
7102,1239,1538
6771,1212,1567
13874,2401,2864
5317,921,1098
5397,936,1186
6797,1184,1458
8566,1400,1876
13420,2416,3063
514,98,114
548,103,123
7933,1348,1802
525,98,112
10920,1916,2554
24641,4203,4978
5139,865,1080
13920,2485,3061
15742,2678,3359
17949,3139,3802
12424,2161,2806
9686,1667,2012
9698,1677,2032
12518,2171,2823
17313,3072,4040
7363,1289,1631
14086,2412,2903
18913,3275,4147
4403,794,936
15672,2689,3265
7192,1249,1499
5657,999,1334
9688,1653,2100
7822,1399,1627
7930,1382,1716
5812,1005,1443
8898,1570,2070
25935,4412,5368
11320,1932,2430
3582,596,873
10355,1795,2187
9379,1558,2064
95532,16655,20691
20678,3685,4403
4517,730,923
8795,1510,1957
123753,21037,25964
8628,1542,1945
16384,2856,3580
15716,2788,3407
5980,1026,1374
17470,2922,3820
21565,3773,4934
2319,392,496
9615,1637,2170
12963,2222,2761
17847,3020,3841
13253,2283,2859
12109,2059,2652
12809,2179,2981
6715,1213,1448
4228,732,908
9419,1639,2043
11792,1980,2488
26041,4513,5775
19834,3421,4413
9758,1657,2077
10400,1802,2187
2518,440,585
38848,6849,8875
10389,1852,2208
5919,1067,1303
6091,1037,1291
25395,4243,5248
52968,9242,11887
7343,1296,1607
2010,329,468
3936,662,846
8933,1613,1907
5653,999,1265
5336,959,1146
10891,1908,2402
9675,1673,2001
7273,1277,1581
11381,1964,2541
14240,2443,2937
43528,7709,9727
3285,577,692
3947,687,840
33041,5559,6651
21482,3701,4717
7253,1231,1561
6871,1158,1422
6228,1044,1305
2959,553,695
8445,1449,1838
17855,3191,4019
18523,3298,4268
13024,2270,2751
15749,2631,3347
12173,2116,2653
6165,1061,1411
4998,825,1156
5561,941,1148
5069,887,1121
3632,629,748
11640,1870,2387
13289,2428,3149
12539,2223,2956
6481,1112,1505
47319,8144,10680
4742,799,985
4355,754,1043
18665,3297,4280
7348,1292,1651
3264,566,731
10920,1909,2544
6950,1211,1431
14824,2583,3119
2403,437,514
3908,675,864
3937,709,884
10530,1842,2244
13164,2210,2959
2745,467,598
38729,6570,8191
9585,1731,2378
20214,3614,4636
21460,3821,4809
2982,539,660
21264,3687,4557
12065,2147,2597
31411,5145,6190
7087,1250,1484
14843,2593,3353
8736,1608,1986
15131,2617,3203
15305,2686,3505
9936,1745,2318
3737,639,783
3642,614,722
4901,814,990
9899,1787,2191
8209,1417,1786
11694,2074,2614
13450,2393,3131
4501,773,1003
11795,2093,2639
13177,2408,3254
12678,2231,2829
22642,3846,4694
20579,3541,4549
13075,2244,3065
21037,3780,4557
37307,6140,7631
10305,1723,2181
10958,1977,2398
13506,2355,2760
4836,847,1025
6534,1195,1433
25937,4578,5852
8680,1563,1930
10180,1682,2049
9403,1644,1980
4609,817,995
19046,3313,3906
14051,2557,3518
22625,3901,4662
3128,537,701
9593,1688,2074
1841,318,407
3100,558,802
9003,1547,1973
6382,1072,1364
5494,944,1231
28103,5049,6066
9216,1600,1972
7143,1253,1546
2382,413,518
4428,797,917
23516,4143,4986
15475,2800,3613
5441,922,1183
13440,2337,2821
5459,963,1244
8120,1403,1737
15766,2776,3289
17230,2952,3658
684,119,157
10918,1932,2517
8063,1428,1713
1998,328,389
897,163,195
20609,3516,4236
3030,494,669
10114,1712,2106
7755,1387,1792
3653,647,861
2949,487,659
6415,1060,1286
8948,1597,1894
3305,554,688
9014,1572,1944
11130,1880,2439
19855,3505,4452
26497,4614,5882
11528,1992,2486
16622,2929,3541
3038,539,700
12462,2156,2613
8225,1441,1791
9214,1581,1960
5339,921,1189
15220,2470,2972
19128,3262,4098
7114,1214,1626
5125,922,1167
5497,953,1160
12498,2145,2741
4643,804,974
8096,1363,1673
30039,5089,6346
11130,1963,2347
939,164,211
24033,4162,5459
8257,1431,1837
5005,846,1058
6789,1131,1448
6765,1130,1442
15065,2571,3339
2084,360,478
12348,2068,2795
13433,2217,2724
14807,2518,3276
9854,1643,2061
5929,1058,1303
2668,460,573
5140,874,1077
65612,11224,14029
9678,1638,2013
28506,5020,6335
5011,876,1131
17919,3057,4018
9309,1615,2146
7862,1320,1672
1078,194,263
2269,380,483
6525,1150,1400
8241,1430,1872
14709,2505,3316
2297,394,482
7672,1281,1658
36675,6312,8014
4161,689,836
10835,1938,2478
42886,7622,9289
2837,500,617
3555,653,845
18561,3288,4196
9379,1601,1930
28488,4896,6075
25940,4295,5291
6140,1044,1323
19173,3432,4549
15070,2635,3530
5460,972,1173
6494,1135,1491
1745,301,385
5527,961,1146
15335,2617,3422
5200,900,1127
13428,2273,2725
30616,5217,6699
24462,4280,5203
12509,2177,2840
12697,2124,2724
37549,6310,7601
10577,1831,2271
8656,1483,1842
13547,2398,2989
3705,614,766
14346,2480,3100
17526,3014,3571
26471,4308,4850
3436,588,764
8916,1542,1908
1906,340,408
26919,4385,5434
15535,2686,3393
5786,1029,1394
2299,383,451
7859,1386,1672
8923,1537,1969
28186,4879,6210
4536,771,1015
33359,5923,7412
5344,921,1164
18877,3236,4102
12770,2171,2613
16946,2984,3651
3545,628,728
3116,546,639
12406,2159,2689
26577,4646,5881
28769,4982,6503
6448,1110,1403
14617,2520,3287
8256,1464,1945
1359,232,262
8890,1573,1857
8364,1445,1771
5952,999,1286
15218,2627,3293
3824,646,844
3719,669,946
5172,931,1237
16108,2826,3771
11914,2175,2774
8232,1433,1786
11403,1922,2486
26898,4667,5552
4019,664,857
3459,584,741
1678,291,358
2858,489,608
26953,4615,5701
14842,2552,3138
151665,26241,31511
2770,478,540
7313,1258,1523
8315,1390,1817
13631,2378,2918
8276,1368,1692
5001,884,1101
5201,867,1023
15383,2646,3263
8083,1427,1784
7884,1358,1809
5111,882,1039
6969,1196,1543
21165,3788,4633
13615,2341,2925
9645,1632,2104
34926,5880,7443
33042,5863,7010
13980,2304,2762
4972,886,1109
5269,875,1235
20043,3343,4262
43027,7557,9406
13028,2237,2740
42040,7018,8563
15434,2585,3186
11298,1987,2510
9309,1565,1863
42085,7321,9256
19189,3224,3845
17910,3168,3922
14168,2328,2784
14270,2506,3155
17111,3019,3760
10134,1714,2126
31431,5467,6832
12510,2205,2803
12033,2157,2604
472661,82065,104392
2891,538,673
11395,1968,2434
7731,1334,1559
2395,445,523
15047,2690,3239
6132,1102,1393
10506,1890,2745
7806,1364,1703
4125,766,972
7538,1301,1594
11141,2017,2569
17840,2917,3615
8228,1428,1746
5127,868,1098
6751,1204,1361
19663,3345,4179
6385,1139,1412
12411,2195,2815
5116,924,1126
4879,895,1127
9881,1741,2252
33221,5612,6704
2714,483,578
8350,1439,1788
6998,1279,1634
69126,11619,14079
3325,603,820
10646,1835,2348
27221,4654,5671
23583,4010,5289
51011,8820,12252
23785,4283,5335
9657,1686,2117
30320,5233,6374
6814,1190,1470
10220,1838,2416
7174,1265,1560
30187,5104,6568
9519,1685,2235
16594,2885,3628
1040,190,232
3018,516,613
19601,3409,4084
15655,2630,3151
308340,51508,64197
10178,1840,2586
23642,4236,5546
12754,2234,2691
30375,5185,6648
13705,2381,2852
21299,3665,4773
7097,1244,1494
11077,1857,2353
9289,1633,2087
4020,694,937
22814,3877,4971
7348,1228,1470
16664,2707,3418
15838,2791,3546
14583,2507,3123
29031,5153,6574
11823,2048,2497
8143,1499,1894
6509,1136,1480
3966,688,897
34951,5786,7516
15869,2710,3258
3524,624,797
2415,419,522
53659,9157,12036
3563,628,803
7593,1392,1630
13559,2447,3029
6134,1035,1421
19030,3169,3944
4533,762,1093
18893,3387,4363
39193,6765,8533
19581,3546,4317
7610,1328,1613
12843,2209,2665
8425,1442,1792
3027,517,652
16128,2855,3530
9637,1624,2143
7901,1370,1731
10892,1887,2379
25424,4455,5683
16894,2922,3584
9178,1643,1944
17758,3100,4166
34697,6164,7522
6736,1165,1385
85004,14689,17993
7467,1325,1636
12334,2053,2611
74766,12775,15582
15276,2595,3192
13194,2227,3016
9662,1681,2021
15827,2722,3554
18951,3193,4152
7840,1400,1724
8763,1484,1767
17955,3017,3876
18487,3257,4258
27385,4718,5837
13939,2415,2966
16186,2879,3499
30325,5227,6270
6446,1134,1323
7505,1261,1570
5510,942,1264
17012,2877,3708
26468,4378,5567
37534,6381,7632
22207,3894,4778
5415,957,1193
10650,1884,2326
27989,4990,5954
20459,3605,4574
13401,2267,2943
9510,1610,2000
5835,1020,1216
6257,1081,1302
18310,3080,3848
18503,3111,3933
16379,2795,3317
20851,3610,4617
538013,91012,111687
5626,1029,1311
8689,1476,1907
10701,1831,2295
6848,1181,1542
9886,1707,2163
7349,1350,1766
3563,648,805
10813,1897,2391
11091,1873,2237
3065,523,598
4357,780,954
1829,320,419
1036,175,214
21465,3604,4332
14123,2305,2819
13328,2325,2924
16030,2850,3557
6157,1069,1318
26004,4655,5601
6177,1020,1272
3089,522,644
16513,2852,3449
6593,1191,1407
14094,2327,2847
5027,888,1044
2873,481,663
10222,1839,2329
12836,2327,2953
5485,955,1375
12601,2148,2656
9415,1647,2072
19837,3535,4353
10189,1799,2318
2012,358,443
7823,1341,1673
2330,418,487
8353,1410,1818
62639,10833,13556
12647,2166,2792
12209,2129,2843
13184,2227,2675
16861,3006,3759
30690,5414,6742
12187,2170,2644
16105,2840,3296
12248,2053,2736
6611,1143,1449
9815,1711,2238
15686,2673,3208
11841,2009,2387
5726,1022,1343
6502,1114,1328
15842,2780,3656
8185,1424,1928
5004,838,1035
13419,2336,2968
19884,3495,4346
5611,981,1209
13676,2353,2882
6609,1130,1377
21948,3690,4483
13660,2355,3007
6169,1100,1282
14738,2531,3163
12323,2040,2491
24438,4209,5161
3985,667,814
19536,3291,3828
7814,1349,1772
9218,1684,2062
5550,1032,1287
6833,1219,1426
7302,1287,1714
5840,1052,1265
14165,2454,3052
13514,2335,2937
19515,3294,3966
33634,6068,7238
13805,2403,2909
10358,1745,2093
13305,2346,2877
10783,1926,2326
4353,762,970
19177,3321,4085
16759,2884,3570
33733,5825,7104
4202,743,989
18704,3295,4285
16460,2942,3666
15195,2454,2953
16709,3049,4029
21359,3915,5040
11150,1958,2583
12325,2057,2658
3441,589,727
7444,1239,1596
26399,4468,5618
2762,467,588
10552,1843,2208
7508,1284,1683
25224,4189,4813
22327,3756,4408
4695,801,986
4363,762,941
18015,3128,3930
20379,3625,4267
6550,1171,1541
17113,3088,4164
21720,3857,5070
15212,2624,3304
28773,4996,6248
14130,2536,3320
20247,3361,4193
9225,1613,2120
25193,4387,5291
15621,2618,3381
13972,2443,2974
21407,3844,5160
11453,1923,2697
8780,1536,1950
28045,4825,5723
9349,1585,2118
29313,4940,6226
30616,5318,6713
9238,1624,2262
14919,2574,3224
4638,790,1053
14817,2580,3207
13637,2460,3207
6950,1255,1519
6028,1048,1323
8932,1599,2273
8790,1530,1954
16416,2993,3771
34845,5950,7288
6093,1044,1336
13043,2180,2689
5052,865,1049
6441,1070,1330
18466,3173,3981
7929,1377,1666
32657,5729,7364
4112,726,943
26516,4619,5831
10971,1888,2305
24264,4329,5623
11798,1972,2547
21824,3863,4821
6233,1064,1323
10872,1866,2329
11280,1972,2649
43145,7338,8971
11221,1956,2526
21167,3642,4390
1998,363,459
10526,1866,2287
5063,905,1121
14847,2548,3161
20111,3642,4778
3400,597,760
14845,2548,3165
7938,1334,1609
24718,4391,5336
12473,2166,2701
30153,5113,6281
12151,2094,2538
22363,3820,4755
13802,2317,2757
935,160,191
28233,4782,5753
5545,958,1122
22641,3899,4676
16230,2941,3803
10298,1756,2187
78894,13699,17231
12696,2151,2636
9848,1704,2010
11147,1900,2530
14956,2613,3357
62724,10828,13286
14650,2541,3337
6155,1059,1268
18455,3309,4228
23105,4070,5010
17604,3071,3770
12293,2093,2466
12104,2078,2681
8552,1462,1866
18226,3079,3904
7367,1274,1539
41008,7172,9100
7672,1373,1716
13486,2331,2945
25569,4498,5827
9472,1666,2058
29615,5153,6851
3785,659,816
12172,2112,2638
8321,1424,1701
5011,889,1125
20352,3445,4253
5382,931,1094
5839,1022,1270
16243,2833,3550
1331,238,287
47202,8218,9977
16353,2844,3649
16937,3024,3786
21381,3776,4820
7473,1246,1560
11338,2038,2454
18849,3158,3725
9065,1580,1893
5898,1039,1273
15533,2751,3561
8180,1435,1769
19114,3347,3969
12962,2227,2705
15783,2684,3228
13968,2462,3062
37534,6750,8284
7251,1259,1463
15600,2755,3422
10792,1799,2430
6605,1126,1402
24471,4376,5652
33369,5611,7165
11163,1954,2552
23807,4404,5411
4831,812,1028
17751,3001,3608
20457,3554,4380
27605,4989,5921
12477,2213,2990
23975,4095,5427
2224,389,508
8526,1470,1901
4275,736,901
16195,2862,3993
11416,1930,2485
8368,1462,1937
12076,2125,2783
27479,4695,5797
10368,1755,2196
27072,4643,5641
10792,1816,2242
17287,3035,3817
22913,4021,5061
3683,623,743
4621,838,1004
3171,531,735
37482,6381,7947
18090,3162,3963
9777,1703,2055
9175,1616,2091
17155,3042,3860
14488,2541,3154
17993,3109,3738
10698,1852,2310
2070,353,408
6209,1069,1328
20339,3486,4442
28329,4861,6075
26079,4245,4929
9809,1666,2119
12651,2148,2404
15540,2763,3544
19251,3288,3987
12334,2269,2696
8418,1447,1816
22141,3808,4556
58931,9609,11894
9798,1608,2154
22174,3843,4703
12324,2146,2658
26186,4803,6229
45558,7920,9826
13329,2209,2588
18395,3071,4039
9155,1617,2051
4495,773,931
11484,2043,2489
60352,10012,12398
10959,1890,2222
22982,3821,4660
4546,747,1009
21318,3827,4698
22347,3813,5011
24348,4293,5272
7671,1334,1609
7194,1253,1509
2795,499,658
3218,557,665
2032,363,551
22930,3822,5081
4906,797,1070
32899,5705,7307
8451,1414,1789
9674,1662,2220
34764,6338,7855
33013,5676,7102
27766,4794,5884
10403,1765,2290
14762,2531,3122
20541,3494,4380
21291,3641,4875
6740,1203,1531
1932,353,448
24558,4136,5406
10277,1754,2211
35952,6322,7962
73440,12874,15707
1681,288,390
17529,3059,3982
7633,1354,1626
26280,4673,5792
27087,4724,5994
2856,493,637
2172,382,459
2693,466,570
1161,205,239
4633,801,1138
3682,635,797
44419,7486,8885
84553,14374,17801
15990,2755,3471
12574,2174,2687
4325,737,852
3785,653,805
5625,975,1232
8463,1469,1806
9327,1588,2048
2722,502,580
7093,1269,1616
14649,2455,3078
10490,1873,2274
8081,1399,1643
3069,523,752
6286,1144,1328
7586,1256,1754
5494,942,1129
17129,2995,3711
9559,1634,2012
11274,1941,2483
8834,1526,1943
6148,1066,1318
10732,1786,2145
11033,1926,2381
8546,1456,1782
5950,1065,1312
5980,1027,1354
7156,1238,1493
2738,457,599
6628,1132,1390
2701,461,604
3175,550,710
10777,1860,2511
11669,1975,2505
7004,1174,1415
7314,1252,1629
12864,2324,2837
5975,1021,1314
3903,688,863
4884,799,1024
23773,4260,5449
10884,1858,2361
8221,1440,1899
37988,6710,8753
7705,1272,1880
9899,1677,2283
8897,1548,1890
15779,2714,3503
16608,2774,3530
1386,235,315
2555,434,545
11333,1951,2391
11396,1942,2437
19946,3413,4153
15559,2676,3324
2336,395,495
14456,2516,3374
13628,2347,2915
4028,683,906
13814,2284,3011
12849,2227,2861
12749,2209,2634
13533,2281,2862
23865,4125,5096
16633,2924,3772
10830,1839,2320
12954,2222,2827
14584,2562,3186
12140,2096,2765
630,112,133
41852,7157,8784
18543,3174,3790
43812,7473,8962
7799,1392,1668
17161,2968,3598
13764,2257,2806
8409,1429,1807
8056,1401,1732
2802,507,653
10663,1859,2444
10661,1834,2351
17585,3054,4034
6871,1219,1536
3825,661,842
11675,2021,2601
3490,618,990
20252,3520,4386
7320,1262,1574
28892,4930,6078
7242,1263,1574
10263,1724,2361
26020,4687,5928
9073,1580,1943
7979,1424,1697
15669,2692,3491
69669,12391,15755
8657,1459,1739
9569,1611,2179
10663,1824,2362
40428,6953,8651
21764,3634,4454
8787,1455,1896
32748,5667,6986
1243,223,279
12094,2163,2583
4481,787,1027
4629,828,1063
15435,2715,3270
50756,8654,10359
9951,1726,2100
8485,1467,1784
15318,2670,3374
5325,917,1128
16205,2784,3322
8599,1447,1720
24705,4354,5451
24429,4231,5127
10443,1769,2421
16784,2925,3496
12614,2215,2796
23490,4057,4932
56198,9587,11647
17589,2976,3686
21620,3676,4588
10537,1812,2351
29821,5144,6560
8516,1484,1732
41279,7139,8974
8201,1366,1806
25257,4290,5358
3544,610,811
7080,1210,1494
10939,1848,2343
7958,1353,1797
7911,1379,1699
25246,4321,5386
26523,4627,5708
11434,1972,2500
1869,353,427
2228,389,527
28661,4897,6351
3633,631,825
5110,875,1205
13716,2400,2856
10127,1767,2350
5240,918,1175
25357,4468,5434
5704,991,1279
7795,1384,1610
7275,1268,1643
18296,3176,3944
90917,15256,20760
3312,574,731
6863,1157,1556
49493,8409,10016
6233,1071,1414
4771,818,1148
24250,4201,5273
24401,4082,5228
53588,8898,10740
2759,471,618
4148,727,863
11918,2117,2639
21766,3800,4534
2228,385,451
2238,393,523
20290,3506,4532
2240,386,456
4227,748,927
1073,184,229
5671,977,1197
4119,707,871
6513,1178,1405
4227,749,925
13651,2321,2778
18211,3123,3735
6589,1183,1501
57582,9988,12187
57281,9849,11834
13219,2355,2792
11440,2009,2573
11203,1974,2561
6947,1221,1526
19469,3370,4169
16774,2951,3844
22709,3930,4803
17857,3133,3910
3945,667,825
7355,1279,1603
40050,6954,8955
833,138,188
5953,996,1188
9341,1606,2033
11344,2011,2477
5955,1000,1194
11024,1926,2656
16064,2668,3203
34522,5967,7189
34813,6009,7129
8909,1545,1860
6948,1193,1507
879,159,214
19458,3310,4449
7747,1326,1731
14757,2548,3373
2382,396,487
4795,849,1101
10619,1881,2431
23007,3969,4713
918,170,197
22083,3654,4735
13544,2395,3055
3515,616,711
3032,533,648
19311,3353,3851
18189,3145,4032
10869,1868,2573
22198,3817,4720
13159,2236,2952
10474,1829,2210
9664,1651,2155
20523,3605,4492
16475,2858,3469
9222,1623,2031
17817,3156,3835
10995,1870,2198
45733,7892,9739
45861,8025,9706
10503,1835,2331
2187,381,427
49569,8525,10025
36105,5989,7472
24991,4353,5402
2154,372,446
24843,4319,5321
25799,4483,6068
7586,1277,1635
9155,1566,2061
34021,5912,7613
17287,2924,3847
9202,1595,2044
6698,1157,1393
14849,2598,3325
25664,4334,5284
9164,1603,2031
20462,3572,4308
8898,1559,1831
9682,1673,2179
12770,2213,2843
4842,847,1194
249261,43732,52920
20132,3502,4324
27165,4702,5587
22442,3857,4829
11169,1878,2272
9736,1726,2283
16478,2841,3356
19527,3300,3746
21483,3760,4546
21277,3634,4759
18817,3236,3971
29507,5029,6504
5538,953,1154
10631,1817,2200
25084,4397,5711
55154,9461,11775
18735,3295,4236
13737,2383,3149
10988,1902,2337
8549,1479,1876
49847,8330,10167
42978,7608,9925
2997,512,630
14646,2590,3156
13839,2279,2769
18143,3131,4047
13914,2428,3236
2579,438,513
4290,742,995
4977,847,1080
42696,7673,9824
5703,938,1145
53850,9058,10919
15837,2833,3754
65623,10888,12811
7352,1265,1551
7255,1236,1548
7032,1261,1481
8653,1462,1758
8616,1494,1898
13816,2280,2978
19727,3360,4476
32429,5803,7171
23015,4159,5394
16785,2772,3443
7110,1179,1489
33076,5688,7086
5529,962,1240
8703,1504,1989
25979,4360,5349
11723,2013,2382
16004,2892,3546
102003,17615,21898
8071,1404,1839
7872,1383,1684
19348,3373,4275
7184,1235,1616
7166,1230,1584
11687,1992,2567
5805,1102,1341
16473,2771,3448
21210,3842,4732
25094,4488,5827
105837,17875,21443
14038,2509,2943
5285,920,1180
14467,2580,3433
9590,1700,2011
10113,1769,2240
8391,1419,1901
7535,1290,1678
10484,1872,2324
28984,4980,6239
22346,3866,4426
22399,3822,5352
36548,6396,7945
18839,3120,4071
29898,5177,6700
2668,483,607
30332,5232,6728
1196,209,249
17039,3015,3901
4881,846,1103
13831,2411,2914
8706,1458,1798
21059,3543,4664
13757,2418,2904
25475,4291,5171
14697,2494,3280
7258,1257,1888
17738,3043,4003
5910,992,1331
20898,3556,4304
25108,4254,5514
3462,591,767
54437,9833,11786
28041,4888,5844
20213,3429,4442
108948,18227,22435
4613,779,1120
1109,183,288
14674,2513,2992
37923,6361,7890
6446,1086,1367
4934,862,1126
45328,7893,10129
1287,227,257
13824,2425,2889
14482,2497,3068
5125,832,1254
10810,1833,2132
37170,6522,8118
11006,1930,2317
20921,3674,4747
19552,3413,4271
11524,1970,2825
23035,4018,4864
24025,4047,5128
5088,884,1128
2714,480,596
45006,7665,9333
17276,3003,3597
8943,1553,2254
11686,2046,2482
27120,4565,5939
15416,2605,3313
11643,1979,2522
14237,2471,2950
18457,3301,3897
4593,777,915
4735,834,1039
14395,2390,3026
19916,3411,4427
5142,863,1103
3989,698,909
9232,1563,1831
13046,2233,2794
56716,9610,12643
37183,6619,8174
13772,2356,2889
15674,2794,3714
5513,991,1279
4659,792,1048
13451,2340,2725
657,110,128
3030,507,669
16778,2959,3926
6183,1076,1385
37660,6481,8016
13370,2353,2795
4574,820,987
9392,1630,1989
32202,5640,6769
3870,695,947
4920,891,1076
6841,1237,1503
4099,713,898
15566,2667,3160
32176,5815,7318
34508,5816,7289
3073,521,639
27522,4659,5689
3974,675,807
38916,6290,7712
14396,2545,3234
12681,2248,2952
11546,1982,2490
26326,4411,5567
29002,4891,6146
15379,2636,3262
9825,1697,2253
46861,8050,10400
20467,3348,4333
17788,3084,3871
30461,5102,6708
9732,1754,2106
16107,2756,3554
9634,1737,2136
9372,1619,2080
18978,3267,3947
25244,4324,5249
17324,3156,4095
10023,1805,2099
23305,4021,4815
19530,3465,4582
6095,1081,1275
10317,1780,2387
27056,4495,5667
8318,1489,1821
11156,1949,2483
87681,14705,18087
15143,2705,3403
4698,779,979
31974,5246,6560
11636,2107,2467
14343,2483,3310
18331,3069,3884
5880,1032,1263
46722,8179,10885
14600,2553,3227
7745,1297,1688
59657,10450,13397
31369,5387,6381
14163,2431,2953
21198,3689,4630
2775,485,577
3996,694,931
2802,488,596
40453,7073,8874
18394,3094,3801
2789,485,618
7308,1320,1642
7368,1351,1676
4727,831,1039
45396,7790,9365
59892,10819,13622
28738,5040,6195
18704,3248,4079
19635,3336,4172
33785,5706,6888
5511,942,1369
29933,5267,6299
7964,1361,1652
5487,958,1241
46205,7735,9727
5402,957,1183
17172,2940,3877
9854,1731,2140
11879,2077,2589
22367,3831,4623
16672,2812,3611
5505,973,1178
16744,2995,3745
3027,547,661
20394,3354,3979
26530,4468,5613
9490,1689,2149
70759,12199,14451
15002,2484,2993
5244,927,1081
18095,3073,3550
11963,2118,2752
2755,482,631
6328,1070,1354
4580,830,985
8287,1397,1683
5245,916,1067
17719,2920,3593
5392,927,1215
35557,6004,7526
23650,4029,4915
4008,695,818
8339,1462,1809
13504,2329,2747
13069,2205,2738
41369,7227,9265
12538,2220,2732
12701,2237,2640
29073,5019,6247
3555,601,781
9702,1576,1973
4992,902,1226
44779,7887,9824
3861,656,834
4921,905,1229
15292,2606,3240
28909,4941,5838
12968,2231,2848
8037,1402,1728
43732,7579,10027
17958,3107,3882
31233,5613,7174
23558,4097,4996
1047,166,230
7739,1345,1628
1061,172,235
6008,1014,1212
26232,4440,5639
5387,924,1205
18887,3322,3977
7719,1311,1676
7920,1389,1801
37989,6761,8625
12436,2276,2681
5614,1024,1231
4570,787,1023
16416,2671,3507
27859,4843,5921
3799,640,766
15716,2624,3342
26726,4666,5972
28479,5133,6605
20500,3486,4335
4292,759,980
46072,8060,10459
1949,357,416
24784,4101,5067
20355,3470,4410
6445,1130,1370
7211,1238,1547
1630,282,338
20943,3519,4610
34359,5902,7159
1525,257,302
4767,848,1125
12034,2135,2822
21678,3720,4539
9584,1627,1949
2098,371,464
22023,3766,4806
16594,2924,3624
10939,1917,2261
12644,2204,2729
2240,385,476
6860,1176,1564
6896,1193,1445
14369,2473,3135
22694,3857,4761
39396,6809,9031
3926,685,841
5613,986,1236
6986,1140,1456
32592,5646,6965
29131,5292,6810
19660,3514,4609
31287,5528,7029
17578,3031,3588
12806,2313,2968
7688,1302,1596
15420,2693,3235
10956,1872,2311
6655,1130,1407
9502,1694,2141
8896,1616,1961
9374,1670,2149
22596,3909,4864
29410,5152,6202
2863,472,610
49972,8657,10842
13682,2393,2906
5984,1006,1253
13552,2367,2890
18993,3180,4248
53076,8852,11725
17188,3037,3594
22049,3930,5022
2814,486,593
20721,3608,4594
5275,929,1101
40472,7069,8582
7273,1247,1477
25649,4262,5265
25310,4590,5602
7459,1384,1628
9457,1710,2087
4889,839,1080
14863,2543,2952
9191,1568,1982
9363,1604,2008
111,20,23
4184,688,1030
3780,682,900
12556,2206,2673
23604,4021,5069
5541,953,1177
12504,2161,2660
20657,3483,4173
11549,1978,2529
11610,2111,2681
13975,2460,2986
4422,762,944
10023,1730,2126
10050,1666,2117
38014,6511,8412
13577,2408,2991
4359,764,978
11883,2047,2526
4244,751,1012
34117,5926,7127
14511,2440,3182
17151,3118,4201
31303,5372,7176
20954,3620,4504
150772,25006,30968
26583,4497,5469
12048,2135,2665
9062,1508,1895
17866,3124,3920
4780,820,1013
8244,1462,1923
6495,1157,1476
13249,2360,3078
10428,1780,2313
8732,1447,1816
2476,426,547
2510,423,558
2080,350,456
3466,579,750
3371,566,711
3840,665,807
1380,232,316
10704,1906,2456
26866,4656,6259
8534,1455,1777
21028,3644,4405
26179,4553,5451
8001,1462,1733
11024,1848,2306
18128,3093,3682
6689,1133,1399
17084,2930,3756
12713,2134,2844
5807,1026,1279
7901,1365,1727
6175,1101,1558
5625,983,1188
5301,905,1223
6231,1051,1267
7572,1274,1588
13023,2215,2715
11576,1973,2674
14751,2571,3163
7114,1224,1613
8612,1461,1803
14829,2343,2948
7283,1201,1445
4666,765,953
12824,2227,2682
60101,10455,13009
9222,1617,2034
27334,4642,5666
21563,3764,4839
11446,1974,2595
21029,3605,4549
21277,3656,4323
16970,2984,3913
39979,6892,8773
10304,1913,2372
6237,1035,1275
17072,2792,3347
8026,1417,1755
12361,2142,2587
2641,471,566
4236,716,893
12417,2186,2590
3484,614,767
11882,2107,2590
3550,622,782
25254,4211,5363
5965,996,1217
10691,1862,2227
9719,1674,2086
15315,2549,3127
10075,1758,2359
6123,1064,1300
11808,2033,2523
16508,2758,3472
11867,1994,2253
13578,2321,2824
28653,5181,6056
8153,1447,1847
4688,823,1021
19604,3419,4191
13526,2333,2778
6394,1075,1555
18901,3269,4301
8495,1479,1857
11806,2120,2721
13558,2383,2929
20144,3536,4480
21561,3697,4776
21315,3673,4489
21783,3789,5322
14017,2420,3122
9492,1575,1929
10469,1799,2285
11315,1880,2401
23823,4245,4993
10620,1873,2358
12195,2138,2593
9800,1700,2139
23864,4191,5262
10254,1787,2402
13005,2262,2885
24650,4263,5100
13765,2403,2995
18133,3051,3836
26254,4564,5912
5098,824,1000
15214,2640,3317
12423,2196,2723
18462,3191,4010
18881,3219,3954
18818,3202,3967
15028,2585,3112
25119,4361,5548
23035,3953,4824
13222,2346,2935
24792,4388,5486
19174,3260,3919
8793,1504,1935
55787,9939,12789
10107,1826,2121
28366,4808,5968
5259,920,1215
23636,4174,5248
20557,3532,4646
10133,1771,2155
67454,11581,14936
9495,1630,2016
13929,2291,2826
28026,4946,5777
46382,8167,9612
3288,566,766
12349,2077,2582
10558,1775,2279
17001,2883,3622
27906,4829,6338
2743,512,676
5001,877,1073
14033,2450,3047
25900,4437,5611
10619,1821,2240
32377,5620,6457
22419,3898,5019
21600,3712,4597
15507,2702,3331
17554,3007,3840
70038,12116,15104
3365,553,799
18539,3153,3861
42481,7490,9769
7607,1300,1510
22693,3836,4794
24499,4297,5251
18317,3150,4077
10458,1781,2222
7415,1265,1680
23302,4066,4879
8110,1407,1940
12955,2150,2797
21284,3579,4347
62725,11063,13957
27024,4717,5728
5317,930,1150
17644,3020,3869
12880,2204,2711
26987,4791,5862
18202,3139,3992
11108,1897,2327
13963,2426,2927
14900,2635,3607
26528,4602,5712
4658,791,1028
13504,2255,2838
27133,4606,6028
4429,756,961
8958,1466,1907
15593,2671,3387
6498,1105,1401
15320,2665,3339
1581,271,358
12961,2250,2804
16201,2878,3631
6918,1188,1442
31487,5442,6900
38467,6717,8158
25951,4546,5577
12306,2108,2617
27274,4668,5723
16589,2760,3319
15492,2637,3257
50561,8489,9940
1979,339,462
23410,3963,5000
17145,2879,3449
27648,4713,5866
4391,791,1050
12147,1988,2522
33301,5702,7325
12188,2063,2747
7880,1315,1648
16374,2779,3362
13498,2432,2917
5969,998,1252
21331,3709,4711
19446,3380,4051
4129,683,849
21138,3682,4672
55667,9885,11711
11245,1831,2215
5004,858,1054
6025,1000,1250
6397,1097,1430
3281,529,669
39474,6867,8580
5018,845,1120
12740,2232,2672
11696,2068,2491
12909,2327,2840
5074,901,1130
11041,1875,2601
16997,2869,3720
11032,1897,2588
10084,1720,2089
5961,1043,1316
26047,4524,5770
18231,3088,3760
11262,2001,2351
15544,2727,3412
5366,961,1224
2898,468,623
9187,1576,1962
11913,2023,2492
29459,5057,6070
9186,1580,1999
4670,816,1071
7978,1383,1754
12561,2115,2608
19172,3410,4361
19167,3459,4261
4080,680,844
14828,2578,3304
3280,562,762
17066,2929,3627
1574,266,362
12106,2124,2565
7646,1349,1689
5400,956,1289
16528,2816,3398
16725,2913,3716
17971,3163,4151
6047,1043,1438
8676,1509,1892
54064,9204,12001
68143,11734,14196
8490,1379,1749
9832,1737,2156
9043,1543,1827
20236,3528,4600
12175,2036,2534
3070,540,659
3199,569,701
5500,936,1224
5108,871,1197
5006,863,1066
13160,2230,2839
14070,2487,3105
67512,11361,13705
35383,6206,7801
5403,968,1264
12435,2180,2778
18076,3036,3895
15909,2698,3306
6606,1158,1487
26497,4722,5541
20418,3576,4439
7453,1198,1635
12916,2356,2999
8580,1490,1855
4840,841,1095
11725,1991,2437
8010,1460,1784
9360,1674,1992
24721,4396,5798
14321,2444,3204
18793,3182,3750
13720,2326,2798
11370,1953,2532
9265,1623,2047
16485,2902,3456
11903,2086,2573
19534,3435,4171
22491,3909,4664
32245,5743,6716
21473,3772,4411
28759,4960,6275
9885,1660,2200
13987,2493,3196
23508,4203,5422
5439,963,1196
36744,6125,7479
11184,1970,2324
8278,1451,1870
5588,969,1180
23566,4023,4966
12164,2084,2473
6472,1173,1395
25816,4474,5504
12082,2081,2482
6715,1141,1497
5967,1037,1347
4910,882,1162
8444,1389,1741
11574,1937,2447
22410,3899,4834
7505,1302,1611
13916,2523,3201
19002,3305,4272
5331,931,1110
12743,2223,2941
12381,2026,2577
27138,4646,5675
12518,2135,2839
25918,4243,5314
1791,307,398
12312,2215,2730
14266,2444,3063
49817,8757,10947
21308,3627,4560
3373,622,726
4371,748,907
4553,818,986
18414,3243,3855
21025,3642,4405
14431,2579,3128
12383,2081,2655
15054,2697,3536
14391,2415,3315
38535,6885,8537
13850,2493,2885
104512,17465,21727
30139,5407,7096
25737,4504,5300
18536,3159,3834
13330,2327,3093
17341,3058,3654
17804,3104,4319
6386,1166,1471
9810,1755,2225
12094,2135,2723
5635,1033,1340
19428,3348,4091
11117,1957,2590
15216,2587,3256
4140,697,859
40837,7103,8661
10011,1700,2072
6568,1130,1460
30699,5241,6201
6241,1070,1440
14656,2574,3258
46733,7946,9916
3984,683,934
7830,1350,1704
2688,465,647
11195,1827,2223
5531,974,1361
13711,2451,2972
14716,2506,3163
12102,2104,2901
10110,1732,2249
9487,1616,2048
7420,1315,1579
7950,1392,1830
8072,1367,1627
4444,793,946
14614,2465,3052
22310,3868,5310
12702,2222,2750
14573,2453,3031
19853,3420,4347
13046,2249,2684
5864,993,1259
3881,646,848
24358,4189,5235
36455,6195,7756
7818,1302,1552
16698,2831,3485
11804,2067,2436
9883,1778,2141
10207,1761,2024
5641,967,1140
35241,6141,7698
24929,4427,5585
10368,1789,2045
9853,1778,2102
38471,6539,7989
6625,1175,1509
8786,1521,1961
18012,3099,3875
9212,1567,2070
13547,2325,2770
4848,852,1129
45047,7853,9318
12376,2088,2659
12611,2181,2600
10288,1755,2256
19753,3347,4234
15350,2742,3294
10971,1913,2612
19375,3314,3932
13974,2433,2903
7483,1322,1699
13228,2289,2876
11775,2013,2471
28434,5051,6311
11961,2091,2610
10984,1887,2313
30603,5397,7125
2305,376,456
12851,2309,2832
3862,693,944
47156,8167,9684
12359,2147,2647
24425,3976,4819
22501,3833,4884
22510,3847,4867
12811,2191,2921
46217,8206,10385
67968,11507,14724
12597,2248,2770
13051,2273,2782
13652,2298,2761
2852,501,666
4748,772,969
14952,2704,3458
21298,3710,4378
11150,1957,2504
7688,1295,1628
26283,4442,5730
25809,4550,5521
16873,2958,3509
9605,1622,2070
5934,1024,1287
12000,2076,2806
16937,2970,3542
16799,2891,3555
19407,3254,4230
6828,1144,1402
7543,1297,1581
9077,1559,2007
9503,1642,2017
8152,1428,1983
9088,1649,2193
6387,1040,1483
14716,2508,3268
11431,2048,2517
80225,13596,17557
7506,1284,1537
5119,907,1152
13172,2337,2942
9288,1565,1972
13024,2253,2714
10610,1799,2189
16851,2918,3655
6030,1008,1276
8227,1396,1620
18435,3167,3903
13981,2441,3114
27557,4713,5705
19144,3323,3956
8478,1452,1869
17151,2952,3727
7328,1296,1522
17652,3037,3530
38618,6708,8411
11908,2092,2521
14987,2554,3092
9489,1650,2020
11814,2041,2563
7435,1286,1570
10448,1844,2163
10981,1907,2310
17056,2947,3789
10959,1904,2607
13395,2251,2691
4336,743,847
22629,3867,4848
12696,2207,2875
7393,1328,1660
12739,2199,2949
15631,2646,3269
15729,2597,3265
13945,2457,3124
10709,1768,2227
11387,1973,2439
4857,844,1005
15155,2645,3220
1764,308,377
20986,3584,4542
14055,2429,2993
10341,1679,2053
14329,2440,2993
20127,3480,4484
3186,562,716
8145,1440,1819
22349,3946,5105
6735,1183,1480
7076,1255,1588
10210,1784,2040
10194,1777,2226
14091,2379,3220
10791,1872,2275
4022,715,944
24389,4194,5318
13600,2457,2890
29638,5146,6648
10547,1775,2200
4387,757,941
9724,1623,2157
5176,913,1146
10804,1942,2370
16230,2666,3489
17870,3137,4069
6130,1081,1327
24741,4260,5216
13184,2384,2921
7374,1342,1736
17425,2953,4010
11883,2095,2691
26566,4659,5649
19337,3309,4446
20871,3556,4479
17360,2931,3876
17424,3122,3797
6493,1120,1518
7474,1350,1829
6266,1093,1348
7435,1270,1681
14847,2500,3084
25176,4471,5422
21739,3813,4618
24425,4182,5113
5326,932,1127
4984,801,990
42991,7218,8747
16848,3050,3672
43471,7485,9388
24670,4256,5304
34342,5802,7223
31160,5488,6854
27414,4733,5785
18649,3292,4152
7345,1320,1623
6823,1222,1522
10616,1875,2456
4657,804,1068
29284,4875,6014
13202,2302,2909
2042,353,479
37644,6395,7795
13457,2326,3083
15356,2645,3290
4109,694,822
2830,505,644
1613,284,368
15415,2686,3059
27536,4936,6101
2068,355,480
11042,1927,2328
10001,1782,2182
21438,3741,4640
6491,1136,1444
13345,2305,2875
64428,10709,13214
2103,381,511
12305,2116,2551
22404,3908,4678
18287,3153,4053
23358,3932,4987
8965,1565,2027
34995,6133,8161
7767,1354,1847
4697,816,1056
6400,1133,1486
39150,6958,8561
9786,1638,2039
30234,5149,6871
3679,620,823
24552,4224,5248
29399,5135,6065
64362,10865,13121
8844,1550,1955
55985,9011,11101
6291,1072,1235
6781,1219,1427
83342,14233,18967
10889,1849,2242
8075,1442,1843
6023,1021,1202
1663,257,338
5231,866,1074
18400,3098,4305
7840,1335,1673
13016,2211,2890
16529,2788,3635
4912,884,1027
62873,10450,13119
32288,5334,6659
25613,4367,5586
11360,1891,2351
5797,1001,1255
57779,10000,12557
8083,1427,1823
28405,4789,6146
5806,1000,1372
2204,357,484
1690,285,330
21997,3866,4732
6203,1071,1305
39273,6838,8790
17422,2992,4283
21193,3510,4609
20564,3419,4234
8432,1445,1689
40628,6961,8348
20486,3520,4372
38187,6233,8014
24558,4210,5312
8775,1533,1972
20302,3299,4007
14394,2497,3126
5822,974,1212
14979,2579,3323
24701,4421,5469
6961,1221,1604
6311,1106,1365
22864,3870,4562
21664,3491,4415
8516,1518,1974
3310,584,733
9579,1648,2110
12730,2066,2577
8628,1444,1952
3749,657,814
31983,5392,6839
8627,1481,1847
2877,494,662
4392,761,960
3299,575,747
12984,2187,2831
3352,600,734
7637,1287,1794
6667,1163,1577
99617,16634,20195
5203,897,1154
7019,1210,1519
35032,6203,7921
6181,1101,1341
4778,807,1169
3820,655,836
11523,2021,2596
32503,5504,6765
11921,2103,2791
2618,436,601
8442,1473,1864
16716,2929,3809
9945,1743,2066
2246,374,504
133091,22400,26762
82953,13844,17281
139498,24546,32058
6937,1174,1558
15845,2703,3521
8516,1529,1982
13372,2346,2844
13146,2289,2843
22887,3973,5047
8398,1448,1695
33523,5789,7300
5773,1013,1326
15621,2681,3661
10417,1818,2345
12140,2146,2557
19785,3378,4141
16074,2823,3857
4475,756,1007
24544,4247,5454
12248,2073,2494
7451,1298,1673
15245,2618,3186
23643,3913,4739
9996,1746,2272
30930,5273,6455
11146,1908,2351
14862,2533,3270
23751,4146,5918
34322,5843,7837
753,132,156
21854,3803,4608
37400,6298,7737
3623,616,843
9773,1680,2049
1309,224,286
56054,9667,12690
10007,1819,2243
59088,10256,12393
15251,2768,3474
12547,2243,2708
8049,1411,1767
546,93,115
73239,12518,15610
5052,881,1113
72301,12357,14963
5940,1026,1259
19420,3255,4439
8357,1467,1823
45024,7686,9190
3252,563,708
38451,6512,7659
6738,1146,1581
36647,6497,8128
9414,1602,2090
11135,1887,2420
6192,1027,1218
94204,16146,19814
4583,800,997
8794,1534,1984
17552,3016,3739
45878,8146,9893
23989,4140,5255
90376,15169,18472
25266,4326,5309
16927,2927,3591
15173,2560,3282
7050,1258,1600
3283,560,670
8618,1464,1792
10325,1781,2216
3970,697,811
11931,2132,2587
8685,1493,1882
8367,1437,1766
2804,476,622
8642,1487,1877
6328,1110,1333
5869,972,1208
7216,1255,1549
15662,2694,3406
7557,1300,1583
18349,3081,3759
3770,660,839
14733,2662,3210
6072,1044,1270
1022,179,254
8100,1409,1732
5884,995,1329
3019,533,645
6473,1122,1443
842,158,200
36621,6330,7840
82301,14111,16904
14292,2506,3069
23130,3997,4987
6550,1112,1479
26774,4639,5569
11234,1996,2455
2141,365,467
12425,2178,2738
10336,1739,2312
7386,1235,1549
17033,2912,3738
5574,1036,1431
6457,1110,1385
9830,1729,2235
13438,2273,2943
15777,2696,3326
3844,667,844
7067,1237,1715
16835,2905,3587
7843,1377,1694
30230,5055,6172
14335,2529,2964
9117,1562,1998
29183,4908,6128
5542,932,1188
4180,704,914
54288,9601,11502
7796,1370,1689
19283,3207,3742
6248,1069,1280
5397,967,1294
12032,2138,2455
5687,995,1331
9096,1437,1857
15065,2646,3168
11779,2021,2669
16644,2966,3650
27301,4644,5599
79549,13368,15742
17959,3049,3829
18461,3272,4225
11266,1982,2376
29884,5003,5987
37720,6614,8064
20821,3611,4434
19178,3250,3791
2201,389,482
2296,414,548
45046,7690,9426
22656,3958,5025
5487,951,1178
3689,633,773
6314,1120,1446
12163,2047,2502
40962,7127,9440
1538,262,327
13473,2204,2683
10981,1913,2285
69437,11489,14420
166,25,38
9675,1616,2103
15904,2744,3595
21663,3651,4658
6164,1079,1461
15272,2575,3188
2805,482,628
33371,5396,6752
11946,2162,2643
37018,6244,7922
12118,2108,2695
2976,509,586
1683,287,342
11770,2036,2669
3392,604,696
10500,1792,2139
12162,2044,2529
6432,1086,1302
9942,1662,2160
22731,3931,4973
19445,3419,4158
6394,1080,1369
11915,2060,2723
11578,2018,2526
16156,2598,3529
13480,2369,2882
12936,2309,2779
22447,3755,4708
6925,1197,1432
6238,1096,1329
151683,25389,30114
41641,7247,9380
8984,1483,1802
54948,9575,11914
37978,6473,8867
22041,3898,5122
45063,7647,9467
11933,2146,2558
124126,21189,27231
39975,6768,8488
19674,3547,4374
33388,5697,7093
29497,5162,6117
51851,8802,10707
29766,5016,6317
29173,5099,6091
28057,4702,5763
4596,725,917
11842,1931,2549
19784,3404,4671
15285,2605,3073
22416,3582,4502
16137,2753,3469
19392,3473,4149
49348,8425,10390
22222,3718,4670
30299,5229,6419
4534,790,925
31905,5667,6861
16580,2897,3740
28060,4903,6368
14263,2437,3121
9446,1665,2181
92691,14951,18858
9516,1620,2011
36535,6179,7705
37947,6846,9181
1865,314,391
11847,2136,2526
27403,4602,5580
15395,2609,3229
7095,1191,1844
3505,581,722
6372,1080,1379
22915,4016,4660
3101,545,733
39740,6928,8494
5673,989,1269
23281,3976,4962
9384,1612,2020
10397,1831,2373
7013,1228,1467
18055,3138,3923
12857,2277,2769
7345,1291,1643
37514,6576,8610
25490,4367,5413
7402,1246,1566
3361,561,782
16979,2877,3614
5520,1008,1366
7574,1257,1522
3398,596,795
967,166,226
839,155,185
2039,351,450
6414,1088,1390
7456,1268,1527
7078,1242,1577
8110,1467,1808
31372,5062,6581
3712,644,850
81129,13642,17236
74671,12784,15997
16059,2836,3482
17258,2971,3846
17569,2942,3671
40504,7030,8515
5305,922,1162
14668,2575,3128
4216,724,849
8337,1431,1932
13320,2250,2875
22874,4046,4721
18592,3156,4190
12985,2271,3214
7284,1290,1565
51978,8952,11633
10489,1881,2182
8019,1344,1718
18714,3038,4035
16839,2906,3999
12438,2212,2733
6091,1055,1265
14681,2534,3534
5745,976,1259
15030,2658,3311
27373,4667,5606
4866,858,1156
8454,1487,1969
22182,3791,4669
26638,4689,5543
24100,4041,4922
21632,3698,4797
2570,441,617
15276,2643,3194
18963,3324,4353
1029,173,234
19357,3262,4229
6247,1137,1479
30741,5207,6438
6469,1138,1433
13003,2098,2650
12707,2179,2900
3531,605,726
5281,895,1045
1929,326,418
13051,2260,2755
5942,993,1262
15892,2737,3409
5350,902,1154
4604,786,958
10373,1778,2161
10813,1724,2108
6303,1029,1324
32788,5634,6965
5542,963,1175
9103,1551,1847
3248,585,792
19996,3361,4246
2921,531,612
51790,8791,11062
19413,3221,3902
24449,4334,5156
6537,1133,1442
13171,2185,2885
26164,4410,5123
9389,1566,1825
39954,6750,8446
63158,11108,13945
11187,1938,2461
8186,1405,1718
6084,1101,1354
20155,3592,4595
16244,2814,3675
6955,1190,1548
21271,3564,4555
48129,8141,10190
91408,15927,19743
24661,4112,5228
6985,1241,1553
6329,1155,1473
25455,4142,5574
181580,31324,38481
4393,788,1028
7792,1387,1782
24973,4403,5385
24696,4371,5272
4937,875,1092
2892,511,618
8156,1359,1797
9336,1541,1945
20122,3447,4222
2767,488,568
4792,831,1001
3768,690,968
9530,1679,2037
5681,968,1183
10838,1795,2033
2615,424,477
17836,3001,3896
30094,5265,6314
10698,1832,2504
37275,6075,7657
17937,3016,3898
45529,7647,9882
6337,1085,1338
25192,4263,5177
3919,607,888
8663,1640,2012
16369,2815,3448
10584,1810,2425
40842,6862,8280
27995,4965,6257
944,156,211
28074,4990,6298
12986,2194,2806
8973,1582,1959
48627,8200,10778
28840,4716,6460
17270,2942,3766
17010,2946,3839
19181,3401,4245
11209,1980,2589
24301,4038,5296
28772,4858,6114
43086,7296,9113
35589,6112,7617
4144,721,920
12240,2086,2644
4894,813,1059
16457,2751,3491
14033,2365,2861
6239,1097,1418
8646,1479,1728
5922,980,1244
18536,3156,3855
8665,1448,1657
2936,500,626
12021,1987,2417
14625,2621,3203
12676,2222,2704
22841,3902,5194
7258,1249,1537
14459,2508,3033
68418,11660,14972
44758,7943,9457
10770,1818,2176
13603,2451,3072
12130,2021,2386
12647,2225,2803
15585,2697,3300
25480,4277,5452
41832,7074,8621
7065,1224,1473
12792,2203,2756
22934,4169,5875
7202,1236,1645
1951,345,429
6881,1184,1407
13403,2269,2859
7135,1189,1491
18684,3280,3907
8493,1534,1799
4367,771,898
32318,5236,6450
18321,3164,4361
11294,1903,2621
19014,3268,4291
10065,1760,2068
68057,11278,14129
31255,5630,8124
17196,2979,3484
21636,3723,4490
9321,1569,2034
11502,2014,2519
20524,3600,4579
30816,5341,7278
55103,9223,11176
975,169,219
3366,591,735
8900,1534,1799
28419,4803,5983
16329,2755,3411
8987,1551,2031
16414,2743,3721
10116,1789,2193
28569,4948,6657
16837,2903,3908
24774,4308,5215
24538,4116,5214
8238,1400,1735
29440,4728,5784
6620,1170,1532
21750,3771,4603
11037,1964,2490
27788,4963,6943
5168,889,1136
14415,2358,2876
74390,13164,16548
49863,8299,11060
21335,3558,4620
11795,2084,2564
6923,1234,1511
11490,1963,2386
13227,2348,2813
41184,6831,8355
4531,778,925
20029,3442,4158
12584,2125,2577
34311,5770,7226
39727,7019,8576
22893,3898,5306
4358,728,927
24838,4197,5467
16713,3000,3683
9131,1555,2075
23280,4067,5040
1485,252,324
31082,5200,6350
17642,3064,3611
6972,1178,1437
23742,4110,4902
19682,3227,4345
58339,10001,12500
4009,677,919
1820,310,404
1558,277,320
8668,1547,1989
3770,628,756
1980,343,435
14770,2610,3346
4311,729,972
6081,1024,1296
12836,2147,2835
22001,3724,4608
19839,3324,3925
23752,4117,4899
5016,853,1065
3888,662,819
2684,450,641
22241,3788,4791
22862,3929,4747
83549,14482,17818
8150,1400,1633
5731,944,1211
7772,1320,1605
4795,812,1019
21992,3804,4843
12039,2097,2951
3328,560,668
1608,262,370
12851,2152,2463
33138,5637,6779
1469,229,305
32687,5723,7700
8009,1330,1637
18114,3099,3665
12793,2158,2684
9796,1631,1998
14159,2376,2913
6370,1095,1392
2236,380,510
7754,1283,1586
4601,860,1081
11020,1905,2449
7898,1357,1750
5303,887,1106
5268,872,1116
2983,483,633
21076,3677,4569
5537,954,1276
5870,1076,1379
28831,5069,6735
3782,650,786
5741,1033,1264
7476,1300,1639
4193,701,899
7216,1223,1577
2523,429,510
5516,998,1291
6820,1153,1515
1770,309,353
25083,4259,5729
33614,5803,7309
15916,2785,3470
59892,10247,13027
6247,1152,1514
9179,1614,1931
22093,3901,5241
19061,3421,4187
16558,2914,3852
12383,2121,2562
4256,738,903
15609,2777,3627
34341,6027,7004
14212,2475,3008
27834,4771,6548
10181,1770,2358
14792,2580,3292
12543,2105,2630
4009,664,836
4423,748,980
7873,1393,1722
21803,3660,4629
58297,9872,11951
15025,2471,3197
11137,2089,2445
3119,570,696
5780,971,1208
3457,633,794
9157,1576,1857
9874,1727,2215
1946,326,411
9379,1683,2051
1999,339,395
9792,1779,2119
11889,2119,2693
16085,2654,3341
5651,1075,1336
4846,806,1024
5215,892,1206
1590,260,313
28329,4704,5741
14136,2368,2950
2088,357,443
1094,177,211
9791,1690,2108
8368,1436,1761
16480,2720,3166
69623,12032,15014
13173,2328,3245
19792,3530,4485
17314,2970,3736
6480,1119,1309
7766,1336,1619
6731,1141,1517
24146,4116,4962
17078,2857,3688
29702,5156,6466
1358,226,292
17563,3029,3919
12122,2068,2629
5290,927,1165
18640,3107,3961
10267,1840,2271
6228,1079,1254
9346,1656,2145
4271,713,921
6830,1240,1500
21218,3732,4568
4131,694,940
27786,4694,5971
2008,344,452
6800,1092,1367
41472,7196,9310
3809,638,779
7066,1227,1451
22322,3944,4978
14213,2494,3164
15998,2793,3488
20768,3605,4453
12328,2140,2676
11629,1950,2407
86871,15037,17996
6210,1041,1280
42715,7131,8792
11544,1918,2742
8399,1405,1744
27358,4688,5414
21103,3518,4455
11588,2011,2421
22453,3764,5226
37425,6450,8259
23972,4029,5192
11375,1897,2318
25618,4184,5138
25828,4426,5561
37124,6453,7851
44711,7553,9427
18154,3112,3877
32379,5784,7262
5957,985,1248
26591,4508,5807
16379,2734,3384
12415,2121,2812
41796,7131,9019
6648,1122,1419
46547,8164,9978
6440,1084,1435
14586,2429,3253
10072,1640,2136
10530,1802,2254
14449,2510,3048
8676,1497,1955
6781,1178,1398
13560,2311,2923
72293,12826,15756
1241,204,265
20747,3518,4437
6104,1048,1246
34285,5729,7068
1239,213,268
19656,3230,4266
32724,5668,7135
24088,4171,5494
6011,1069,1331
34502,5747,7304
6742,1205,1484
2724,471,579
7564,1282,1640
18271,3088,3763
26182,4404,5314
8431,1457,1782
3037,525,635
2869,478,591
10007,1731,2174
22778,3970,5210
7270,1349,1718
13662,2434,3034
21953,3830,4592
31738,5559,6772
24605,4268,5282
15801,2678,3266
13982,2415,2996
8602,1521,1941
26627,4561,5363
5751,947,1238
6824,1194,1451
3818,664,849
87883,15073,18425
1805,310,413
21871,3732,4511
21871,3732,4511
1053,166,216
47281,8041,9612
20867,3526,4196
14172,2475,2925
9928,1731,2150
1737,293,347
4753,806,983
20570,3596,4483
7414,1268,1525
14507,2619,3076
29495,5224,6411
25954,4412,5200
25342,4486,5932
19069,3243,4109
5117,864,1102
24575,4178,5013
16609,2796,3482
28795,4921,6183
25410,4319,5257
15661,2731,3291
14976,2503,3350
8308,1446,1958
18396,3131,4106
2227,400,484
10824,1813,2251
3441,589,693
5466,988,1256
10496,1824,2280
3070,550,675
896,153,198
9564,1684,1961
11933,2096,2574
16859,2973,3575
11437,1976,2445
7863,1310,1618
71353,12197,15048
5578,930,1164
7644,1317,1631
5159,889,1079
8422,1435,1739
36611,6201,7630
17921,3175,3776
10433,1762,2186
6799,1186,1604
4903,846,1122
1998,341,457
7758,1403,1884
5840,1021,1228
15735,2800,3405
11211,1982,2418
20184,3550,4428
5025,865,1102
15310,2637,3317
9239,1615,1898
68753,11557,15236
18156,3183,4006
15465,2666,3169
17203,2936,3975
19869,3414,3930
8608,1451,1851
8435,1519,2010
11519,1991,2435
6928,1118,1493
14134,2362,3077
3940,666,815
11349,1884,2505
11225,1941,2389
15376,2764,3589
8585,1517,1828
5570,939,1207
56437,9906,12058
13753,2361,2863
10939,1875,2282
6283,1104,1364
25135,4182,5104
1147,192,234
22873,3757,4641
11529,1996,2403
64076,11010,13474
13636,2399,2878
8481,1548,1932
4811,813,1113
16390,2721,3372
10647,1828,2407
7079,1209,1694
11037,1852,2453
16874,2854,3689
8653,1452,1801
76874,12946,15626
23784,4190,5738
44489,7879,10897
6179,1073,1411
12456,2163,2667
6054,1055,1279
9016,1573,1893
14400,2387,2835
22390,3806,4759
39377,6595,7855
33963,5924,6834
12502,2155,2834
7107,1247,1471
32428,5536,6832
7097,1284,1505
17819,2985,3907
70540,12328,15538
8930,1517,2004
13124,2272,2871
40560,7126,8755
32638,5391,6602
2794,485,575
11893,2054,2657
45804,7794,9696
29238,5034,5880
6893,1216,1468
11748,2013,2451
4622,794,974
9331,1660,2110
32325,5455,6780
80939,13812,16596
2016,353,421
875,151,197
9348,1660,2125
11734,2016,2381
6901,1223,1515
25253,4090,5201
13055,2282,2790
18328,3046,3747
12183,2017,2550
3982,664,827
16719,2981,3716
30114,5317,6650
258588,42401,52145
31474,5515,6641
20461,3619,4533
29145,5087,6594
5341,872,1179
3817,650,774
2239,375,489
15488,2643,3227
1717,322,400
5742,979,1225
25392,4445,5999
12487,2209,2675
2571,465,594
3472,586,687
16769,2936,3897
7917,1396,1782
8234,1357,1687
7042,1194,1555
4740,809,1018
11804,2157,2615
22063,3714,4841
9520,1588,1936
52910,9071,11698
12115,2096,2447
10311,1719,2382
14722,2521,3538
7022,1224,1431
9434,1673,2152
12701,2160,2972
12196,1971,2475
24450,4327,5395
36064,5902,8189
70921,11448,13543
27003,4611,5758
12673,2174,2722
12871,2237,2753
53061,9159,11560
8017,1357,1716
24291,4373,5229
6394,1101,1378
4153,656,914
7349,1267,1534
11431,2060,2394
10345,1831,2240
12701,2152,2769
9751,1663,1977
11688,1957,2394
7672,1261,1638
7002,1160,1485
4772,791,953
6312,1040,1263
7670,1320,1601
10224,1727,2147
6081,1020,1219
8442,1436,1871
30918,5169,6835
16703,2999,3633
7396,1282,1550
23722,4006,4954
15350,2582,3418
4954,860,1031
43113,7391,9436
7574,1324,1657
28254,4913,6453
15143,2629,3421
3548,627,806
19019,3228,3899
17288,3103,3858
16766,2975,3620
17793,3040,3734
13016,2186,2749
2605,447,541
11370,1985,2496
5678,971,1224
842,141,161
21342,3739,5075
14635,2359,2918
25204,4361,5639
3937,678,826
34305,5829,7058
16312,2829,3595
1756,323,386
817291,138153,169461
11906,2218,2839
21937,3717,5165
13823,2456,2945
5823,1035,1331
14974,2603,3240
5028,905,1086
3731,656,786
16963,2870,3522
42983,7493,9190
3549,623,779
10170,1797,2328
6740,1207,1667
3922,660,803
11222,1989,2593
19264,3317,4012
20240,3413,4073
11362,1905,2397
2073,367,450
8931,1468,1822
10850,1888,2547
17259,2919,3940
14249,2329,2898
6919,1201,1572
8247,1458,1999
12371,2129,2589
9572,1637,1995
6226,1011,1366
9371,1547,2115
12487,2027,2650
9245,1571,1988
55515,9348,12035
4960,880,1124
8573,1457,1964
5621,913,1223
5161,874,1163
57421,9679,12711
6317,1101,1431
847,142,179
5659,940,1196
18539,3192,3949
19845,3513,4098
11784,2053,2533
12050,2087,2492
13098,2282,2861
1266,223,285
2522,438,562
7140,1216,1449
22011,3582,4373
4293,769,1040
2586,443,593
4355,732,992
10234,1755,2156
7712,1348,1702
1604,268,339
22216,3725,4714
16651,2913,3521
5754,931,1292
3680,645,870
23766,4169,5350
7469,1238,1592
8254,1447,1777
13941,2410,2907
7836,1292,1624
5136,896,1205
16025,2745,3497
38785,6650,8117
8977,1591,2001
21442,3837,4863
5861,1012,1345
7993,1429,1777
9233,1592,1999
7191,1256,1528
12215,2086,2685
16576,2855,3774
5336,920,1102
35455,6325,7799
3902,637,844
32667,5498,6813
10536,1829,2248
13848,2318,3051
18008,3147,3712
15857,2695,3487
6002,1081,1317
8896,1435,1960
7943,1363,1711
8609,1498,1953
12192,2121,2751
15024,2571,3151
1532,255,313
14523,2377,2969
20770,3590,4446
4955,852,1084
3815,672,850
10103,1763,2198
21089,3658,4545
27815,4786,5976
9755,1699,2198
23820,4149,5135
3857,639,842
41619,7081,8725
11784,2016,2440
21778,3755,4916
31446,5465,6705
4258,756,990
25327,4370,5181
20012,3340,4266
38421,6505,8355
37826,6472,8170
14629,2564,3243
25691,4440,5358
16544,2880,3312
24835,4129,5014
14143,2471,3296
123321,21560,28600
3628,667,848
10534,1847,2431
12531,2126,2693
2446,422,532
8059,1408,1799
8704,1535,1929
2545,453,508
28927,5090,6519
28298,4905,5871
6464,1101,1444
14465,2557,3358
3370,581,716
16703,2889,3631
2519,419,544
4861,811,1021
10567,1853,2229
12826,2093,2843
23238,3994,4866
19669,3374,4084
4391,704,839
20562,3465,4210
20973,3645,4866
71418,12334,15890
6917,1184,1617
22739,3912,4908
40964,7232,8808
18190,3164,3973
73608,12894,15864
19208,3209,4169
16968,3007,3846
8343,1433,1810
47095,7550,9349
18314,2981,3705
2687,440,630
15231,2526,3319
18406,3065,4160
8219,1420,1844
5782,1023,1288
12833,2034,2629
7973,1337,1644
13854,2469,3260
7235,1259,1658
11940,2071,2746
3158,563,641
6094,1034,1357
12784,2215,2635
1748,294,360
2182,362,432
10031,1658,2054
3448,594,698
56898,9747,12180
16671,2830,3575
14216,2515,3122
14365,2381,3028
7836,1339,1814
9916,1656,2230
483,85,121
10834,1747,2144
5710,997,1169
11134,1928,2661
102682,18049,22335
12568,2164,2687
21490,3696,4828
20044,3436,4507
9750,1709,2265
16042,2768,3253
4853,840,1021
5703,994,1157
10814,1880,2318
8047,1428,1848
45917,7696,10669
62092,10296,12611
12866,2250,2813
20845,3707,4985
21540,3706,4544
13259,2308,2952
11459,2017,2286
13593,2351,3021
14276,2452,3038
11121,1897,2380
24350,4188,4809
15309,2747,3964
24087,4207,5418
14304,2431,3061
10944,1870,2391
15660,2742,3421
6009,1035,1351
17917,3133,3707
17942,3066,3820
10364,1795,2293
17869,3112,3708
31468,5564,7831
21390,3574,4370
12270,2018,2469
4256,712,969
10655,1823,2326
17161,2879,3562
10324,1722,2364
18368,3222,4271
22327,3836,4761
18040,3099,3832
6243,1096,1306
19778,3431,4390
11294,1913,2322
13079,2246,2759
21126,3646,4568
24799,4123,5105
20122,3427,4202
4326,727,910
2495,437,524
24408,4290,5327
12372,2091,2805
12708,2243,2703
6302,1023,1268
20050,3383,4146
5281,900,1052
18875,3156,4230
9996,1712,2208
16540,2898,3922
5878,1026,1245
14282,2432,3140
18469,3253,4251
5399,941,1237
8280,1400,1811
9091,1553,2041
37833,6543,7926
33021,5679,6971
11629,1937,2220
74703,12879,15404
9979,1710,2102
10257,1794,2198
19400,3324,4209
19689,3224,4071
15266,2584,3103
23251,4051,5441
8580,1403,1937
17974,3176,4052
5396,939,1216
22632,3819,4721
4246,734,913
20825,3493,4454
20448,3553,4591
16548,2845,3313
2112,367,470
24533,4126,5366
33122,5580,6805
15797,2667,3179
836,150,192
65118,11190,13506
27431,4737,6119
5281,906,1135
7895,1331,1703
14365,2421,3091
797208,135542,165146
8104,1371,1657
17206,2850,3840
11707,1935,2417
3661,610,729
9537,1718,2323
19175,3130,3849
10500,1839,2452
13543,2345,2925
11674,1962,2755
10396,1801,2283
19035,3204,4065
12759,2167,2848
5228,854,1078
9605,1655,2245
19269,3249,4123
3383,590,703
18961,3212,3864
27366,4871,5933
13074,2273,3085
3185,558,683
14195,2487,3069
19575,3432,4420
15704,2624,3235
11467,2025,2654
13220,2217,2681
10644,1823,2175
23199,3858,4690
27805,4778,5914
21462,3664,4492
15309,2600,3241
32931,5715,6906
20009,3157,3966
4651,765,1150
50792,8925,10693
21009,3702,4945
2329,390,475
8928,1610,2027
22529,3768,4889
8789,1474,1948
27756,4770,5938
44161,7463,9321
20851,3403,4509
22883,4028,5129
23565,4030,4900
9713,1604,1910
13042,2194,2713
18873,3221,3836
1395,249,294
15237,2675,3209
19933,3401,4192
2545,468,582
9173,1573,2000
5030,879,1095
9120,1535,1873
16360,2830,3810
10720,1817,2400
20545,3463,4227
4786,835,1017
13314,2300,2827
2861,487,650
12304,2035,2364
34379,6043,7772
26520,4523,5650
26095,4458,5465
5203,919,1140
14482,2495,3054
43724,7571,9502
16655,2895,3623
13276,2362,2955
9360,1570,2072
8523,1512,1955
4146,718,844
35901,6162,7658
7953,1428,1769
19441,3259,3899
15216,2592,3088
6446,1088,1310
11548,2029,2456
2326,395,487
17966,2853,3538
29046,5002,5845
15836,2649,3373
1413,250,291
16846,2999,3818
12740,2202,2626
12817,2210,2812
29284,5021,6733
3028,513,667
59447,10352,12330
18323,3124,4214
9375,1569,1868
7879,1334,1720
14547,2571,3272
5484,964,1124
10842,1777,2210
7962,1368,1693
17749,3093,4120
2935,495,637
18378,3231,4333
1382,248,300
14366,2376,3053
12669,2128,2397
10425,1778,2112
16811,2938,3825
12166,2137,2491
18136,3101,3781
32724,5735,7741
17167,3031,3729
17726,3090,3679
73087,12840,15393
31050,5504,7076
33364,5591,6666
13285,2317,2784
5344,928,1165
51139,8816,10547
4223,735,881
12846,2105,2603
22124,3895,4660
35690,6097,7762
2097,371,431
18793,3137,3733
23854,4141,5543
25165,4344,6192
14804,2527,3207
1057,168,314
59566,10409,13483
11017,1827,2530
35582,6236,7833
16875,2892,3648
30217,5135,6972
28724,4838,6003
29650,5069,6844
956,173,208
31926,5500,6975
20647,3647,4549
22820,3869,4758
9431,1648,2092
10396,1819,2269
1449,259,305
3897,676,826
20527,3628,4582
20711,3629,4531
5814,1038,1284
32366,5480,7128
10365,1715,2176
24176,4005,4985
9576,1577,1950
3943,681,860
6113,1042,1418
2193,402,460
2180,395,462
31078,5535,6713
4335,734,901
8456,1491,1749
4079,703,890
9280,1625,2021
25239,4311,5475
2159,380,500
29014,5059,6415
12578,2223,2732
12464,2189,2725
9472,1601,2027
12841,2203,2973
23193,4067,4795
16005,2704,3439
9859,1627,2060
5976,989,1239
28201,5018,6419
4236,704,856
14240,2389,3009
17004,2881,3603
19770,3403,4289
1782,314,412
5200,919,1138
9728,1749,2129
27133,4648,5807
4295,747,940
2915,494,621
18252,3067,3653
45856,7952,9675
9928,1786,2323
22388,3958,5151
18266,3065,3697
10740,1786,2305
15851,2548,3104
8266,1417,1865
28859,4829,6260
29248,4882,6265
11020,1857,2298
34996,6176,8054
9913,1658,2093
4552,793,965
10175,1786,2295
8144,1421,1778
6667,1125,1393
3849,661,951
8667,1455,2011
5442,950,1137
62335,10826,13975
14419,2413,2997
13462,2347,2793
12062,1987,2440
45780,8044,10497
9840,1680,2097
5437,951,1130
26213,4570,5669
22792,4015,5060
26837,4688,5873
17491,2987,3593
7268,1279,1679
4330,699,874
14408,2634,3109
7060,1164,1467
13227,2378,2903
26845,4801,6257
8617,1567,1887
10651,1850,2368
41285,7234,9284
7351,1266,1539
3771,668,810
3004,527,707
8770,1496,2005
35208,6070,7675
12704,2128,2706
2373,433,504
5467,974,1201
9166,1589,1994
13132,2231,2774
8131,1423,1815
5842,1035,1220
26032,4622,5876
7201,1238,1557
14596,2683,3162
19171,3276,4136
33475,5638,7232
8984,1539,1947
2589,461,577
6519,1122,1435
2637,461,572
5781,989,1259
4159,718,856
3984,698,837
1852,316,373
7029,1229,1547
60246,10315,12653
47305,8207,9807
1153,209,260
7007,1256,1471
13881,2332,2895
16785,2931,3619
2161,363,454
13574,2182,3065
3728,639,769
23495,4010,4868
26075,4414,5464
21758,3658,4957
26731,4593,5696
11724,1976,2524
6435,1104,1390
20823,3535,4252
7119,1226,1499
2768,498,620
5502,953,1183
8392,1415,1697
10419,1848,2379
27769,4841,5874
10844,1870,2521
5769,1002,1279
6316,1104,1361
17202,3065,3641
17551,2961,3742
18976,3259,4026
10486,1786,2142
31092,5227,6468
16070,2601,3307
14235,2452,3098
71451,12761,15929
8377,1476,1712
22416,3872,4847
5293,901,1181
26620,4492,5612
45891,8152,10370
19254,3297,4081
19472,3366,4142
2082,367,496
2217,392,461
22402,3666,4477
21687,3732,4634
11612,2071,2635
38768,6656,8262
1926,329,397
18970,3235,4218
2928,495,689
7340,1277,1628
1874,340,382
2840,488,572
15684,2752,3254
12133,2000,2542
15115,2605,3689
1859,333,397
6241,1041,1277
1789,297,391
3587,621,730
4942,846,1036
41411,6820,8510
1755,298,361
22243,3877,4929
12176,2164,2536
3255,543,639
6557,1113,1402
7060,1237,1520
3221,550,710
34109,5856,7180
2053,369,458
30206,5258,6550
10656,1835,2290
10206,1730,2219
15181,2605,3427
22774,3973,5254
6619,1159,1518
27521,4799,6101
7477,1333,1614
14397,2440,2921
21851,3753,4739
5891,1048,1373
29433,5124,6105
14858,2570,3404
54359,9775,12751
50463,8622,10752
25404,4270,5526
25063,4373,5313
20937,3500,4274
17149,2825,3550
26032,4556,5575
11577,1932,2503
22648,3780,4825
23826,4012,5103
17259,3078,3999
8071,1366,1711
14467,2476,3373
138015,23952,28941
24466,4299,5516
9057,1595,2058
5687,1012,1301
11007,1901,2925
2271,400,493
2839,495,590
7916,1364,1795
30223,5135,6840
7062,1223,1517
33885,5897,6991
27858,4952,6235
5525,966,1195
5980,1033,1404
6181,1112,1403
7496,1274,1558
4566,766,968
2321,416,525
1792,292,359
1791,321,401
2968,520,675
12320,2069,2537
25635,4384,5633
7681,1331,1734
11068,1966,2520
9691,1614,2062
5447,936,1234
12866,2201,2727
5162,927,1160
59266,9899,12144
805,132,187
64192,11414,14419
5358,880,1197
10459,1792,2342
11920,2110,2558
2764,497,585
6051,1040,1264
19274,3457,4363
18404,3282,4042
19393,3296,4356
23897,4133,5283
24688,4361,5342
15562,2803,3472
3484,585,760
3083,529,704
12970,2242,2835
4467,755,924
7962,1366,1629
9461,1583,1828
13914,2447,3315
39936,6804,8222
46075,8302,10528
19102,3347,3890
6753,1211,1470
3445,580,747
14036,2380,3028
15115,2694,3495
4360,752,914
1245,214,251
11889,1980,2638
12021,2051,2499
14352,2492,3215
10839,1879,2386
1314,225,251
15531,2681,3164
21507,3763,4867
14427,2465,2981
9217,1562,1910
7677,1355,1751
7495,1303,1621
12368,2163,2893
15777,2731,3191
3062,531,610
28147,4986,6370
4666,828,987
23707,3875,4833
1711,299,343
34335,5825,7120
39184,6730,8318
27071,4657,6193
4539,762,868
1580,262,306
18307,3245,3807
37650,6361,7866
12650,2098,2794
2079,352,453
25700,4343,5118
4194,731,980
3619,651,789
35321,5818,7304
3317,565,740
137387,23992,29961
12947,2264,2797
4590,812,1007
23923,4016,5162
15600,2783,3245
33150,5873,7098
5219,896,1203
5628,929,1111
9759,1651,2005
2155,376,475
5767,1024,1357
1535,267,331
2896,514,614
3550,610,781
42400,7596,9031
8072,1353,1641
13535,2343,2982
2010,356,459
6350,1110,1341
1232,213,289
2247,368,454
702,127,173
13258,2323,2816
974,178,231
763,133,165
23955,4271,5098
5547,990,1173
18846,3294,4068
40702,6938,8441
5523,926,1170
19037,3259,3843
6269,1101,1330
47774,8482,10483
8901,1460,1878
8332,1365,1777
39316,6699,8952
21454,3666,4505
1511,257,334
16974,2891,3726
8592,1474,1855
55578,9557,12235
12518,2102,2653
36795,6381,7588
18232,3015,4042
11213,1961,2403
16987,3046,3754
9915,1748,2228
7164,1229,1482
39254,6716,7893
10492,1831,2178
15386,2663,3271
7467,1310,1681
11505,1947,2448
17593,2964,3568
12613,2193,3104
7132,1216,1487
7686,1301,1578
10231,1759,2475
31176,5434,7100
4414,761,900
9769,1678,2106
3711,634,786
5162,893,1075
31538,5505,6903
17692,3108,3844
11421,2043,2682
61638,10809,13088
5145,879,1061
8218,1374,1679
67194,11224,13849
1688,284,333
28305,4907,6088
32334,5371,6558
22588,3937,4766
18809,3149,4099
2487,451,534
1017,181,209
21930,3692,4799
1342,238,286
4507,786,1023
2982,531,721
3467,571,706
7160,1260,1610
6680,1172,1565
1347,234,293
1155,204,242
7606,1310,1745
1613,281,337
6837,1192,1481
16375,2864,3982
15040,2537,3281
19122,3217,4079
6310,1073,1317
1423,245,319
5016,868,1031
17734,3023,3803
9672,1697,2289
4015,683,884
14064,2468,3017
391,69,83
10785,1909,2239
15916,2774,3410
17241,3090,3775
3985,674,877
7631,1304,1568
9642,1639,2027
10817,1935,2514
10290,1795,2333
3085,531,685
23570,4126,5038
13688,2275,2857
23593,4243,5732
35109,5652,7279
1089,195,228
32951,5845,7158
7009,1212,1533
22569,3849,4756
21494,3694,4656
3567,593,745
4294,742,947
93140,15919,19718
20282,3502,4599
5201,946,1063
9099,1541,1881
61966,10382,12858
8354,1467,1847
10165,1774,2106
33995,5704,6986
2849,519,644
2260,406,474
23046,3991,5073
31564,5495,6629
4281,726,905
3904,692,869
15893,2836,3879
16026,2630,3418
10390,1764,2168
19067,3304,4452
13277,2316,2855
8932,1551,1873
10589,1857,2286
17094,2972,3537
4935,811,924
16222,2744,3461
19257,3257,4199
12732,2236,2776
4626,816,964
4706,792,1035
9928,1748,2225
24624,4322,5536
4085,687,847
17828,3093,3988
8295,1465,1835
10668,1891,2368
16041,2791,3433
7321,1245,1538
19920,3434,4239
1843,317,380
12970,2186,3015
23089,3795,4586
4254,757,939
1662,291,339
18178,3081,3831
30090,5347,6536
22482,3951,5121
11172,1922,2397
7186,1234,1524
12928,2246,2755
20434,3273,4073
19003,3286,4312
2057,367,419
2808,484,591
452159,75657,90451
9107,1580,1909
12316,2150,2588
6448,1120,1403
3021,496,685
25408,4262,5463
3860,686,854
6577,1180,1460
4478,784,927
33180,5913,7687
10900,1808,2423
22935,3934,4907
24371,4264,5436
2274,407,492
8865,1567,1971
80672,13870,16427
9519,1705,2248
21639,3841,4833
9535,1663,2096
15348,2633,3349
587,105,140
21405,3636,4634
18257,3177,3929
176309,29105,36003
17914,2972,3612
8227,1447,1784
31761,5459,6783
10010,1705,2327
46469,8159,10735
2786,482,598
9488,1651,2098
19737,3340,4231
6043,1004,1223
1510,262,317
8897,1565,2053
2317,381,474
10015,1726,2238
4381,751,888
57938,10066,12818
89285,15296,18865
20976,3663,4461
25292,4350,5158
18144,3263,3956
11516,1969,2586
13962,2385,3192
18790,3280,3995
4224,749,929
4076,733,907
3447,612,730
2006,360,414
7955,1352,1673
15033,2597,3166
13757,2374,2898
11155,1898,2359
2667,468,670
41588,6809,8115
7222,1214,1481
9568,1613,2015
15851,2703,3347
7325,1272,1512
1484,258,313
11009,1903,2418
26393,4372,5340
3081,516,680
2162,363,435
1487,259,311
17407,2928,3681
9004,1562,1900
90232,15208,18622
3218,542,642
17383,2862,3717
5137,907,1193
39902,7126,8221
11898,2072,2632
23037,4127,5009
86483,13822,17475
3916,681,944
3682,670,827
29186,4802,6006
11126,1938,2614
4735,788,924
46996,8214,9908
5915,970,1330
469,77,94
14834,2397,2975
6745,1143,1336
10256,1781,2276
9790,1728,2141
11935,2074,2521
3468,577,702
10343,1683,2121
14072,2285,2818
12593,2129,2592
2384,409,543
19261,3334,4239
17225,2915,3807
6824,1181,1450
3926,672,898
17198,3013,3745
13859,2439,3007
3304,562,755
22573,3929,4636
25664,4430,5475
20852,3621,4364
17404,3055,3824
11975,2025,2472
6022,1057,1373
18712,3249,4157
15019,2595,3214
18067,3177,4101
11545,2033,2584
14412,2446,3015
19871,3384,4590
7314,1357,1689
31253,5312,6353
389,66,78
3994,699,871
16312,2875,3702
1566,259,393
6027,1100,1321
12777,2152,2808
3490,584,709
3831,656,864
6379,1158,1537
39460,6816,8621
28193,4642,5947
17062,2894,3562
10352,1646,2093
7895,1307,1685
18794,3343,4205
15062,2650,3225
17936,3056,3663
19420,3296,4788
78936,13312,16557
1947,334,400
28491,4792,6586
37417,6613,7940
9420,1609,1990
106445,17259,21922
5120,882,1060
2874,483,569
34746,5865,7412
3712,634,818
16793,3029,3785
28774,4927,6314
10181,1739,2379
39372,6935,8874
17491,2915,3930
9785,1689,2123
15695,2703,3330
12984,2166,2636
62516,10728,14657
13283,2203,2763
3054,575,766
18516,3175,4210
68978,12110,15055
12036,2049,2521
24523,4328,5130
47488,8067,11138
56663,10085,12728
68692,12353,15358
4579,793,1077
19199,3215,3972
46370,7970,9646
19396,3264,4127
7552,1299,1733
19448,3276,4140
37040,6422,8349
95367,16213,19611
21597,3833,4587
15004,2534,2978
15505,2646,3312
19778,3585,4635
30246,5132,6318
16904,2904,3686
15361,2742,3304
22889,3939,5017
8498,1490,1786
4326,755,986
14519,2441,3100
2137,363,495
18415,3145,4138
31700,5520,6712
8682,1458,1853
14507,2473,3075
20107,3506,4346
6020,1009,1357
5448,873,1071
8559,1498,1944
1636,286,323
1113,189,236
15105,2634,3507
19610,3402,4534
14925,2464,3038
9060,1570,1974
19239,3363,4581
1475,264,308
21658,3597,4370
15688,2658,3195
3694,669,785
102739,18784,25963
3751,633,770
22279,3815,5145
10736,1868,2258
7528,1341,1718
25461,4388,5417
76665,12603,15971
35340,6274,8961
15953,2818,3884
1998,354,457
1489,260,322
27588,4668,6204
33653,5470,6743
13111,2187,2673
12872,2212,2823
2085,354,413
90051,15599,18741
11465,1937,2430
5840,998,1310
44361,7793,9054
25575,4583,5838
13456,2236,2799
87095,15260,19022
9272,1584,2061
5157,875,1192
1795,318,366
11102,1895,2444
8111,1349,1622
22834,3895,4624
17652,3093,4281
33298,6178,8259
11655,2048,2635
12062,2179,2795
22018,3840,4893
4260,724,899
13376,2123,2705
10266,1756,2212
11634,1928,2537
24693,4340,4964
15407,2655,3381
14109,2424,3071
10227,1728,2104
3044,525,669
19444,3284,3959
5797,1009,1247
16967,2967,3670
15958,2833,3756
14984,2555,3091
38591,6280,7862
63011,10364,13179
6550,1119,1422
21565,3785,5139
5064,846,1164
55386,9182,11219
4008,713,884
78113,13686,16215
44950,7860,9716
16249,2716,3483
11900,2125,2540
18696,3043,3841
8210,1397,1877
12508,2198,2849
21377,3622,4527
2855,490,668
2750,472,589
4423,724,969
10259,1784,2311
7325,1285,1653
12443,2231,2913
52108,8432,10694
6709,1152,1420
16407,2886,3690
18984,3391,4242
61909,10180,12504
15612,2697,3738
36545,6534,7799
13359,2335,2970
17880,3123,4153
10167,1761,2161
6902,1218,1546
29952,5207,6593
13620,2359,2930
32656,5680,6967
34537,6009,7340
15277,2746,3365
47838,8441,10143
32556,5437,7330
7311,1272,1689
12128,2158,2874
10523,1851,2268
15076,2719,3510
18268,3226,4270
74143,12659,15661
29770,5078,6516
37369,6348,7727
1433,251,299
31925,5413,6787
31417,5443,6454
17127,2942,3804
23773,4094,5072
33321,5724,7109
22817,3865,4735
18003,3010,3783
35882,5945,7186
8673,1498,1979
1008,169,217
23313,4067,4977
30145,5280,6183
11413,1913,2371
8072,1450,2020
4734,780,954
1235,205,257
20609,3425,4681
10006,1806,2283
17306,3041,3938
33919,5766,7563
12616,2185,2918
34641,5965,7943
14369,2406,2945
5374,928,1165
20620,3433,4310
7524,1284,1525
7517,1287,1521
45234,7945,10511
3988,673,900
9036,1575,1985
3931,660,785
13894,2394,3228
26400,4517,5814
18240,3155,3937
9636,1672,2016
2069,354,439
3786,663,807
8409,1465,1814
10318,1760,2228
8585,1511,1870
3278,551,705
16819,2824,3538
17659,3153,4223
10365,1758,2183
26996,4671,5710
35650,6018,7906
12812,2153,2948
35054,6109,7692
3123,529,669
11836,2031,2554
9724,1689,2115
16977,3110,3892
5534,977,1139
6825,1121,1377
5378,941,1160
18002,3129,4404
17603,3042,3754
1241,213,260
4952,812,987
30191,5026,6361
7855,1406,1791
3155,566,735
4124,685,833
16747,2989,3846
12119,2112,2587
15558,2668,3494
14843,2649,3316
10362,1725,2304
8310,1435,1729
11786,2057,2712
11353,1901,2281
2868,498,595
950,167,206
14009,2590,3450
20748,3661,4756
18502,3141,4301
2717,478,590
3857,696,878
5892,991,1229
3473,611,836
5773,982,1237
7685,1267,1544
424,74,91
39314,6916,8359
1898,334,390
30453,5152,6461
1990,376,453
2586,441,512
7888,1393,1871
6404,1152,1645
11580,1948,2531
13898,2416,3105
22091,3570,4596
17656,3147,4224
1135,206,237
4306,737,894
1765,310,364
44747,7665,9286
14353,2530,3128
874,148,180
12468,2060,2590
3401,586,755
2529,450,510
20503,3501,4300
7129,1267,1686
260,50,59
13589,2273,2949
34078,5796,7624
127804,21933,26577
11462,2072,2589
16835,3019,3975
43476,7390,9322
2608,466,535
87831,15136,18829
34285,5826,7256
16881,2894,3852
20742,3670,4384
17045,2885,3963
20390,3537,4752
11574,2005,2543
9268,1601,1927
7685,1354,1694
38497,6288,8557
7861,1303,1563
36851,5936,7356
10609,1793,2426
8431,1432,1810
12410,2239,2891
28271,4915,6007
7936,1398,1906
11647,2025,2508
11178,1989,2396
42017,7291,8472
3720,634,783
9826,1685,2080
4910,792,1111
8936,1464,2007
73444,12190,15665
40206,6958,8440
4865,809,1124
121188,20531,25534
15522,2698,3301
8905,1527,1899
15008,2689,3413
23284,3911,4912
2777,474,624
1145,204,231
6317,1119,1371
1432,248,282
1738,302,373
75201,12993,15843
128210,20144,29035
30891,5266,6331
14093,2542,3276
35305,6134,7594
1652,287,349
16455,2838,3382
34179,5762,6758
95759,16377,20330
11214,2039,2450
8107,1337,1654
1779,308,386
4336,764,977
15106,2579,3296
43010,7490,8667
18955,3395,4513
6806,1160,1452
8726,1491,1943
2460,437,539
10490,1805,2547
2487,436,524
10122,1744,2307
11763,1968,2608
4684,819,1014
1304,239,294
1604,279,357
1922,348,411
4425,745,878
10846,1786,2396
8886,1585,1972
15897,2763,3242
10439,1819,2302
1610,271,379
12619,2236,2801
9907,1682,2183
18505,2969,3755
8948,1572,1858
2371,441,510
3664,649,870
14479,2358,3291
34816,5653,7091
1780,313,362
843,145,185
940,168,210
819,146,189
1433,248,316
6242,1101,1297
3473,612,703
5768,1009,1201
16425,2873,3908
199931,32447,41182
5362,876,1098
11771,2045,2532
12091,2096,2655
10670,1876,2285
7694,1350,1644
14478,2476,3348
4864,846,1082
6365,1138,1370
43317,7283,9169
8899,1513,1868
10961,1862,2344
18948,3255,4038
1288,231,276
3241,584,668
23314,3983,5220
568,93,117
6761,1215,1464
9918,1704,2082
1314,235,308
8815,1519,1879
1081,191,227
827,155,197
39187,6795,8471
13965,2334,2922
4459,726,1016
18864,3316,4137
67077,11365,14023
3200,564,683
15623,2691,3544
10733,1911,2409
13645,2399,2984
10882,1804,2443
21831,3569,4595
33417,5962,7370
19085,3218,4181
2581,461,578
33074,5503,6636
3502,621,755
1504,243,349
24660,4065,4932
1378,239,291
10643,1803,2185
14515,2540,3248
35129,5851,7192
16822,2887,3501
1556,269,339
3699,660,821
1803,304,368
2637,464,557
2004,348,408
1976,341,418
2518,452,539
667,124,152
31572,5387,7370
1558,279,316
1389,255,315
2696,488,581
2273,400,475
3965,694,846
6625,1133,1382
7799,1387,1742
11684,2117,2637
475,85,112
22858,3995,5224
1757,291,369
3143,551,656
18859,3216,4147
18021,3093,3970
2906,514,642
17654,3127,3760
29105,4853,5826
3040,547,690
2354,420,488
1571,279,347
5203,928,1133
25053,4117,4997
8978,1532,2119
2836,499,590
20225,3420,4338
3227,579,680
5772,998,1252
7857,1388,1735
3822,651,785
6906,1194,1475
20538,3538,4360
4849,852,1085
2966,501,605
22909,4009,5052
1874,331,385
2253,395,463
27879,4730,5679
4188,747,865
10012,1732,2080
4917,878,1165
1278,230,298
1223,213,259
1580,276,353
6564,1121,1383
52716,9055,11159
2128,378,463
10062,1698,2053
8437,1491,1919
3434,594,742
1268,229,273
4201,730,931
3765,649,817
5872,1034,1320
4158,712,895
10128,1710,2074
4804,866,1036
24682,4273,5528
5581,991,1156
8867,1481,1826
8393,1452,1853
5397,942,1185
3831,658,842
2391,428,513
2117,379,440
4044,691,798
3606,666,808
11352,1875,2310
1276,226,260
37316,6232,7669
12089,2092,2581
3878,664,783
8637,1470,1852
3092,543,668
17429,3025,3541
13748,2334,3307
7909,1306,1581
30757,5345,7114
71132,12442,15231
9163,1630,1972
1819,324,401
11601,2075,2571
1400,251,302
26599,4604,5751
4349,771,973
26368,4272,5288
18845,3272,4162
5148,900,1100
1532,278,329
1976,347,427
1273,222,270
1145,204,231
17818,3051,3785
9139,1578,1911
57375,9626,12227
24551,4189,5844
57732,10072,13343
28891,4911,6005
37705,6452,8089
15055,2501,3229
25254,4167,5296
11568,1989,2481
7521,1333,1711
16247,2823,3441
22552,3821,4413
39505,6863,8389
22900,3797,4614
58869,10138,11631
55543,9117,11655
32323,5255,6714
110355,19324,23264
61892,10038,12830
2706,487,587
39996,6868,8436
6024,1013,1349
102983,17416,20924
28443,4803,5829
25278,4205,5122
1989,323,416
2650,426,519
38126,6512,8194
5788,961,1188
3061,550,665
50938,8559,10843
2254,395,466
56740,9345,11861
12476,2089,2429
2275,407,489
4835,825,1132
3023,515,642
956,176,218
2629,428,557
5501,978,1273
30892,5316,6726
2638,451,605
4647,824,1000
2192,363,414
3213,572,709
21385,3564,4640
2936,533,635
3252,566,730
346,58,82
22372,3682,4714
65749,11344,15248
1493,270,352
9713,1779,2337
34146,5688,7817
7624,1322,1855
5237,944,1195
7739,1399,1725
20457,3428,4517
14673,2561,3278
4635,817,990
2377,418,507
8610,1536,1881
2384,412,494
5948,992,1255
2006,360,442
2306,368,487
7581,1307,1635
22878,3955,5265
18154,3045,4103
11578,1986,2524
5919,1075,1324
5278,965,1165
8834,1485,1784
4299,687,853
14212,2411,3078
16557,2815,3347
19516,3433,4368
2616,442,587
6072,1060,1339
16787,2954,3730
18832,3320,4071
42405,6813,8613
1031,175,229
17846,2996,3850
1369,233,298
19635,3328,4352
41499,7345,8853
25528,4246,5827
59698,10014,12501
3548,622,758
28079,4894,6456
2756,487,567
15006,2689,3382
46039,7468,9487
54456,9546,12357
5656,1003,1122
3923,664,770
4955,863,1028
13147,2251,2718
12813,2214,2727
4614,820,1076
21033,3813,4732
31790,5391,6418
36796,6385,7704
23155,4053,5211
5398,961,1275
28831,5110,6437
21000,3585,4401
21370,3655,4538
1900,322,428
13607,2366,2870
8310,1455,1794
32729,5763,6988
8382,1388,1716
19555,3351,4238
12437,2228,2763
19316,3189,4114
25062,4356,5458
45150,7669,9257
27869,4768,5891
25775,4368,5444
20005,3324,4103
47686,7921,9965
14732,2595,3269
52312,9213,11257
2486,440,530
20700,3432,4276
17057,3038,3652
8843,1535,1892
4890,798,982
31636,5422,6607
5948,1029,1290
14542,2554,3068
7684,1327,1574
6360,1049,1492
48820,7751,9297
2543,433,581
52092,9299,11465
6289,1059,1466
6025,1015,1195
21413,3610,4911
7641,1313,1550
1029,179,236
5498,983,1183
2529,420,518
8931,1488,1986
6882,1183,1495
16468,2809,3750
10297,1789,2231
11266,1880,2366
12714,2100,2693
2289,369,444
7485,1326,1734
16305,2834,3389
6988,1195,1571
17168,2944,3537
16913,2975,3944
5842,1043,1275
15418,2615,3473
12810,2266,2837
19168,3067,3841
8880,1503,1780
78842,13072,15912
5435,971,1254
16864,2850,3618
1658,282,352
20019,3296,4190
2599,456,560
8861,1524,1876
2563,432,564
16411,2770,3459
70,14,24
8663,1545,1852
14365,2574,3182
18430,3099,4062
1601,285,344
6906,1199,1511
5481,898,1129
7672,1349,1783
13480,2362,3076
6692,1167,1438
7615,1409,1726
24744,4194,5420
24673,4245,5384
16117,2727,3469
7649,1311,1585
3694,655,804
20988,3688,4262
9981,1751,2240
2584,404,500
55432,9167,11285
14029,2346,3371
16484,2693,3206
9644,1731,2353
13192,2326,2832
8802,1586,2116
7856,1307,1787
7923,1354,1771
11738,2135,3101
4595,767,1101
9286,1618,1895
2024,363,435
2257,408,538
4205,736,848
3499,636,708
720,125,162
1235,219,249
201639,33804,42128
8437,1396,1797
7305,1269,1742
13380,2340,2734
21499,3428,4950
6656,1165,1392
1273,239,276
18083,3191,4111
16665,2944,3692
28458,4888,6188
11895,2010,2401
18474,3141,4141
14255,2347,2768
8814,1520,1838
12630,2175,2736
3971,666,809
16837,2761,3467
22873,3835,4993
10424,1832,2253
21246,3681,4718
11420,1951,2458
23881,4146,4777
6581,1099,1422
1849,314,385
11807,2030,2551
197845,34303,42080
56865,10040,12809
29832,5039,5961
16339,2852,3603
12868,2147,2703
23214,4055,4997
4651,807,1014
24084,4268,5292
2209,375,445
51441,8575,11034
43949,7661,8903
14984,2662,3351
3473,571,728
10481,1795,2217
48735,8698,10403
17970,3090,3773
42235,7057,8517
3876,663,911
6182,1092,1339
77277,13073,18350
28015,4664,6091
8944,1525,2060
3172,571,717
1715,290,376
3512,619,746
1076,193,247
1934,341,425
2325,415,527
4153,723,880
2876,487,626
10816,1901,2393
10317,1785,2183
102656,17457,20794
8978,1496,1838
1116,197,257
2944,532,650
3828,642,832
5196,893,1046
7199,1272,1613
13670,2218,2768
23955,4193,5403
3786,656,829
12320,2247,2847
3878,665,769
8250,1426,1719
27416,4652,5961
10043,1694,2264
43462,7376,8992
3198,608,767
5516,961,1327
2591,473,575
8606,1496,1787
23807,3990,5219
1279,229,280
3732,648,813
1209,212,259
12577,2128,2716
7920,1411,1701
2309,394,477
1977,351,417
10121,1772,2219
25960,4525,5946
5969,1032,1294
5015,837,1030
14709,2618,3166
2734,476,567
18039,3123,3943
3720,655,772
1192,214,277
37958,6551,8749
3384,590,685
1725,305,353
2475,428,547
3598,621,808
4974,814,1042
1253,213,255
9373,1647,2101
27703,4785,6084
3749,634,777
19931,3505,4308
20661,3477,4421
2976,546,630
2070,358,428
2415,426,548
9337,1613,2210
2300,375,507
56824,9586,11574
895,151,199
1052,184,249
2112,374,468
6709,1068,1391
3086,500,625
19991,3652,4799
1785,307,352
50279,8489,10516
14559,2584,3146
6864,1197,1446
4498,804,962
58371,10346,12556
5033,831,1030
12858,2167,2614
4082,689,917
12707,2208,2914
5660,948,1297
9495,1774,2289
30575,5289,7035
17996,3071,3849
21007,3633,4417
10162,1748,2233
1301,213,252
39778,6718,8597
8556,1415,1769
15900,2743,3490
32255,5297,6425
2379,400,507
8589,1499,1843
75593,12601,15177
27901,4847,6102
4019,665,809
5341,896,1112
12551,2202,2930
25618,4145,5042
35765,5985,7157
18397,3171,3743
10872,1872,2280
6658,1161,1392
14968,2504,3101
8058,1414,1809
61301,10917,14102
7597,1285,1575
36595,6179,7502
5233,959,1247
15036,2536,3131
12314,2031,2593
1614,290,376
25460,4195,5674
3026,526,575
1485,260,322
17749,3012,3623
6471,1116,1440
3896,652,799
14101,2434,2901
109267,18953,22415
6141,1018,1240
2750,478,569
24229,4285,5278
88974,15180,18630
3797,642,781
3642,605,725
3692,639,863
5922,914,1155
930,162,203
19267,3363,4286
5374,855,1063
2817,478,586
14273,2372,3085
4406,746,953
30528,5316,6585
27997,4969,6053
11867,1999,2466
10107,1684,2070
80656,13679,17169
20130,3512,4221
3185,529,733
2428,437,531
3704,656,788
840,148,183
32654,5528,6910
1027,182,218
6212,1023,1234
16028,2784,3320
4115,709,892
6548,1115,1416
1178,213,248
24431,4029,4996
34917,6152,7379
12440,2118,2722
1383,245,276
18604,2996,3651
5599,998,1238
1989,349,449
13919,2368,2980
45019,7472,9183
25636,4536,5477
9891,1766,2205
798,136,189
13479,2326,2886
13000,2209,2635
7836,1410,1746
499,86,102
15077,2614,3198
29624,4962,6041
7059,1222,1485
7763,1393,1738
22429,3752,4729
30448,5222,6656
46931,7667,9646
10111,1682,2116
81767,13937,16789
1998,347,424
65332,11071,14534
3741,633,828
50512,8617,10847
31178,5184,6278
63846,10939,13223
99275,16720,21202
33993,5859,6805
11963,2025,2573
28124,4860,5866
18728,3355,4019
6960,1225,1640
6216,1054,1265
2297,389,477
6768,1152,1403
2798,504,587
142343,24596,33413
3175,545,720
22792,3860,5008
4101,733,850
8247,1380,1618
6887,1194,1452
1420,250,319
4879,822,1067
12403,2099,2792
2023,343,420
5273,967,1222
1455,258,296
4074,711,895
2221,406,491
2127,362,424
3336,613,753
7597,1326,1583
11489,1974,2542
2094,363,436
37921,6284,7715
7443,1292,1652
46258,7714,9770
20424,3481,4573
6801,1240,1595
2847,492,616
7679,1330,1682
4824,864,1150
46136,7689,9790
1625,266,313
21310,3703,5065
1359,243,308
1912,332,417
67346,11526,14794
4097,725,893
18397,3070,3934
7188,1224,1769
16868,2840,3608
1521,277,330
7931,1357,1654
20857,3560,4980
18216,3138,4009
12578,2185,2752
23867,3900,5196
1799,303,400
1257,214,259
3135,552,646
959,164,197
2230,377,494
34007,5742,7451
73422,11522,14100
3732,620,881
6277,1071,1500
6919,1129,1379
4569,769,978
7018,1246,1531
1255,238,284
4361,757,871
21216,3590,4623
50375,8593,11049
2712,420,515
17077,2911,3573
17698,2874,3714
8455,1330,1829
46596,7511,9094
2615,434,586
27389,4904,5993
14349,2431,3223
3881,668,842
9116,1515,1814
10105,1845,2372
18113,3057,3726
20218,3568,4143
32139,5642,7003
13385,2349,2995
19096,3258,4143
1442,254,294
5021,864,1040
32116,5394,6638
13399,2270,2764
12473,2205,2816
6699,1162,1471
14513,2505,3069
1259,219,274
2126,370,441
1498,251,313
4071,668,919
13927,2299,3034
12236,2192,3057
3251,551,699
2279,403,502
8140,1434,1730
17248,2901,3522
26768,4759,5752
19655,3432,4255
5609,964,1179
579,97,140
4762,819,954
1299,218,282
34724,6207,7744
1006,182,219
36563,6287,7589
16152,2763,3664
4736,810,984
5278,911,1166
40817,7368,9992
6929,1151,1567
4170,698,882
15560,2593,3353
2031,347,384
22319,3822,5092
3132,535,720
23450,4112,5205
24181,4264,5317
23116,4020,5200
1699,299,428
3974,689,901
17700,3030,4247
3093,528,667
1859,322,394
1596,291,365
46058,7716,9281
9464,1586,1945
1377,241,289
4618,800,996
3676,586,706
9181,1551,1911
20861,3574,4507
3711,648,917
6082,998,1335
13858,2469,2962
2071,368,479
26416,4530,6065
3678,625,739
25783,4213,5192
28614,4719,5739
13631,2380,2974
54648,9367,11046
7081,1182,1382
3905,690,815
17141,3064,3973
9719,1657,2309
29794,5284,7320
5983,1038,1198
7581,1256,1527
11935,2065,2520
11042,1910,2276
33425,5754,7042
65504,11067,13225
3753,602,748
15599,2672,3410
4287,756,1000
1631,273,369
12843,2178,2708
32546,5784,7926
17620,2957,3683
3814,646,831
16644,2870,3668
10876,1803,2142
14444,2617,3157
36558,6130,7425
2336,398,534
398,69,87
109591,18730,23122
18913,2965,3592
1409,250,285
219197,36584,45661
1517,266,308
140732,22916,29010
11203,1783,2184
1760,288,373
4328,745,884
32282,5653,7499
37273,6334,7762
53583,8872,11071
1403,246,283
2398,412,566
19405,3199,3927
67960,11315,13203
20240,3368,4203
161501,26849,33982
94669,15339,18929
1395,245,281
2137,383,463
182485,29109,36811
3269,577,711
4897,873,1099
1310,234,283
10341,1711,2104
2035,339,411
5347,890,1164
19102,3282,4231
29106,5013,5828
7841,1283,1594
6893,1149,1377
2346,406,489
16002,2801,3635
11932,2154,2738
29395,5234,6482
14899,2429,2901
1903,329,370
4027,689,865
18499,3077,3946
17948,3089,3928
4066,723,880
15225,2633,3277
21854,3712,4725
4457,763,975
7180,1266,1553
38614,6630,8181
14633,2549,3405
15583,2682,3705
6422,1121,1475
26781,4678,5918
2602,447,612
5050,903,1122
3962,698,807
23612,4068,4901
18770,3243,3849
17196,2922,3506
10101,1784,2207
837,147,167
2339,423,519
581,99,133
3805,642,783
3060,491,626
6125,1024,1303
11171,1857,2395
16294,2953,3768
5287,891,1005
3309,540,729
2832,479,608
9023,1549,1803
6025,1065,1292
8143,1410,1691
16439,2897,3602
18820,3290,4594
4552,789,1047
5452,960,1255
6759,1175,1363
5868,958,1177
1140,200,225
8497,1434,1794
4546,771,923
5692,962,1232
1228,220,254
2203,393,497
2619,435,493
4240,757,905
3180,545,667
37680,6366,7980
43323,7543,9322
9195,1541,1806
13917,2288,2897
548,95,119
1957,336,429
13862,2396,2916
24008,4046,5180
11156,1858,2369
15240,2598,3229
36433,6121,7353
53632,9238,12392
4911,805,989
1506,271,363
1497,248,292
1362,231,315
2008,332,417
682,114,163
14789,2514,3093
21500,3715,4635
3924,653,799
4933,838,1118
3764,638,806
57731,10145,12239
1122,173,294
15041,2640,3745
3938,679,777
1057,183,250
6890,1235,1528
1478,268,300
1371,235,297
604,97,112
21703,3885,4913
16940,3035,3763
2212,376,482
1836,321,377
5527,972,1188
1218,215,292
903,154,192
1287,225,281
9815,1613,1949
21614,3530,4350
7481,1284,1549
2365,413,524
14176,2422,3031
447,84,102
20223,3251,4759
9129,1606,2069
22498,3734,5232
11438,1953,2420
4331,734,935
749,118,168
613,112,134
872,144,184
861,146,164
18939,3224,3912
202,33,39
1875,313,368
91940,15461,18685
5255,853,1118
7438,1299,1580
3213,549,681
6747,1137,1534
5489,933,1119
40368,7011,8596
14010,2382,2950
6220,1078,1385
1247,226,260
13366,2290,2722
976,169,220
9023,1566,2047
6304,1079,1303
7868,1348,1712
3130,559,687
4745,819,1009
720,124,143
12571,2277,2786
8997,1459,1700
910,154,186
1375,245,310
1414,253,294
2742,488,605
37109,6210,7733
4129,698,868
14726,2640,3145
1927,348,433
2638,455,561
1749,312,417
2342,420,538
8279,1498,1730
1353,231,270
26575,4748,6185
3459,612,770
3772,657,786
2690,465,537
11017,1927,2400
4598,783,921
8441,1459,1938
1414,251,324
2691,463,568
6792,1195,1486
5704,990,1181
55015,9425,12194
5704,986,1198
1155,206,236
879,151,189
1252,216,264
2762,468,582
935,172,213
1619,276,339
1015,172,248
2462,418,506
2609,456,542
27880,4764,5838
15920,2719,3364
4990,870,1096
7408,1303,1603
9467,1627,2076
1655,308,356
3933,712,951
2151,358,419
1889,323,433
2998,523,628
14376,2426,3064
3501,604,789
2037,339,422
8399,1443,1906
24429,4300,5312
30284,5378,6572
7131,1249,1552
17616,2912,3871
28939,4987,6303
1969,323,451
25777,4592,5737
38397,6644,7871
7435,1249,1457
22235,3755,4793
2624,453,629
19904,3421,4582
1419,241,333
390,69,103
905,158,184
758,141,174
31071,5471,7152
1259,213,279
1102,202,245
1165,195,269
1863,337,409
16389,2786,4024
3578,595,705
26181,4488,5374
799,148,182
6574,1163,1456
3941,703,810
48840,7762,9267
4515,749,924
1328,207,271
869,159,207
10117,1774,2172
32231,5408,6770
22,4,12
20985,3497,4226
9031,1588,1900
16399,2773,3428
18533,3256,3949
18654,3282,3963
138599,22825,29044
805,135,182
22591,3926,5038
1468,254,317
2698,456,571
4215,726,916
42081,7143,8458
3557,588,754
5205,850,1162
31575,5319,6334
3608,600,791
3734,645,833
35081,6013,7596
3427,590,734
16642,2787,3592
4180,746,903
1170,209,269
23882,4083,4938
21899,3931,5327
20658,3554,4314
19779,3272,4529
7567,1254,1582
16654,2862,3821
19185,3315,4207
267573,45913,58747
4715,761,898
17778,3090,3903
19112,3188,3948
79460,13022,15637
5536,928,1256
6603,1125,1415
1497,259,305
2119,358,499
8787,1436,1780
25335,4470,5446
56219,9504,11834
46733,7886,10284
3857,680,878
6231,1071,1257
2581,435,531
13359,2249,2833
17015,2870,3563
19346,3372,3985
6366,1057,1284
4599,752,963
24151,4141,5039
13744,2297,2863
14641,2445,3006
28215,4873,5910
1785,327,373
4648,822,993
1840,341,434
958,170,213
28186,4766,5759
7409,1320,1566
18446,3141,3768
43967,7466,10102
5196,897,1144
1232,213,269
14826,2455,3214
3721,647,757
1256,229,275
9983,1758,2280
2062,344,441
588,101,122
5061,852,1024
1015,172,219
19129,3219,4048
1343,235,306
14080,2393,3197
4766,821,989
2000,343,411
2771,484,530
1090,198,250
3701,642,782
9081,1546,1927
7319,1246,1583
15100,2621,3181
21427,3681,4377
17088,2941,3589
3304,583,708
631,112,132
579,103,132
6680,1124,1370
1625,279,330
1363,242,308
22152,3892,4781
17103,2811,3350
4983,898,1013
10278,1816,2214
9056,1509,1791
26883,4679,5916
21111,3696,4993
12697,2195,2741
24542,4035,4976
18647,3148,3836
1515,267,319
3280,576,696
35246,6027,7834
315,58,67
44689,7645,9650
26989,4693,5737
120105,20262,24795
57628,9491,11785
2732,482,602
9768,1655,2123
1044,171,261
88318,15891,19303
23837,4140,4939
11288,1835,2322
3185,551,662
9030,1530,2078
6082,1021,1241
54962,9312,11109
2458,415,498
36923,6102,7599
15101,2603,3234
1296,226,270
1853,321,436
2067,354,453
29439,5092,6159
6962,1228,1488
2279,394,530
8053,1369,1822
17414,2960,3724
5042,894,1117
7373,1314,1597
9050,1490,1792
12080,2066,2524
4038,690,848
55678,9075,10661
16009,2613,3255
701,129,153
15568,2721,3368
10403,1757,2133
8117,1352,1724
32408,5532,6812
40095,6904,8632
1237,215,319
4308,765,958
18188,3088,3696
19946,3478,4288
3714,667,799
3395,580,698
994,178,203
40754,7299,8952
36785,6189,7858
37234,6229,7864
12791,2126,2766
12404,2107,2633
1081,181,227
81656,13867,16052
5591,939,1092
4638,747,955
7222,1239,1531
469,78,100
3492,616,816
10962,1882,2438
25912,4378,5421
3042,527,611
66103,10952,15056
125486,21156,27604
70512,11781,14589
3173,524,676
2649,476,600
14206,2519,3090
18743,3111,3915
2348,403,450
2278,391,500
14985,2565,3347
4967,899,1218
5369,913,1174
6846,1153,1552
4502,798,1033
3007,526,617
7282,1258,1531
4250,711,896
41623,7029,8918
1529,284,325
8480,1442,1811
33285,5674,7597
970,174,203
10785,1844,2162
18664,3130,3830
1315,236,263
16203,2617,3340
76364,12663,15959
55978,9923,13576
26855,4451,5641
1654,300,347
2092,356,433
35060,6022,7301
3451,574,694
18988,3236,4332
10688,1911,2294
79899,13755,17182
15590,2618,3501
12469,2086,2725
1745,302,356
2277939,388993,460769
34176,5996,8093
1149,203,240
691,120,154
9582,1637,2007
2589,466,579
14963,2563,3135
1312,239,286
12634,2157,2762
37605,6432,7876
12817,2109,2628
3849,687,818
38153,6461,7756
13632,2354,2888
897,151,212
4688,808,979
3223,562,653
683,121,149
3891,646,749
1006,170,210
763,135,177
10786,1882,2309
11469,1969,2454
17650,2979,3847
1031,180,239
21496,3755,4827
5590,934,1138
22061,3709,4587
10589,1775,2396
15084,2659,3335
16831,2780,3724
470,85,101
52468,8769,10523
23432,3885,4548
1566,277,360
1717,300,365
7102,1233,1582
6693,1164,1456
12700,2198,2732
5552,984,1277
28767,4940,5859
1677,285,337
871,163,186
38944,6735,8448
11117,1936,2332
5855,1026,1243
2149,379,455
81144,13636,16988
16230,2797,3481
35814,6228,7648
4384,739,959
5148,897,1105
8188,1478,1777
1932,346,449
4322,719,889
4838,877,1115
20852,3578,4287
4164,721,926
22444,3913,4954
50378,8391,11482
15369,2542,3085
49881,8332,11448
5693,926,1215
48545,8559,10329
11956,1996,2389
1737,280,346
3535,618,725
4453,807,924
10945,1901,2420
11969,2054,2438
13134,2239,2744
11034,1922,2447
28980,4934,6021
12788,2243,2711
2484,414,519
38178,6510,8031
21584,3613,4480
25997,4559,5400
108520,18536,22202
18228,3082,3872
13081,2364,3070
2671,459,571
11682,1957,2444
1220,199,239
11544,1894,2278
11248,1851,2334
4175,706,830
12384,2075,2646
2609,458,733
2326,387,465
12641,2114,2536
13782,2411,2859
30854,5360,6693
1134,206,267
13413,2319,2802
59455,9987,12394
5692,979,1286
20,4,7
21485,3665,4428
6329,1089,1333
9539,1559,1880
9771,1616,1932
7129,1193,1498
8097,1376,1643
49818,8738,10710
47871,8153,10049
4173,717,828
14922,2545,3280
669,125,156
179446,29459,37425
4465,783,957
4298,738,929
2406,421,529
1625,286,352
1657,293,377
1526,260,300
4929,851,1022
1493,277,314
5042,864,1032
6555,1141,1411
1596,286,327
5505,975,1171
21404,3549,4237
486,85,104
5185,894,1083
8794,1527,1830
6075,1046,1246
9204,1566,1857
757,135,163
20778,3693,4607
7867,1361,1797
8931,1566,2036
36560,6194,7722
8863,1562,1964
4724,802,1177
3301,555,671
7885,1385,1653
15912,2756,3371
3729,665,830
9422,1706,1991
2128,368,476
2512,428,538
31850,5483,6810
590,114,145
1165,205,227
1946,322,435
881,149,199
844,153,186
70284,11837,14339
720,122,158
11562,1990,2467
9469,1615,2024
5930,1024,1426
1611,267,375
9098,1505,1871
21413,3606,4724
54718,8663,11295
12287,2097,2957
8030,1314,1627
6468,1125,1434
187941,31131,40711
12823,2251,2732
9908,1596,2142
2649,478,588
14318,2429,3222
1333,256,314
24976,4226,5267
2115,384,458
3641,633,741
2501,417,522
3486,636,836
1163,217,251
3004,515,597
1141,199,233
1236,221,248
13693,2362,2944
5761,967,1177
2752,479,536
8013,1342,1636
32500,5578,6725
21488,3691,4735
10541,1817,2231
1601,274,345
127208,21829,26479
14845,2552,3005
7396,1282,1660
1489,260,301
7441,1245,1609
27071,4828,5638
21560,3642,4505
1087,185,234
12923,2235,2800
1392,241,276
14205,2568,3555
8911,1554,1969
13511,2315,2884
1466,250,320
18479,3234,4146
7843,1367,1727
17895,2968,3605
15042,2511,3027
18548,3189,3929
22895,3929,4683
14409,2432,2898
55536,9480,12463
1397,234,308
43472,7275,9185
31491,5627,7541
10872,1950,2365
12735,2015,2449
13423,2411,2914
11371,1982,2536
62809,10361,12900
42051,6918,8319
11252,1848,2284
13028,2222,2856
1682,309,387
17104,2845,3640
14455,2553,3025
20932,3557,4423
16057,2744,3410
16141,2708,3392
15314,2589,3044
1654,284,353
4627,795,1052
10147,1723,2116
1603,278,353
4042,739,958
53596,8928,11579
19210,3228,3858
3946,676,767
8410,1395,1675
20705,3676,4399
17990,3111,3871
38694,6709,8426
16547,2888,3677
22942,4143,5263
761,136,176
28245,4771,5766
9407,1574,1908
63957,11097,13601
9962,1713,2172
4774,833,955
12848,2191,2750
18356,3177,3938
11336,1989,2583
2161,371,423
2420,407,636
5257,924,1057
2045,352,460
12133,2082,2497
8235,1359,1721
16349,2856,3522
15899,2781,3445
1143,196,236
11517,1954,2416
5880,1033,1335
2288,402,504
16616,2866,3407
6795,1188,1466
6708,1171,1451
18588,3170,4085
4394,748,948
29652,5089,6795
3573,613,811
39904,6622,8359
15599,2685,3253
16967,3109,4247
5893,1042,1342
2755,480,645
237956,41253,53227
5055,882,1101
13751,2378,2945
13797,2371,3115
4944,815,982
17882,3071,3674
2611,458,551
66998,11270,13882
20807,3402,4218
3234,551,653
12998,2234,2754
17761,3164,3817
13004,2253,2674
32090,5471,6796
1994,335,436
3525,591,742
6499,1153,1433
15239,2565,3155
9839,1679,2021
6053,1047,1267
22515,3886,5328
68028,11876,14373
6098,1068,1299
10696,1828,2186
1403,241,271
66275,11199,13424
24977,4486,5428
10676,1821,2176
73686,12695,15327
133745,22906,28433
27537,4638,5692
18804,3170,3993
13778,2323,2924
586,91,110
19076,3320,4227
4765,785,992
22371,4043,5322
5071,882,1095
4950,847,1003
19943,3485,4239
15157,2660,3238
34480,6184,7936
27517,4828,5993
8654,1486,2048
24490,4173,5294
14017,2233,3085
12183,2197,2832
84834,13681,17727
4052,685,859
8223,1446,1719
50264,8638,10844
5746,993,1195
6426,1105,1415
3440,573,733
60386,9982,12218
25529,4516,5422
11045,1955,2450
11788,2074,2553
34592,5789,6806
2402,406,522
14048,2486,3030
12828,2118,2500
9719,1729,2227
19033,3374,3952
16807,2853,3630
57752,9408,12921
21607,3622,4377
3019,548,663
16644,2780,3553
5048,838,1054
15233,2617,3195
1654,280,347
5988,1014,1334
2818,507,620
30862,5373,6190
27237,4508,5410
10967,1936,2488
4483,766,954
20967,3588,4348
3001,520,654
3040,520,654
9526,1666,2163
15201,2661,3261
12825,2155,2749
16799,2760,3494
1021,170,216
29269,5104,6363
1441,239,343
952,160,228
1136,186,283
1469,256,298
29794,5222,6370
12500,2288,2817
1502,241,283
5181,849,1085
1862,318,382
1223,200,247
2653,454,556
5560,897,1084
6222,1031,1240
7401,1284,1625
4437,758,955
12676,2257,2826
8699,1483,1819
19685,3383,3978
4783,869,1131
589,103,133
15826,2694,3306
48250,8024,10106
3863,653,806
14521,2461,2980
24414,4131,5103
10079,1757,2288
7012,1222,1498
83854,14121,17421
1244,210,255
1317,226,275
3209,524,693
21616,3789,4603
31478,5426,6742
3634,643,799
18663,3250,4082
16316,2731,3373
18484,3207,4243
16794,2974,3768
1790,294,336
11826,1933,2227
42802,7201,8537
22864,3817,4516
9274,1556,1913
13082,2216,2828
36733,6502,7895
16396,2757,3411
38767,6664,8690
125250,20849,25579
3722,637,773
32108,5504,6532
13870,2371,2824
20229,3452,4375
38869,6775,8111
8097,1396,1723
7436,1241,1456
1278,223,261
4316,707,864
25329,4378,5462
9186,1561,1884
8246,1406,1761
2051,363,428
3163,536,631
6964,1160,1598
13729,2259,2813
3557,638,770
9067,1575,1992
51444,8697,10751
2233,383,457
8602,1485,2017
22968,3954,4788
41691,7129,8646
5888,1095,1328
41322,6855,8312
8019,1301,1727
16780,2983,3691
22681,3876,4686
27481,4656,5626
16992,2859,3656
15432,2625,3114
12259,2009,2486
34642,5691,7100
26754,4537,5623
30449,5160,6433
26729,4540,5594
3810,677,884
1595,275,334
26453,4302,5244
31621,5587,6352
10819,1855,2269
7429,1219,1560
6589,1097,1302
13235,2146,2737
16313,2700,3470
139382,24818,30442
23204,4022,5228
15519,2715,3524
49610,8443,10202
6045,1083,1246
51151,9113,11047
10183,1784,2257
31565,5444,6543
73442,12240,15180
30490,5098,6102
20241,3354,4228
4043,683,819
2621,460,572
9143,1592,1931
273,47,65
488,91,119
11974,2021,2514
1880,323,418
5042,875,1093
14067,2303,2850
13973,2312,2834
66173,10811,14182
24836,4296,5287
2972,503,607
5576,917,1097
7853,1343,1693
6476,1107,1314
1665,291,351
6306,1102,1265
24318,4074,5271
9471,1642,1963
6106,960,1394
21085,3545,4406
42630,7207,8562
6101,1027,1307
3128,525,593
5388,892,1106
48382,8313,10978
1547,259,298
2813,486,564
8239,1390,1654
35381,6008,7173
1258,219,264
2149,361,451
4975,851,1048
7858,1343,1534
10372,1748,2128
10228,1731,1975
15442,2635,3335
12242,2088,2681
4038,672,856
2114,351,396
15054,2685,3297
18798,3331,4003
17234,2813,3358
5841,988,1306
41120,6982,8696
7159,1249,1585
27577,4860,6059
1990,341,417
17698,2921,3747
36698,6247,7397
31472,5373,6623
1524,274,330
46937,8021,9900
218341,36601,43229
11906,2130,2795
234,41,46
1478,266,357
1916,341,394
1160,205,247
974,175,195
437,84,94
3718,652,795
9303,1630,2015
1070,190,227
2694,482,561
1221,202,260
2890,494,679
1520,271,313
7281,1300,1574
7752,1360,1626
1630,291,353
6919,1218,1509
1625,290,319
4658,804,987
6869,1211,1483
20712,3483,4427
13097,2202,2647
5235,921,1145
1131,194,253
3673,616,723
1349,226,335
14271,2455,2841
36523,6474,7788
17843,2947,3573
13443,2333,2890
25936,4409,5506
49000,7993,9796
7760,1364,1647
10522,1835,2449
1392,248,316
36290,5953,7245
604,105,137
44251,7664,9296
12142,2208,2745
1409,253,295
7214,1266,1820
39004,6458,7893
21334,3781,5034
4163,746,916
27969,4808,5712
34699,6273,8838
9423,1581,1926
3979,695,888
10566,1783,2261
8438,1522,1943
4697,800,947
422,77,95
7606,1362,1746
8883,1575,1898
45469,7753,10008
9056,1493,1792
1393,240,307
32949,5668,7547
33740,5705,6662
37227,6311,7609
16347,2803,3503
887,153,192
13427,2227,2739
22468,3799,4498
6596,1157,1489
1082,179,249
30386,5148,6096
78223,12939,16659
17145,2972,3932
85343,14918,18566
32609,5287,6579
23311,4004,5232
1285,218,276
27242,4842,6122
3350,581,717
8919,1537,1935
77732,13049,15982
27595,4703,5749
4578,835,1115
53723,8931,10958
35046,6028,7577
18291,3067,3665
6279,1092,1461
14488,2427,3094
4985,894,1197
12754,2139,2669
24056,3960,5233
14791,2477,3097
27525,4608,5728
1096,190,232
14427,2464,3226
14483,2487,3221
8628,1480,1832
17781,3132,3921
10114,1744,2421
10685,1903,2395
12566,2065,2613
13834,2364,2797
17806,3039,3688
10783,1816,2293
15620,2607,3187
10009,1705,1994
31953,5734,7171
15440,2693,3240
68143,11364,13382
220922,39184,49035
1500,261,358
1321,227,275
5051,882,1186
31478,5208,6527
799,139,164
3949,663,817
2314,370,460
2239,371,464
3455,591,723
782,135,168
5005,843,1018
2132,365,446
9104,1512,1810
1759,307,361
10242,1759,2168
16370,2842,3400
1134,192,220
3924,679,805
28723,4636,5471
10253,1772,2176
26837,4601,5583
10184,1806,2267
6208,1083,1275
2039,367,438
26308,4576,5516
2161,364,457
8041,1370,1730
6978,1214,1504
5556,949,1106
27790,4640,5520
9568,1663,2028
5647,932,1155
11934,2035,2536
1478,265,298
94137,15890,19365
15993,2729,3396
33864,5423,6607
148541,25231,31415
2020,338,446
20527,3480,4209
12537,2136,2583
1580,287,384
22575,3774,4672
15331,2624,3104
27316,4468,5405
2770,506,616
14882,2543,3141
14921,2520,3006
6912,1227,1470
12305,2132,2653
10704,1771,2187
3847,671,848
17557,2967,3659
15675,2542,3011
12451,2117,2708
5492,943,1173
14477,2471,3097
5649,997,1182
28547,4903,6222
1679,289,338
2185,368,431
3466,594,735
11208,1854,2416
20410,3501,4116
24525,4204,5114
8737,1461,1738
779,137,160
7265,1231,1576
7752,1326,1584
11247,1943,2384
42273,7442,9093
36685,5968,7024
6657,1118,1386
34847,6076,7241
8991,1622,2292
2350,404,503
7126,1222,1549
2921,487,640
12165,2129,2524
37240,6334,7747
3535,616,806
16232,2690,3425
21061,3643,4472
15815,2616,3034
30841,5369,6574
2600,458,583
5591,983,1298
29389,4984,6231
10578,1710,2305
38735,6626,8749
19615,3368,4290
13051,2251,2647
14401,2453,2861
1286,233,292
15615,2588,3152
14675,2570,3321
14948,2663,3366
3917,662,839
5622,943,1122
23933,4207,5145
45606,7814,9378
15040,2522,2978
13268,2290,2822
20424,3637,4320
1062,178,225
45482,7664,9362
5392,927,1138
2589,438,463
14169,2452,2850
8846,1529,1799
883,168,192
911,158,197
818,142,183
21772,3610,4571
2021,363,484
4050,705,921
2156,368,425
53639,9315,11412
66485,11515,13876
3800,690,834
3236,550,640
15939,2767,3417
17081,3029,3870
11109,1830,2261
45622,7942,9533
7824,1259,1567
11610,1978,2520
27557,4826,6160
8431,1445,1788
5280,926,1136
7932,1250,1465
24864,4191,5164
55691,9407,11255
1986,341,406
5026,873,1056
16302,2791,3331
10638,1836,2186
14534,2565,3080
37546,6343,7824
58190,10126,13038
14502,2603,3334
9191,1493,1807
16595,2862,3320
9099,1554,2040
8956,1560,1968
59883,9941,12655
14953,2573,3218
2932,495,620
3373,573,712
52182,8959,10373
13800,2378,3124
14800,2555,3343
1942,328,387
159892,26872,32852
26760,4318,5179
22086,3648,4300
33047,5518,6518
43978,7910,9346
14453,2564,3157
2624,442,508
15088,2525,3109
5411,932,1074
46339,7568,9170
12229,2079,2506
17771,3077,3644
15939,2608,3237
7629,1297,1578
8033,1342,1693
167,32,43
14102,2342,2813
9834,1718,2080
32656,5495,6513
30888,5390,6982
87309,14800,17889
140071,23874,29202
27413,4469,5677
22626,3959,4867
12881,2241,2940
15708,2698,3347
34474,5797,7447
15285,2733,3249
52407,8603,10458
13910,2407,2831
9357,1596,2051
22128,3733,4545
22989,3768,4980
12587,2102,2833
11224,1919,2590
11365,1952,2440
2803,481,560
25018,4246,5274
3681,631,756
10752,1824,2242
25239,4256,5275
9230,1585,1959
33547,5802,7524
35292,5924,7109
94018,15965,19038
9801,1712,2244
6848,1202,1426
15594,2701,3376
12498,2156,2625
17027,3014,3611
5542,903,1101
2210,385,467
14348,2519,3046
2708,459,515
7870,1348,1586
2051,346,450
1876,315,408
1187,210,262
10231,1801,2133
51053,8603,10550
51944,8721,10493
7589,1361,1684
27131,4761,5873
78466,12872,15915
17695,2993,3823
10717,1774,2276
1873,295,348
24185,3980,4910
8439,1468,1772
8668,1444,1766
3496,637,723
31721,5399,6467
20130,3347,4096
11788,2029,2485
15097,2585,3160
5243,907,1140
19839,3446,4518
12763,2190,2731
30981,5234,6605
7484,1244,1571
36844,6337,7837
6042,970,1298
3132,520,582
24879,4382,5358
51012,9113,12667
42041,7093,8705
13371,2288,2784
13474,2306,2889
7520,1309,1646
5303,947,1160
2924,543,665
26384,4247,5271
5446,999,1301
14973,2476,3090
9105,1552,1933
13105,2265,2780
12819,2200,2540
13829,2388,2823
23420,3994,4846
14417,2435,2971
7850,1274,1682
8245,1432,1732
18019,2937,3694
17357,2913,3299
61320,10344,13180
16069,2735,3258
32086,5384,6392
9399,1614,1961
53574,9325,11399
7995,1353,1557
15143,2533,3095
16849,2970,3505
8035,1345,1687
4205,719,890
12215,2126,2667
10365,1650,2195
18360,3107,3819
38037,6597,8299
17954,3108,4138
24561,4117,5121
10597,1811,2210
48094,7722,9740
2369,411,460
13593,2406,2831
15088,2676,3217
28045,4767,5722
6865,1216,1534
49199,8246,10346
39652,6526,7851
6150,1037,1223
10988,1974,2350
10469,1746,2063
17284,2909,3626
795,145,182
17812,3072,3836
4711,847,1099
9293,1556,2061
31947,5438,6377
15256,2552,3250
76365,13091,15608
33565,5816,7312
5511,954,1170
26108,4266,5305
2208,373,496
6057,1045,1508
269091,45836,56828
15330,2580,3055
20215,3534,4706
14544,2613,3234
14210,2335,2754
2844,508,647
5255,907,1101
22775,3885,4643
37680,6250,7543
280815,45739,55997
10453,1797,2234
8194,1396,1664
28039,4745,5639
1671,274,334
22013,3829,4921
95516,16102,19133
20706,3658,4782
21624,3719,4581
8053,1335,1638
38759,6847,8825
14829,2570,3102
15333,2545,3357
47840,8158,10449
12062,2123,2513
3457,589,747
51968,8365,10199
59025,10137,12114
11659,2057,2607
9998,1701,2077
15293,2604,3049
3421,585,680
11740,2066,2549
735,128,163
34424,5826,7595
7806,1340,1666
9218,1601,2013
15329,2645,3445
4570,737,1065
15839,2755,3625
2944,512,621
8008,1345,1718
7462,1318,1621
2416,432,547
10958,1850,2214
7633,1361,1701
947,169,197
6331,1081,1382
2951,500,593
4675,832,1056
4315,731,887
4192,716,939
11475,1884,2256
13341,2125,2566
16327,2812,3434
2159,375,473
23037,4024,4685
10905,1885,2268
11733,2074,2647
4826,823,957
198418,33432,40505
8206,1421,1835
1698,281,365
250341,43916,54929
5248,929,1141
13759,2389,3006
27136,4730,5639
15294,2522,3199
7343,1261,1607
6731,1161,1367
2382,419,489
9846,1691,2143
17401,3149,4233
20355,3390,4507
16375,2767,3389
10560,1906,2324
16516,2785,3409
17854,2996,3665
9300,1588,1913
5112,861,957
15103,2517,3171
6676,1160,1410
13938,2334,2768
35523,5967,7431
7165,1225,1512
6437,1110,1334
19452,3351,3957
3348,598,748
13155,2220,2751
3664,642,819
11954,1985,2350
43488,7739,9580
4238,730,926
7656,1315,1624
11921,2008,2397
13975,2413,2971
26458,4394,5686
11197,1853,2417
8032,1395,1711
4356,773,987
1150,205,230
5649,957,1150
18277,3138,3904
17545,2970,3491
5530,964,1156
85482,14380,17877
4758,824,1068
23353,3978,4515
3221,555,698
3252,574,677
6230,1147,1424
10055,1759,2214
38385,6773,8717
76149,13507,16266
21161,3635,4611
26618,4780,5680
71125,12395,14854
7461,1297,1598
6972,1256,1515
31908,5310,6196
9586,1585,1877
5518,934,1230
5003,853,1041
8578,1476,1799
4589,793,965
26253,4435,5325
30799,5369,6332
9573,1679,1989
14557,2503,3133
5334,963,1177
15680,2541,3140
77829,13490,16282
26902,4753,5765
129884,22273,27464
4484,770,949
4650,782,979
18682,3181,3888
7155,1272,1478
343302,57538,72394
3836,618,828
8830,1453,1730
38711,6509,8321
27900,4699,6122
6013,998,1185
9055,1529,1911
7096,1239,1517
10335,1739,2190
3194,569,723
23046,4062,5098
33756,5666,6949
7675,1323,1584
4522,780,1004
607,101,117
4164,745,856
28740,4873,6218
8654,1439,1831
10030,1689,2190
25857,4154,5322
4716,801,988
19282,3200,4177
12989,2340,2793
13118,2142,2715
21391,3644,4567
7160,1244,1588
11908,2048,2587
3562,609,778
5062,872,1086
16805,2971,3750
11966,2051,2487
3873,666,890
36271,6191,7693
6585,1095,1377
850,143,174
31169,5438,7193
7395,1276,1592
9660,1653,2086
7253,1241,1518
5002,859,1068
26183,4632,5740
8637,1416,1800
11765,2011,2383
40289,7032,8697
242109,40522,49667
11546,1958,2456
67159,11582,14146
2551,483,589
24126,4349,5410
20324,3589,4473
6351,1055,1317
27519,4575,5827
13382,2155,2588
4528,803,986
8314,1450,1776
17463,2954,4010
3615,608,714
3809,614,750
3844,661,801
8338,1452,1783
6365,1086,1344
28760,4947,6279
13564,2332,2984
63122,11056,13825
9929,1736,2030
7531,1388,1848
6702,1144,1471
25716,4441,5092
2168,396,570
9447,1639,2090
19002,3292,4031
9584,1607,1928
4231,696,907
2496,433,532
62307,10447,12670
6247,1042,1261
64237,10657,14256
5282,872,1086
7680,1309,1535
16559,2856,3546
14651,2495,3075
14550,2572,3093
41164,6909,9223
12544,2084,2506
25734,4455,5358
17450,2844,3413
18509,3113,3616
33578,5549,6786
255158,44361,54815
20189,3370,4048
5829,965,1236
8514,1452,1693
18627,2987,3666
10829,1813,2305
7507,1297,1616
8868,1563,1855
8116,1426,1847
92004,15752,19322
18401,3125,3730
25307,4244,5168
49828,8363,10337
14950,2625,3389
40577,7043,8427
15516,2829,3769
14225,2421,3166
7207,1236,1639
6504,1128,1564
9272,1668,1991
29302,5131,6368
19410,3341,4460
22820,4009,4854
17142,3027,3955
54068,9150,11132
3195,557,657
16760,2763,3744
28166,4925,5812
23182,4082,4921
17875,3019,3810
47209,8296,10328
61330,10042,12864
8812,1500,1808
81306,13292,16637
2140,382,472
6088,1086,1360
19085,3232,3955
195671,32676,39885
1420,233,290
32358,5310,6169
42349,6982,8620
35943,6160,8399
30354,5081,6445
5546,955,1266
26829,4712,5843
21220,3584,4564
15998,2524,3783
11635,2072,2585
41299,7055,8534
21058,3597,4616
12703,2200,2636
35786,5877,7250
10196,1726,2165
4807,797,1047
13607,2448,3217
9390,1667,1997
19479,3376,4111
3691,615,739
22117,3741,4500
2851,503,596
16815,2886,3661
29341,4888,5956
4606,795,1038
23940,4126,5253
649,112,128
7797,1301,1563
3099,533,609
7909,1350,1652
7674,1315,1650
3928,655,810
3861,684,880
24817,3974,4693
5789,974,1234
8309,1465,1730
10212,1711,2161
66056,11201,13482
2396,364,535
24317,4227,5009
16328,2868,3552
17355,2948,3582
6013,1008,1285
17908,3145,3868
54985,9178,11406
9256,1578,1979
42,9,12
24277,3822,4714
20213,3473,4216
27572,4884,6119
7958,1305,1628
17456,2910,3649
14217,2448,3078
12367,2068,2664
5841,1013,1307
14204,2431,3168
33329,5577,6926
7689,1305,1672
5121,909,1149
10277,1671,2159
3612,636,772
872,158,213
19784,3287,4003
7567,1260,1511
11099,1763,2123
23604,3938,4922
32727,5425,7013
49348,8576,10131
35989,6106,7448
8863,1455,1815
6359,1056,1319
34659,6132,7679
20864,3578,4255
12610,2220,2586
16863,2655,3332
28875,4898,5960
36712,6547,7879
28189,4574,5545
11133,1947,2487
14872,2554,3079
20040,3384,3998
3382,591,695
15035,2480,3229
9661,1595,1910
16675,2853,3462
23836,3996,5168
9404,1594,1978
6618,1123,1427
16463,2881,3487
10681,1830,2230
14591,2585,3167
18057,3333,4370
9900,1754,2079
17047,2969,3470
3087,526,631
13842,2357,2824
33432,5828,7246
8710,1518,1828
14380,2486,3222
4447,800,994
11571,2032,2374
47029,7916,10096
6949,1171,1491
27849,4894,6179
6572,1112,1366
8710,1533,1903
23285,3995,4983
61427,10836,12963
1631,285,331
5508,960,1215
17812,2943,3827
23772,4205,4979
543,96,135
2086,376,467
14539,2391,3242
5168,880,1165
24515,4210,4841
6552,1058,1429
2395,421,533
36348,6261,7798
12886,2218,2767
937,171,204
18876,3168,4031
1959,317,435
12951,2210,2907
13851,2335,2856
9331,1699,2087
14439,2420,2944
23703,4116,4839
4274,749,919
26535,4442,5229
12459,2124,2719
20871,3514,4593
13906,2326,3023
10023,1718,2101
5285,910,1103
9983,1597,2074
9410,1560,1884
39948,6641,8163
17169,3061,4218
5986,976,1232
3380,598,738
5342,909,1167
27579,4667,5787
245,43,59
27850,4733,6158
18568,3096,3695
16969,3126,4163
6340,1135,1435
9832,1786,2221
9854,1664,2103
4807,854,1029
12800,2227,2746
4519,776,924
2743,485,568
45878,7801,9488
6956,1186,1515
3761,634,758
7412,1248,1510
8865,1479,1798
14147,2487,3116
22299,3883,4816
11661,2086,2551
22460,3891,4773
3271,554,708
11533,1861,2304
3422,582,704
10505,1812,2232
5947,1023,1270
4691,816,1068
5866,998,1260
2441,418,545
19584,3339,4261
30446,5259,6546
2929,485,595
903,156,202
5380,950,1265
10843,1863,2336
4178,711,922
17858,3086,3705
30378,5208,6523
14576,2455,3214
4043,702,894
2091,376,456
5606,996,1312
15914,2693,3467
7478,1207,1539
15486,2682,3485
5411,900,1100
2864,452,616
8212,1384,1681
43664,7623,9388
2405,422,530
3848,616,786
2629,453,555
5617,895,1156
6977,1151,1482
6451,1127,1426
13067,2337,2886
1514,268,339
3177,525,615
73635,12695,15750
53245,9087,11023
21013,3510,4343
15096,2526,3267
20590,3506,4223
13175,2175,2804
12893,2151,2844
16571,2824,3685
4627,726,859
19196,3196,4269
1131,196,227
2489,423,481
4346,738,953
12852,2141,2895
14317,2391,3034
17813,2967,3564
3021,511,653
3296,600,705
9186,1584,1947
947,161,185
20067,3239,4040
13704,2289,2668
3605,634,751
37398,6334,7956
2087,379,447
10582,1824,2267
15934,2825,3537
1385,242,325
5555,933,1144
751,131,160
19977,3512,4710
37635,6383,7685
14980,2464,3037
481,89,104
3889,677,812
136133,22975,28069
4000,676,1044
15732,2504,3489
337,60,68
20922,3533,4522
13824,2321,2880
4716,816,977
7939,1392,1790
4997,854,1017
2097,373,451
17311,2939,3820
13355,2342,2947
7440,1290,1538
18983,3204,4021
698,123,169
999,185,206
2408,402,510
1691,290,350
71721,12187,15066
17169,2791,3441
1645,286,320
5783,994,1205
1235,199,245
12138,2047,2519
1899,326,433
1798,320,408
9545,1648,1989
14774,2616,3145
1782,311,408
17724,3121,3965
8041,1328,1701
2273,430,521
6395,1096,1450
1349,233,317
13870,2453,3014
3122,543,686
3138,540,664
77508,12540,15174
7575,1277,1698
250,46,72
25278,4409,5402
9148,1686,1995
19464,3242,4006
248,44,53
149,25,35
5652,1028,1376
2747,459,541
33774,5746,6760
3259,572,699
21241,3479,4361
1998,340,432
1724,306,366
2533,422,574
25476,4504,5388
8089,1382,1670
2293,406,495
11793,2006,2327
284,48,82
11184,1941,2538
2028,348,443
412,73,100
5724,994,1274
3206,538,640
4309,759,947
8935,1467,1814
5081,849,1122
18960,3149,4122
1486,266,325
17746,3024,3764
18256,3144,3866
10589,1752,2227
28152,4842,6003
6385,1133,1417
21695,3809,4679
12390,2166,2823
7338,1220,1598
3838,641,772
21289,3704,4500
21805,3722,4556
63222,10280,12377
21077,3672,4428
1716,272,365
4409,735,924
2884,461,581
780,140,159
5917,998,1310
17137,2870,3817
34567,5715,7373
4605,798,924
57002,9474,12014
19652,3311,4016
4797,813,1036
7929,1408,1729
7857,1320,1659
24317,4200,5247
4592,761,972
22333,3636,4373
2992,491,574
9368,1588,1932
3408,561,696
10104,1688,2213
3212,549,681
183604,30966,37624
8605,1410,1916
12625,2192,2909
31572,5538,7555
5313,914,1168
48177,8391,10234
144843,24754,31483
3468,597,816
22515,3790,4540
19559,3413,4197
13445,2156,2735
5677,961,1243
2700,439,566
11635,2011,2252
7067,1238,1801
5887,1011,1307
12107,1988,2518
9062,1553,1848
2995,510,635
18569,3125,3915
8077,1358,1734
5618,921,1166
139817,23704,28795
104651,17772,23007
2313,389,476
5724,995,1214
12858,2124,2675
41201,6922,8510
8944,1545,1912
19165,3195,3978
209609,35624,44645
1622,257,323
6777,1248,1601
6622,1161,1434
33422,5597,7093
27059,4736,5727
14121,2477,3072
13791,2387,3066
17446,2939,3627
13555,2306,2802
12765,2177,2748
13566,2312,2808
3027,499,643
15295,2622,3292
9180,1440,1903
13207,2242,2961
25012,4246,5534
343,60,70
48652,8306,9717
21239,3731,4543
12735,2175,2602
349,59,82
10443,1775,2309
1775,319,395
3299,571,672
7151,1176,1405
540,90,106
9006,1562,1823
752,121,156
3003,488,640
1453,252,299
17799,3247,3781
107735,18484,21672
778,143,172
9790,1696,2109
1923,324,419
829,143,168
3144,548,637
3091,523,674
1875,326,417
8363,1411,1803
1134,202,250
21479,3707,4567
2388,419,538
5232,868,1048
6767,1144,1409
3774,613,737
4224,719,894
1261,204,246
2343,377,442
6207,1076,1370
1000,175,220
3849,648,803
2083,342,408
3428,585,767
4527,788,983
10255,1762,2217
1441,245,302
1425,240,289
11102,1864,2356
5629,963,1191
2251,381,481
4323,758,945
954,169,218
4966,831,1024
5396,934,1134
1209,215,252
2088,355,470
32090,5511,6783
1210,213,235
17628,2860,3605
6011,983,1226
387,73,80
216,38,44
845,153,167
5405,919,1098
2911,500,604
2484,407,534
1180,207,269
3862,671,879
10073,1762,2005
10484,1848,2271
1287,220,314
1265,221,249
5090,892,1067
1621,276,369
16117,2684,3175
20483,3521,4260
5753,1035,1250
15576,2715,3173
2161,380,492
500,87,170
13565,2340,2972
2841,499,613
11482,1981,2404
698,119,141
695,119,138
1623,295,338
1085,181,204
2029,345,437
701,122,139
454,72,90
1923,336,394
1225,207,269
23615,4023,4915
1826,312,451
19544,3361,4263
3396,576,686
15035,2582,3068
29569,5201,6339
2033,335,427
14780,2625,3118
30417,5302,6454
522,89,122
27036,4771,5815
428,74,86
6126,1030,1315
8734,1495,1985
6751,1124,1355
18114,3037,3638
19416,3373,4436
1266,223,297
8818,1525,1885
439,71,83
860,143,183
6602,1138,1422
622,104,142
25088,4249,5498
4470,755,1004
11802,2039,2505
6983,1231,1616
1388,234,288
1456,256,323
10997,1971,2561
35892,6091,7790
1174,214,265
15331,2661,3365
30807,5257,6513
11162,1802,2161
1279,215,268
9692,1721,2048
7190,1282,1616
10953,1872,2362
1155,198,260
1741,306,401
14406,2438,3051
13283,2282,2867
3636,640,808
49332,8516,10024
1691,293,374
3647,648,826
6178,1051,1393
9237,1599,1960
21863,3825,4558
1252,205,248
7597,1338,1686
3678,636,751
17136,2717,3501
17214,3052,3785
25718,4435,5262
2563,446,564
866,142,172
11153,1997,2366
18878,3247,3995
8427,1453,1846
9527,1613,2086
7450,1239,1629
38558,6550,8008
5218,927,1208
25361,4379,5588
8532,1445,1812
13837,2391,2991
10918,1831,2136
13000,2274,2844
18684,3157,3884
78688,13043,15800
41360,6816,8347
1411,235,287
10797,1801,2344
3018,502,609
15043,2573,3236
19415,3374,4209
19236,3368,4336
16930,2999,4032
29013,4713,5980
45945,7692,9330
29864,5025,6477
2280,399,465
1370,232,293
5989,1068,1353
6305,1086,1387
6510,1121,1461
19218,3162,3827
2340,390,498
10696,1849,2238
19816,3521,4320
7402,1335,1610
8933,1553,1993
9687,1695,2088
24126,4194,5162
3683,605,790
26317,4427,5750
3756,615,747
8804,1524,1903
612,109,123
7244,1227,1530
24764,4287,5423
39878,6939,8151
14267,2474,3145
27724,4762,5892
26564,4421,5575
3757,663,890
2103,339,432
5760,991,1283
23519,3901,4495
3524,562,746
2377,416,583
26826,4661,5898
35475,6055,7301
12011,2019,2487
3711,644,826
729,130,159
5768,1002,1282
11812,2087,2670
13312,2254,2758
8970,1543,1930
10088,1750,2285
18467,3265,4406
75559,12637,16019
1937,321,410
13110,2309,2811
3277,563,696
34767,5742,7524
11412,1870,2478
14983,2447,3204
14618,2620,3257
541,98,129
14369,2376,2960
26910,4580,5636
8301,1480,1954
3281,529,631
3395,581,716
19214,3373,4205
18864,3271,4257
40846,6982,8991
30814,5179,6413
30195,5339,6643
30800,5197,6440
8024,1342,1739
2846,470,616
17386,2862,3667
31542,5349,6489
6957,1142,1422
12803,2166,2759
11039,1901,2244
24015,4181,5144
8225,1384,1773
11569,2010,2512
62910,10683,12824
36203,6255,7479
5555,935,1153
55329,9069,11355
54472,8812,10695
9164,1553,1810
5595,938,1115
10319,1849,2418
4765,793,961
26538,4581,5347
3182,536,676
3718,629,735
15861,2795,3468
5255,905,1010
1296,233,274
27993,4963,5890
19860,3426,4083
1502,269,307
25369,4267,5357
4716,796,948
23045,4028,5172
6328,1093,1325
2671,459,571
24964,4298,5033
2302,397,493
20141,3557,4398
795,136,195
4007,689,820
10257,1707,2080
28905,4986,6101
6339,1085,1475
10997,1886,2425
13206,2254,2927
1239,197,264
22422,3814,4962
10759,1844,2405
10913,1799,2212
20519,3446,4117
19527,3227,3981
6562,1137,1325
22035,3813,4640
1887,337,463
15695,2664,3315
23262,3871,4668
5707,973,1167
25675,4324,5271
15859,2797,3344
11587,1876,2165
5402,925,1142
9032,1600,2008
39176,6855,8198
19307,3197,3980
9487,1571,1933
19897,3403,4333
2796,467,613
1639,290,376
613,105,119
37383,6379,7776
10703,1930,2332
51650,8901,10653
42887,7238,8909
25602,4497,5514
1662,283,331
14510,2402,2862
20317,3553,4154
86684,14423,17780
11527,1974,2408
19295,3111,3887
2187,375,461
5738,1005,1257
13261,2238,2724
7381,1235,1508
8863,1474,1722
13135,2218,2742
14318,2469,3114
7690,1263,1521
1047,165,213
35362,5950,8005
5457,1036,1297
11046,1824,2279
1650,292,382
9910,1713,2195
9243,1685,2114
13121,2110,2577
4935,830,989
8130,1405,1708
2396,423,494
10201,1765,2164
8576,1459,1748
21590,3810,4500
5508,960,1208
7594,1282,1594
16519,2789,3361
12450,2082,2641
17293,2980,3955
750,131,152
6393,1051,1404
1633,296,349
2612,450,595
13837,2381,2655
17993,2936,3590
21817,3808,4967
20642,3653,4455
1460,250,320
5219,904,1068
1461,252,321
3264,563,720
7521,1278,1533
33605,5582,7061
49152,8305,10108
5959,1013,1191
2295,389,471
5945,1005,1188
2268,382,423
21081,3568,4702
6025,1055,1258
1143,189,239
3795,707,887
10609,1801,2090
31509,5424,6851
22950,3972,4843
13673,2405,2988
3515,616,771
1792,306,382
10317,1786,2432
15161,2712,3551
12888,2263,3041
2322,406,552
10944,1911,2507
5126,898,1125
35488,6118,7385
13869,2407,2935
18692,3346,3931
34250,5701,6831
25469,4292,5422
9144,1546,1978
1026,175,218
41430,6880,8493
9089,1562,1946
8428,1418,1815
8973,1521,1888
3307,555,720
10803,1906,2466
20193,3445,4243
1486,257,325
17245,2971,3704
9480,1563,1986
1943,326,394
16800,2728,3326
7406,1293,1816
4221,721,968
6325,1112,1359
24245,4189,4759
24600,4152,5237
2687,443,525
39935,6978,9212
10229,1832,2172
7500,1289,1678
10754,1852,2331
798,139,163
3219,573,687
12624,2132,2686
3057,547,638
3556,595,703
35113,6009,7313
11304,1934,2495
19150,3264,3970
14631,2408,3102
19850,3356,3998
1375,242,318
23173,3983,4831
17734,3052,3778
1148,188,218
61265,10050,12032
9451,1598,1920
23833,4151,5160
7649,1306,1678
7408,1265,1564
7675,1364,1779
17530,3006,3599
16329,2722,3353
13221,2292,2725
8644,1442,1809
10820,1906,2327
16870,2775,3506
14653,2556,3192
3708,620,712
8904,1524,2010
45431,7892,9730
19459,3400,4305
15902,2764,3546
4967,870,1168
8450,1463,1855
12406,2083,2616
10447,1846,2318
12064,2128,2634
25622,4239,5733
80207,13472,16121
10404,1786,2153
11104,1920,2404
15160,2477,3287
20845,3618,4556
81174,13678,16350
735,125,159
16875,2837,3704
50054,8823,10508
18010,3048,3826
3716,663,843
14024,2363,2843
11321,1954,2380
11208,1955,2326
22584,3797,4909
21118,3670,4590
19523,3316,4267
20448,3508,4369
8367,1373,1594
20921,3706,4447
999,168,207
24144,4164,4987
18614,3267,4241
11285,1874,2451
27767,4674,6119
24067,4247,5208
9306,1566,2035
5655,927,1157
12406,2203,2684
2402,425,497
16377,2747,3541
12108,2084,2606
25265,4424,5655
15626,2587,3099
605,109,143
533,90,115
791,140,164
51417,8642,10864
11002,1744,2302
8265,1411,1730
1781,315,378
17715,3269,3716
24889,4237,5205
2929,496,734
2743,483,603
5889,1034,1210
4447,768,958
6110,990,1219
11409,1985,2433
71257,11191,13166
8261,1437,1724
5171,871,1097
14711,2428,3053
1034,180,203
9890,1639,2237
14586,2560,2992
9648,1706,2168
12198,2121,2696
9474,1617,2071
5256,896,1083
25924,4523,5214
4699,826,995
2037,363,423
4942,828,1024
13866,2433,3016
2729,485,565
21531,3659,4403
8484,1393,1853
4147,698,809
5853,952,1294
2440,404,495
23888,4083,5182
28207,4669,5892
1864,305,412
11459,2017,2390
308,52,64
12401,2018,2413
2308,442,518
12947,2311,2859
83931,14377,17864
1320,212,267
8018,1347,1610
4914,829,1017
8708,1435,1703
16837,2823,3835
10001,1611,2173
3608,621,729
23700,4159,5080
7709,1337,1867
3225,548,707
37076,6504,7857
14463,2512,3174
9243,1534,1910
10648,1842,2181
25477,4509,5563
561,97,120
8658,1516,1832
2630,458,553
44013,7358,9433
14839,2488,3437
12523,2120,2672
33545,5891,7395
1081,191,233
824,149,169
2600,470,522
15218,2598,3323
719,122,159
20751,3758,4749
11331,1898,2376
5547,979,1296
9823,1661,2085
4206,724,855
2536,443,536
11396,1903,2385
13809,2326,2835
5982,1071,1339
4304,753,970
9445,1637,2037
4536,764,933
9129,1479,2065
2783,491,673
1019,173,200
8820,1533,1794
7223,1236,1509
13624,2329,2742
4097,701,824
17665,2887,3740
9139,1535,2124
5799,946,1240
8790,1442,1782
8412,1389,1697
29368,5107,6363
7990,1316,1637
9127,1536,2109
15137,2493,3121
30827,5212,6500
19619,3369,4421
15538,2599,3293
9065,1610,1965
14273,2343,2813
15785,2771,3654
16462,2905,3616
7483,1255,1565
19513,3312,4094
35974,6124,7355
33940,5619,7113
23430,4064,4620
20456,3351,3991
2533,428,513
45032,7094,9525
9733,1648,1983
2757,494,634
14770,2396,3086
876,152,172
1871,321,424
2245,385,462
10951,1866,2185
12482,1985,2721
44801,7795,9515
9566,1642,2104
29032,4952,6192
1365,227,283
7498,1294,1584
9088,1492,1875
14527,2520,3242
14231,2411,2942
2031,351,404
2938,516,639
2803,458,603
1875,329,390
6626,1132,1367
1422,259,307
8225,1449,1782
53357,8831,10960
8154,1339,1707
4753,835,1054
11620,2100,2648
3296,549,727
14952,2499,3027
40164,7052,8347
1828,313,384
23366,3933,4963
31117,5444,6924
11176,1923,2493
1325,225,283
17688,3088,3860
31279,5337,6430
5454,936,1206
2137,360,424
7968,1366,1760
4776,837,1060
11719,2076,2620
15635,2725,3268
7346,1249,1603
36284,6282,7682
2481,438,547
7822,1288,1626
8623,1487,1814
483,90,101
425,75,92
9379,1615,2067
3346,569,691
22679,3875,5022
10522,1768,2281
10105,1728,2152
104120,17813,21618
9216,1567,2017
1910,317,407
9642,1628,1996
1160,197,249
6342,976,1397
36447,6057,7360
36008,6253,7982
45127,7325,8974
16178,2653,3298
40812,6779,8219
18576,3228,4159
3297,576,689
904,152,190
72359,12896,16369
31158,5308,7044
33746,5686,7165
4920,821,1032
8282,1451,1764
320432,55441,68622
8807,1512,1887
22648,3763,4562
12378,2129,2733
12393,2145,2721
33504,5822,7144
9407,1638,2032
447,80,105
14709,2641,3372
12968,2348,2806
9344,1607,2016
4396,706,881
15102,2582,3408
19058,3375,4168
20761,3557,4317
15173,2596,3086
27778,4774,6027
39146,6709,8635
15407,2579,3122
8409,1407,1716
11419,1944,2367
12625,2084,2693
53085,9235,11461
4040,715,851
14491,2604,3221
33817,5575,7250
10458,1824,2196
28982,5005,6407
28547,4531,5728
12808,2197,2776
6365,1069,1383
369,66,95
13436,2265,2762
12117,2088,2559
23558,4244,5153
19838,3403,4222
24060,4356,5178
40383,7023,9123
7531,1303,1560
16584,2839,3508
8412,1441,1833
11702,1889,2483
6423,1090,1400
12622,2119,2828
18787,3088,4126
11483,1900,2403
28488,4767,5869
2727,463,608
15854,2641,3345
11769,2071,2574
65729,11392,13904
32267,5181,6636
12055,2060,2545
27194,4602,5554
12081,2030,2717
28267,4671,5770
21297,3469,4078
16642,2828,3731
8034,1345,1738
3957,677,775
22003,3893,4735
32254,5206,6704
15252,2572,3449
8967,1551,1990
13000,2240,2871
2186,387,525
1093,187,258
1234,227,278
2268,374,467
6798,1167,1482
80050,13560,17001
15212,2526,3055
20713,3626,4470
8195,1425,1914
20967,3592,4509
8302,1487,1843
19515,3419,4183
8708,1480,1864
2620,458,530
5258,896,1155
19118,3184,3737
11567,2066,2487
14882,2545,3275
9045,1549,1949
6271,1090,1397
2114,356,424
29697,5014,6420
8845,1545,1965
42579,7284,9031
7159,1210,1525
7270,1235,1565
11848,2050,2660
7211,1183,1543
10662,1831,2378
10583,1823,2300
10251,1814,2307
983,168,218
6749,1142,1422
9551,1654,2121
7515,1351,1809
19656,3451,4202
3572,630,797
4685,802,928
11331,1917,2316
27678,4784,6009
49488,8318,10643
12566,2221,2664
16417,2872,3509
11063,1934,2398
27737,4775,6036
11885,2106,2629
9859,1685,2093
15097,2537,3180
9020,1477,1800
6866,1219,1561
51755,8896,11210
27469,4517,5874
5383,929,1178
3659,627,827
6406,1045,1417
10161,1713,2237
22879,3994,5008
29911,5069,5928
19514,3249,4089
3066,541,643
26883,4529,5342
1044,193,224
18954,3255,4278
4635,805,1053
3073,528,652
358,63,81
12474,2187,2720
17690,2943,3772
6629,1155,1479
6784,1155,1357
3181,565,716
9222,1555,2014
5308,913,1188
6178,1059,1389
9493,1599,2065
23893,4236,5405
6279,1080,1401
15881,2624,3388
11008,1845,2416
44408,7211,8724
3652,615,854
13609,2245,2732
12385,2140,2757
6132,1064,1442
1347,236,284
8455,1391,1783
3503,570,678
8838,1457,1968
9802,1715,1999
6490,1107,1446
11190,1931,2334
6889,1235,1427
8259,1374,1917
5452,933,1199
11818,1996,2478
55387,9419,11481
33140,5787,7082
16570,2928,3773
12607,2111,2768
10872,1924,2244
1960,343,424
2787,490,630
7632,1282,1611
8282,1423,1819
19815,3413,4179
17120,2938,3731
27234,4282,5735
29218,4891,6050
23738,4029,4860
16022,2638,3298
61602,10246,13464
89983,15183,18638
78712,13487,17419
17028,2920,3782
11620,1999,2436
30871,5257,6182
22889,3923,4916
13007,2326,2817
42453,7254,9008
17670,3036,3748
26807,4507,5756
4324,719,910
4122,698,805
7971,1302,1605
28497,4865,6415
2125,356,450
5128,901,1140
18282,3190,4094
25111,4227,5645
13232,2190,2694
3297,586,709
24766,4250,5529
65447,10919,13198
21674,3644,4305
2947,477,587
5949,957,1137
7161,1203,1551
3204,559,654
1416,233,333
78764,13032,16708
26225,4728,5710
26006,4482,5262
20450,3534,4223
4582,798,967
1107,195,239
27090,4172,5327
7907,1307,1682
7408,1268,1674
4500,758,972
10612,1791,2194
32195,5311,6559
57806,10104,12208
14190,2326,3056
3350,562,778
5834,1006,1296
7864,1278,1630
16487,2843,3593
35038,5961,7158
7690,1337,1609
18636,3124,3949
941,170,200
10962,1866,2276
8414,1424,1915
10434,1783,2343
15182,2669,3226
10940,1863,2312
14402,2431,3108
4405,751,904
23122,3837,4748
26496,4408,5834
23442,3858,5023
13006,2080,2678
2533,426,510
5514,974,1225
9645,1584,1897
1953,334,417
13703,2398,3057
8691,1524,1810
18854,3292,4104
7310,1250,1712
5898,950,1274
17952,3021,3733
6637,1078,1401
76703,13237,17021
36336,6316,8357
23457,3972,4860
27209,4485,5620
17546,3145,3649
24097,4234,4916
40241,6914,8611
2106,353,440
9377,1671,2108
13303,2332,2887
10220,1833,2514
13191,2201,2628
17955,2880,3542
21690,3639,4376
15694,2710,3184
11268,1823,2309
30055,5058,6298
17735,3287,4857
7844,1318,1741
16897,2841,3542
12803,2115,2695
59333,10628,13131
17134,3017,3709
86440,14944,18522
101063,16916,21581
13535,2215,2822
1045,193,256
11657,1996,2579
8070,1399,1753
8060,1338,1688
14791,2509,3011
2819,495,593
5968,997,1311
18568,3015,3696
26571,4522,5442
13099,2210,2829
28678,4646,6174
11421,1861,2415
4913,813,1077
14603,2491,2997
26639,4412,5663
17087,3040,3656
5278,871,1120
7705,1266,1569
1377,243,281
3536,585,736
8209,1403,1798
13539,2389,2913
3150,542,633
11626,2040,2512
26252,4671,5979
26167,4337,5407
12527,2134,2716
11722,1963,2443
2650,431,530
21345,3697,4613
10576,1775,2378
28822,4837,5828
11207,1898,2401
14915,2611,3199
11755,1974,2333
20908,3499,4262
10632,1801,2219
10122,1728,2259
1946,345,442
15346,2666,3192
16867,2943,3700
1165,205,264
1474,263,312
1264,220,272
1427,240,316
3482,619,761
6588,1132,1481
3353,597,722
2365,424,527
3989,698,916
31859,5568,7003
16537,2832,3497
9717,1613,2074
8546,1493,1769
12597,2171,2687
7443,1277,1639
1742,300,397
1065,177,231
11686,2010,2426
2094,349,449
14324,2449,3066
6852,1168,1361
25132,4155,5093
4601,763,1054
2979,521,613
20625,3536,4426
4399,731,960
27765,4775,5767
11891,2016,2408
23716,4153,4871
17042,3005,3614
17935,3210,3872
9661,1697,2076
550,89,118
14112,2539,3298
15568,2608,3233
3729,644,775
18741,3278,4043
1073,189,286
22613,3965,5069
1285,234,317
234,45,66
15128,2531,3084
14165,2432,3021
12333,2189,2985
9910,1815,2193
3392,570,674
22219,3478,4313
22957,3944,4922
5628,983,1159
21056,3662,4658
25607,4498,5290
19330,3491,4284
23955,4344,5552
32109,5357,6471
6870,1084,1367
8456,1401,1811
10042,1808,2140
7151,1221,1526
3407,557,708
8605,1464,1831
15674,2632,3289
33186,5800,7840
12680,2122,2677
9127,1562,1969
28481,4981,6237
32381,5659,6870
10174,1756,2067
5719,993,1332
5154,854,1179
32061,5411,6977
8443,1406,1732
24355,4324,5366
13994,2429,2907
10583,1813,2342
35999,6024,7763
7199,1236,1637
21016,3454,4529
32676,5550,7353
34595,6011,7679
31080,5418,6677
54160,9060,11235
21326,3763,4726
30304,4947,6513
27287,4503,6087
11531,1986,2540
6263,1077,1363
20171,3360,4081
17379,2931,3768
15852,2729,3386
40094,6824,8140
15699,2743,3330
24089,4269,5440
4040,693,832
6410,1121,1335
10642,1697,2101
46994,7850,9625
25017,3957,5035
9838,1756,2199
7522,1277,1590
8225,1439,1901
14337,2285,3129
8634,1408,1717
10226,1880,2262
800,141,175
10049,1791,2239
2046,366,432
39093,6516,8832
12009,2064,2565
27469,4468,5643
7164,1227,1513
16846,3054,3925
22329,4089,5328
104197,17055,22484
4023,668,823
12581,2193,2680
12999,2294,2801
9190,1513,2181
13823,2260,3114
8994,1557,1932
31697,5714,7220
6835,1116,1443
1092,194,235
126190,21643,26394
7027,1285,1609
20433,3396,4215
12990,2301,3086
13322,2293,2663
18925,3260,4245
12203,2072,2345
1402,260,319
7159,1253,1489
6070,1024,1280
6661,1129,1379
8517,1441,1771
9426,1615,2123
1383,254,291
6050,1066,1280
3647,658,879
35857,6125,7809
1375,251,286
3211,555,718
6580,1114,1342
5937,1000,1330
5380,915,1138
10001,1707,2145
10090,1714,2181
3056,540,649
29340,5033,5953
4854,814,993
4792,826,1069
3541,616,721
7621,1296,1723
1165,199,248
15701,2697,3347
3461,585,790
7782,1413,1785
4593,772,920
11299,1962,2336
10574,1880,2222
9502,1643,1977
24058,4223,5147
12111,2038,2532
13194,2303,2816
31949,5358,6428
6348,1045,1329
20502,3399,4341
8035,1376,1695
1799,312,405
28836,4934,6396
12011,1958,2399
1340,243,313
41177,6947,8674
100040,16789,21315
12306,1988,2435
6373,1113,1419
35626,6124,7685
182528,30401,38682
23231,3818,4679
33847,5649,7195
2959,547,699
14837,2425,3140
1799,305,394
16165,2670,3433
4390,747,1016
12854,2191,2753
29135,5074,6247
10280,1836,2392
17615,3101,3855
18579,3186,3732
17617,3106,3844
11569,2051,2624
15887,2592,3306
27746,4638,5755
10841,1834,2380
19381,3421,3965
23361,3910,4945
17788,2999,3556
19186,3427,4167
9758,1737,2130
6518,1134,1460
10869,1796,2317
15332,2525,3230
8208,1427,1979
1677,273,366
2721,438,559
31685,5245,6449
7001,1238,1511
24406,4092,5119
15641,2767,3238
25237,4273,5358
16955,2863,3625
15774,2628,3627
6170,950,1307
22268,4040,5272
1609,282,337
12270,2112,2659
8830,1545,1878
18570,3096,3989
5731,1022,1294
5746,960,1166
16498,2843,3591
37158,6702,9316
340,57,73
5609,898,1231
16997,2918,3675
25320,4309,5126
10734,1787,2154
4357,727,970
799,140,165
8786,1509,1940
26884,4614,6077
12058,2066,2640
4163,707,876
27006,4625,5717
12995,2098,2547
5707,978,1180
17750,3087,3694
17551,2969,3503
12444,2142,2403
8818,1484,1844
2384,410,487
6505,1100,1340
8161,1366,1750
10935,1889,2318
17437,3018,4192
1350,244,312
1630,285,358
16546,2847,3531
7889,1367,1743
6191,1046,1281
10181,1780,2195
32680,5684,7029
12733,2259,2792
4932,833,982
14593,2571,3085
5602,978,1153
4779,836,995
33434,5817,6966
23522,3996,4864
8405,1413,1778
6775,1048,1356
10059,1727,2181
14665,2518,3298
20720,3540,4315
24697,4237,4917
21152,3694,4260
16274,2704,3657
8333,1453,1797
15993,2840,3356
20905,3565,4443
14784,2461,2922
41672,7021,9221
26667,4530,5518
20859,3479,4486
5966,1016,1210
519,93,119
1445,246,311
4749,755,1057
3826,634,846
11017,1866,2292
10287,1621,2105
12512,2138,2721
20071,3435,4426
10163,1707,2105
12763,2105,2590
4609,811,1004
14029,2481,3225
14667,2546,3190
11911,2094,2493
29686,5171,6576
13540,2299,2801
7068,1242,1537
4407,718,920
4783,769,994
4155,694,826
11904,2093,2492
17795,3114,3893
14469,2548,3121
34557,6111,8286
18665,3236,4111
64851,11011,13723
2690,442,527
31049,5398,6773
14354,2450,3080
7120,1274,1582
2611,449,564
9206,1528,1990
12664,2223,2610
28080,4730,6106
10684,1765,2313
6461,1092,1414
24802,4091,5068
47972,7903,10351
5738,994,1245
8206,1466,1908
6743,1177,1459
12793,2223,2784
20644,3394,4236
9289,1615,2015
16736,2784,3733
1543,265,373
6839,1199,1482
40036,6906,8850
8848,1527,1840
4970,821,988
33101,5523,7082
13546,2242,2806
9442,1590,1946
32149,5406,6760
4956,853,1140
6145,1048,1363
9767,1724,2143
18164,2922,3997
878,151,188
13676,2334,2908
21790,3802,4776
5230,942,1132
23126,4002,4892
19457,3369,4392
5929,1021,1353
21035,3676,4713
17508,2983,3641
17571,3016,3694
5492,922,1152
14100,2296,2808
38590,6928,8513
24273,4167,5100
55779,9254,11371
6003,1048,1303
10111,1670,2421
6427,1101,1396
8206,1420,1927
11734,1983,2578
18469,3165,3684
26280,4405,5572
8819,1534,2004
33090,5750,7021
20809,3673,4719
3589,593,808
10664,1804,2245
24024,3986,5002
15151,2601,3316
15163,2607,3297
1114,194,298
3777,632,798
6676,1149,1535
9788,1610,1972
3629,568,683
10378,1741,2077
12164,2115,2643
35591,5994,7801
14069,2452,3004
5316,858,1046
35540,5997,7786
21503,3722,4603
9203,1663,2032
5552,941,1144
12272,2099,2813
4404,776,936
21795,3661,4414
4680,779,1056
20243,3407,4654
83079,14424,17426
19970,3456,4055
46638,8115,9695
15219,2592,3673
7559,1316,1595
10076,1788,2166
2104,380,446
2250,391,475
7313,1164,1405
35543,6057,7384
5868,1008,1294
3336,537,613
3228,514,597
2065,350,475
25531,4531,5921
5242,936,1095
5119,851,1085
32106,5637,6901
28129,4938,6069
8824,1387,1685
7110,1184,1360
8834,1482,1787
25053,4214,5303
11752,2019,2607
13667,2345,2935
8410,1460,1763
5505,945,1224
1475,253,330
12111,1960,2398
9344,1626,2001
4924,811,972
1441,239,300
15278,2533,3134
22321,3744,4962
8509,1469,1789
11323,1885,2469
19725,3330,3999
24741,4273,5120
31025,5319,6283
14370,2474,2991
9074,1548,1963
10561,1785,2296
21583,3719,4934
14125,2436,3151
9247,1528,1888
3168,572,639
17794,3029,3896
26491,4591,5817
14992,2558,3172
21181,3708,4975
25345,4137,4847
11842,2024,2605
15725,2693,3353
2557,451,541
11520,1800,2226
7149,1244,1506
13944,2380,2989
64172,11037,13317
9836,1629,2070
5735,965,1194
8400,1512,1859
12933,2263,2786
19563,3421,4151
17823,3167,3892
26727,4559,5818
9002,1483,1753
13141,2248,2857
7141,1261,1459
4092,671,823
16799,2900,3532
5718,980,1233
25879,4425,5461
6861,1127,1400
19607,3498,4491
5510,975,1162
560,105,125
22594,3976,4961
17492,3022,3854
65181,11228,13574
5191,889,1222
7702,1267,1579
15505,2528,3451
13706,2316,2978
63954,10930,13462
64102,10995,13833
10375,1688,2214
25881,4381,5905
34092,5857,7774
12453,2188,2720
8498,1468,1735
16598,2867,3499
12094,2124,2640
10741,1902,2362
13805,2316,3001
11736,2051,2595
14358,2483,2993
28214,4810,5969
20889,3622,4425
38966,6405,7705
13871,2404,2818
48184,8404,10352
10486,1767,2266
34941,6046,7590
7260,1203,1494
23537,4023,5044
19071,3229,3995
8370,1442,1759
23940,4053,5149
162,31,42
10669,1742,2411
6906,1201,1560
21195,3486,4421
45223,7986,10112
8422,1493,1894
8994,1569,2049
6857,1126,1403
36351,6174,7610
20641,3594,4803
17787,3080,3931
14000,2348,3002
20607,3586,4432
5332,927,1256
21707,3738,4486
2663,482,622
13852,2218,3044
7515,1247,1625
56394,9699,12756
3108,533,629
29030,5180,6766
5534,916,1204
6827,1185,1456
14894,2468,3151
8792,1483,1853
20029,3441,4136
1369,211,261
14484,2347,2972
10747,1753,2146
6366,1087,1352
7337,1272,1602
10646,1807,2323
28620,5043,5913
9532,1538,2036
13544,2336,3024
7475,1294,1553
9142,1585,1939
14474,2292,2880
6059,1050,1290
2604,421,550
4029,683,817
29641,4918,5979
6741,1139,1423
5394,918,1229
7507,1258,1519
11336,1871,2404
1260,209,255
10195,1752,2200
3466,560,659
46457,7909,10159
7437,1249,1508
2583,427,654
74128,12187,15238
6161,1070,1371
2606,452,626
4696,797,1047
17248,2933,3711
7345,1215,1522
11740,2057,2593
3573,581,689
3709,660,809
66700,11167,13902
15424,2728,3278
4969,841,1195
13223,2309,2826
5244,856,1038
22348,3897,5039
12335,2146,2711
10143,1710,2113
11703,1964,2398
18402,3043,3808
43781,7382,9031
32777,5332,6729
47671,8434,10946
12101,2030,2580
7267,1181,1347
6430,1093,1239
8898,1519,1860
7276,1200,1492
6194,1008,1264
15767,2645,3250
21179,3449,4283
20522,3397,4191
3587,628,746
36225,6120,7863
26840,4497,5345
11176,1839,2424
23725,4147,5009
24381,4210,5315
27390,4410,5455
9165,1533,1856
38161,6725,8166
15192,2542,3106
8459,1378,1647
1524,265,357
15019,2555,3343
19481,3317,4072
17558,2832,3579
7730,1290,1672
7538,1296,1681
31799,5448,7021
24748,4375,5317
8350,1386,1708
9982,1620,2147
13574,2235,2955
15243,2628,3582
12622,2135,2611
11389,1914,2417
9483,1529,1823
40261,6774,8508
17431,2767,3568
5663,948,1158
1546,256,307
9335,1603,1918
13847,2283,2710
14016,2304,2996
26040,4324,5632
16556,2858,3450
2026,348,449
15860,2687,3333
3683,650,796
11318,1819,2429
6834,1197,1546
11028,1899,2352
25616,4340,5210
1449,250,304
34741,5811,7052
17357,2905,3747
6288,1067,1328
17382,2908,3769
8101,1423,1929
9058,1538,1848
36468,6099,8224
2816,503,608
4020,690,838
4035,698,864
17529,3033,3919
41901,7276,8939
78203,13566,16321
13320,2307,2907
1617,278,348
11535,1973,2560
12135,1994,2387
4737,760,1077
1090,195,230
20072,3426,4360
28549,4734,5787
5008,873,1062
7508,1259,1549
5140,911,1156
23817,3945,5030
100312,17288,21171
16737,2884,3454
8223,1439,1742
28335,5018,6215
9822,1687,2150
17164,2856,3598
6288,1097,1413
21153,3553,4389
4381,725,885
40545,6979,9337
78830,13167,16478
31326,5548,6834
3497,613,825
15934,2569,3141
20280,3328,4044
22884,4000,5093
8188,1316,1653
59366,9869,12077
2058,362,433
7281,1278,1588
3388,557,691
674,123,154
8959,1509,1866
26389,4508,5560
29904,5006,6120
106144,18261,21574
49472,8624,10274
12535,2163,2811
10133,1782,2299
4622,764,1008
3779,622,792
1176,209,253
94963,15850,20680
14450,2545,3043
22254,3769,4753
26302,4448,5657
4372,754,866
12962,2117,2613
8485,1441,1699
3960,688,850
13187,2277,2859
8020,1360,1667
9724,1607,1946
938,162,206
2477,439,515
1860,315,410
1374,241,294
1117,182,219
53179,8840,11659
23181,3986,5173
33076,5329,6476
3728,630,781
830,138,170
65908,10842,14061
11469,1861,2398
27698,4688,5929
310,52,71
7232,1191,1459
1536,267,310
2373,403,475
6686,1167,1482
3724,616,778
22145,3667,4527
11573,1940,2452
3547,596,722
1707,290,358
23116,3868,4829
46125,8081,10288
9775,1665,2083
3048,551,730
53573,8638,10492
4659,798,946
24530,4082,5175
62847,10608,14545
3567,634,799
2777,473,633
26211,4442,5432
4107,690,933
9435,1631,2071
4656,774,947
2865,515,631
3271,507,664
1999,335,401
11269,1890,2480
6098,1046,1297
11108,1815,2265
3781,657,840
21156,3644,4313
2400,393,501
20530,3438,4226
2823,504,581
4920,858,1074
4901,855,1066
2173,381,513
10054,1738,2120
54221,9567,11714
6788,1171,1553
8727,1566,1968
2629,440,624
10141,1770,2290
5421,913,1149
5947,1027,1311
3185,538,729
14308,2469,3042
17168,2935,3689
3782,637,782
98733,16390,20116
12128,2012,2401
29894,5215,6231
6645,1103,1459
11635,1999,2514
26374,4321,5357
8304,1400,1757
2612,463,587
12737,2149,2647
2085,368,424
1353,235,279
2641,467,597
2851,494,597
2567,440,534
3663,619,775
7078,1187,1438
11080,1882,2375
1737,275,340
7763,1314,1618
11385,1888,2378
5849,1019,1332
10838,1838,2189
7840,1265,1505
10926,1898,2398
7077,1232,1417
4296,748,935
33683,5782,7213
19100,3158,3751
21956,3602,4567
6592,1161,1512
44448,7675,9386
29491,5043,6392
19289,3208,3957
25031,4210,5343
8399,1436,1739
7261,1248,1599
21600,3570,4465
5480,981,1204
20997,3556,4400
15650,2626,3641
11013,1827,2412
3751,654,758
19175,3379,4209
11216,1922,2514
4309,687,844
8817,1471,1968
27092,4543,5865
5476,905,1096
31470,5333,6824
34419,6119,7510
3678,624,742
10849,1882,2206
2619,436,529
27114,4507,5930
1690,294,347
3783,658,846
69175,11511,14095
7569,1251,1610
24232,4174,5024
19640,3340,4549
6235,1052,1386
1655,270,431
946,156,192
4972,806,1018
23438,4103,5030
463,79,108
1180,202,238
20627,3635,4647
12808,2248,2936
5835,967,1132
1047,194,229
4372,767,935
10769,1815,2496
10103,1701,2055
4545,815,988
1859,336,402
1732,304,370
5679,966,1290
3126,544,676
16181,2698,3349
3640,604,763
1971,330,408
399304,66604,82820
11934,2061,2445
12268,2043,2559
10415,1755,2223
7121,1183,1464
7446,1291,1658
11910,2038,2777
14134,2312,3171
3262,567,685
2818,498,602
3120,521,641
4341,694,873
39868,6678,8475
725,125,179
9710,1633,1960
1115,193,265
3688,632,778
5885,958,1218
1704,279,355
19368,3306,4306
30446,5259,6543
5237,901,1133
6380,1046,1212
10634,1862,2327
16753,2928,3506
24680,4291,5287
10185,1860,2280
5907,1018,1255
8501,1482,1719
1830,304,387
5707,947,1218
3016,520,644
6026,1029,1354
572,95,136
9775,1739,2447
18296,3057,3662
8212,1394,1690
8081,1368,1675
2931,491,641
47940,7806,9768
2380,414,576
16111,2791,3528
2242,392,450
36531,6177,7745
13278,2263,2726
24590,3957,5329
730,126,177
14608,2385,3042
1648,283,501
10550,1781,2246
25409,4146,5089
10374,1782,2203
8540,1365,1775
10183,1754,2307
10197,1767,2138
28226,4812,6568
35693,6254,7574
13511,2241,2971
15602,2706,3372
12447,2071,2745
4906,848,967
63779,10521,12948
3218,548,709
16166,2644,3295
2865,483,560
77211,12828,15480
11877,2011,2468
6111,1052,1320
23248,3895,4816
11161,1926,2513
9840,1648,2066
5976,1052,1321
4947,862,1082
1666,287,381
120147,20876,26831
2752,473,572
18682,3142,4048
16572,2714,3431
9760,1685,2079
30804,5156,6443
1567,266,338
10790,1821,2288
25277,4366,5308
23813,4115,5067
9973,1695,2388
31133,5299,6533
21335,3516,4480
8505,1496,1713
6625,1123,1381
5805,994,1133
23704,4088,4932
3679,612,771
2686,430,533
11573,1906,2403
16246,2754,3492
411,72,98
12622,2157,2601
25171,4150,5143
13496,2328,2884
16048,2722,3555
3555,619,883
32061,5395,7309
3778,625,835
5715,977,1241
18302,3237,3911
27497,4628,6192
18167,3227,3805
3792,651,840
4235,716,900
3502,581,699
8812,1440,1810
40422,6849,8922
4570,736,921
28438,4858,5801
15966,2687,3347
20699,3590,4530
9152,1593,2109
2153,364,490
1709,284,350
11898,1998,2504
3478,618,747
2052,349,434
7126,1242,1581
982,164,217
55059,9178,11088
44797,7839,10350
4060,722,879
11185,1949,2537
6973,1213,1513
5685,969,1245
2385,422,526
81482,13727,18277
1433,245,288
11156,1955,2534
840,151,168
1180,199,250
16397,2890,3554
669,115,150
55446,9200,10802
4265,718,934
4622,812,965
7466,1271,1605
4107,683,886
5906,1041,1312
3196,559,691
4750,839,1027
4304,714,871
4309,734,888
45339,7686,10290
976,172,200
1884,338,415
27892,4796,5800
2909,518,641
9178,1524,1963
4046,667,847
1215,204,233
6621,1118,1260
8963,1493,1889
17918,3047,3882
2593,471,555
4601,765,1028
3426,588,754
2592,468,558
10207,1741,2038
18662,3064,3597
9758,1652,2071
6889,1224,1484
6346,1079,1382
36049,5959,7339
6265,1087,1404
3502,586,814
2577,447,565
2243,392,499
14354,2338,2845
3762,666,815
23545,4060,5021
12521,2104,2706
2831,504,584
21309,3665,4508
4247,714,933
3961,677,848
10586,1837,2537
8437,1415,1747
8426,1465,1886
3369,578,691
2790,488,596
40068,6697,8336
7036,1242,1499
5734,980,1168
3882,617,759
57213,9607,11159
7127,1225,1515
13390,2345,2950
11362,1980,2538
2258,362,460
21234,3656,4358
3668,627,856
7635,1294,1639
3286,534,621
20916,3473,4372
11476,1989,2456
3625,634,821
2858,487,614
8876,1488,1872
4079,696,899
60720,10239,12468
39715,6994,8528
53121,9078,11503
13776,2322,2809
13718,2348,2980
19915,3385,4239
2993,505,678
28958,5032,6380
3531,590,719
2302,405,464
2911,487,570
18402,3158,3783
4092,664,735
2990,526,725
3223,520,657
19505,3237,3786
2918,547,740
2453,419,529
14559,2444,2951
117776,19659,25288
1207,217,283
19040,3198,4120
13989,2298,2848
8717,1450,1661
11230,1972,2405
2787,463,549
4833,809,1075
28117,4658,6005
1525,266,357
10477,1800,2408
19061,3195,4098
4504,786,963
12271,2064,2692
34477,5992,7434
40876,7061,8447
4082,687,836
3522,627,839
59509,10100,12405
9535,1648,2195
21086,3548,4374
8605,1505,1785
17516,2966,3809
4243,749,989
3156,528,662
3277,549,681
7532,1310,1550
5434,939,1192
8196,1478,1801
6534,1096,1365
1665,293,488
16004,2591,3352
2180,368,464
3076,535,634
21459,3611,4293
6329,1120,1534
1941,329,416
6791,1161,1547
16661,2946,3654
4378,720,923
13115,2257,2789
6331,1081,1409
5574,925,1215
4802,834,1066
10499,1819,2277
6599,1198,1566
16925,2793,3398
10274,1833,2231
5964,1047,1405
8830,1457,1892
14299,2449,3176
18911,3082,4145
11255,1933,2425
9352,1601,1965
4602,797,994
7955,1399,1760
3561,627,787
7393,1222,1563
66114,10923,14333
4492,780,937
2521,436,518
26978,4534,5704
6813,1203,1470
1056,182,235
7006,1204,1497
24612,4223,5205
8497,1473,1903
2537,417,534
4313,743,926
20131,3486,4524
10330,1708,2101
2075,363,421
7864,1377,1765
18526,3138,3931
37457,6404,7897
61148,10484,12348
8208,1460,1740
26097,4405,5435
11023,1816,2354
6209,1068,1255
42815,7433,9519
21831,3751,5012
13842,2370,2912
72207,12590,17775
7805,1344,1691
12745,2120,2790
25283,4194,5628
10093,1736,2115
2959,506,671
10355,1710,2089
3621,615,804
19488,3345,4368
33865,5768,7218
8256,1395,1650
22998,3825,4982
9354,1549,1878
25780,4314,5367
19795,3265,3877
11760,2057,2623
5098,870,1093
8731,1509,1877
36989,6191,7232
9206,1647,2006
3529,608,866
25120,4153,5077
32409,5481,6566
20071,3363,4216
12963,2117,2592
25298,4120,5495
8756,1431,1697
156748,26472,32598
20591,3296,3970
58643,9551,12061
24777,4091,4949
1218,212,278
62213,10737,14266
17035,2980,3818
8757,1476,1795
21604,3574,4533
4465,764,999
37549,6463,8173
50462,8701,10782
21291,3450,4471
3307,561,659
12577,2163,2714
31149,5270,6399
10180,1631,2163
33087,5699,6859
20322,3533,4716
19703,3234,4117
12599,2114,2643
15435,2561,3403
28737,4953,6483
2066,358,408
963,154,223
7322,1266,1741
4484,793,1039
1108,188,226
6632,1114,1447
4611,811,986
3327,576,677
23358,4093,5058
7741,1364,1598
2332,417,552
75985,12650,15436
23784,3933,4975
15038,2589,3355
6543,1139,1453
20740,3660,4794
17181,2876,3637
5428,982,1301
16993,2979,3886
9610,1655,2110
4400,738,824
13897,2436,3000
1743,311,369
2463,425,519
2576,446,577
21135,3544,4212
15323,2650,3254
3367,617,771
4866,854,1112
1905,323,401
2057,345,433
22331,3923,5027
1635,277,314
6052,1013,1204
7456,1296,1813
808,148,199
55192,9383,11962
1937,327,404
24,5,8
4393,750,906
6261,1104,1312
14511,2527,3047
2569,434,578
774,139,177
1933,311,376
15821,2714,3357
442,76,109
100525,16729,21330
4970,873,1080
3781,624,751
40351,6572,8346
25525,4492,5909
27747,4604,6070
2900,522,658
12418,2214,2631
2900,522,651
6764,1184,1528
12046,2131,2562
1680,281,355
14342,2377,3193
7789,1204,1368
24541,4303,5602
4461,773,894
3546,613,761
7108,1206,1394
34969,6201,8152
5123,883,1096
2765,503,678
11078,1804,2217
24952,4073,5188
7099,1254,1543
22922,4092,4946
1586,270,351
918,162,182
129223,22255,28497
128922,21990,28282
14454,2516,3226
29590,4892,5921
1460,242,297
14764,2548,3275
9711,1705,2201
9868,1630,2058
2731,468,631
11886,2007,2434
20924,3588,4907
8536,1476,1811
939,167,208
1427,247,294
4100,706,902
8029,1388,1704
49339,8303,10289
17735,2813,3288
657,118,146
2945,503,642
8617,1447,1760
13494,2267,2739
22049,3686,4717
28939,5109,6452
24154,4045,5049
8832,1521,1846
2760,448,547
9789,1664,2005
6876,1210,1565
18413,3002,3916
3167,543,693
6229,1009,1166
4877,818,1015
57347,9752,12801
220,41,54
4615,782,980
8013,1229,1590
15143,2524,3030
3311,572,719
36729,6357,7848
7736,1397,1765
7394,1237,1594
62096,10303,12659
23124,3861,4758
8411,1404,1765
3879,681,851
8271,1463,1818
7205,1241,1498
4110,704,903
1722,286,368
2469,416,479
12309,2062,2650
1248,220,267
18513,3159,4197
16212,2742,3523
2233,383,510
1285,215,271
12997,2189,2692
9542,1584,1930
76681,12918,15840
17176,2908,3792
23531,4141,4978
13683,2286,2674
8494,1381,1846
10921,1904,2384
26693,4540,5393
4165,682,876
49594,8327,10306
2673,452,566
19948,3561,4373
3204,510,734
13999,2315,3099
2742,458,623
20900,3492,4504
5099,902,1079
24910,4235,5504
35836,6187,7871
716,128,159
3055,514,655
5021,842,1108
26286,4642,5808
8006,1386,1668
50340,8760,10664
50342,8788,10689
18411,3162,4029
12088,2072,2465
7530,1294,1580
11762,2013,2313
5143,891,1083
3006,488,611
9106,1530,1841
4663,835,1028
75369,12689,15689
5079,903,1167
7530,1308,1614
4060,670,759
48977,8096,9515
15141,2596,3263
1248,220,276
1464,253,300
5348,886,1058
16567,2880,3527
3430,598,708
5524,947,1131
2961,486,597
5207,834,1098
3665,612,729
6290,1075,1302
19140,3271,4036
15723,2661,3400
9705,1688,2181
3005,535,693
9437,1529,2001
6579,1141,1456
7296,1189,1528
8019,1395,1628
2179,383,482
23252,3703,4652
19124,3295,4082
1241,222,262
2968,498,687
10978,1875,2219
40386,6759,8856
9920,1681,2202
17737,3096,3538
9777,1648,2132
2781,501,643
1662,258,331
17841,2935,3832
7485,1170,1559
30407,5207,6356
9688,1682,2156
25167,4172,5164
20052,3452,4357
30329,5036,5936
8012,1327,1615
12404,2096,2673
10290,1844,2484
4215,742,906
3416,577,701
17606,3091,3678
19286,3361,4282
3934,629,724
18213,3156,3811
8783,1451,1822
3560,621,757
4222,696,913
13689,2202,2717
33022,5539,7277
8530,1471,1784
15795,2535,3191
31367,5287,6964
12231,2165,2785
2400,416,565
7697,1337,1748
11356,1960,2436
6773,1147,1481
5405,917,1191
2339,402,490
2875,486,668
15738,2699,3501
26102,4271,5756
2308,417,472
10327,1713,2035
10798,1781,2309
8536,1474,1877
42812,7166,8934
2827,487,592
8600,1462,1846
10785,1830,2384
41719,7037,9270
9879,1735,2188
24958,4078,4961
3442,587,679
3021,512,665
791,139,199
2458,434,580
18538,3229,4066
15698,2626,3243
11087,1874,2259
11159,1900,2419
6962,1234,1589
2570,422,526
11732,2026,2486
3184,544,653
2675,454,563
4125,719,845
5570,977,1207
9713,1661,2030
5013,874,1188
12991,2279,2861
2538,409,472
4634,793,928
22565,3807,5095
7554,1322,1614
4356,750,1006
65096,11364,14049
2060,355,448
4550,761,997
13468,2302,2914
4081,678,835
11554,1928,2507
6555,1145,1432
5767,989,1264
5049,856,1061
11444,1824,2197
10144,1771,2115
8655,1409,1746
6909,1178,1452
4013,681,856
21777,3706,4436
1127,193,244
4712,784,1098
10879,1856,2266
13257,2323,2985
3995,668,834
4471,738,879
38865,6546,8126
918,159,197
8502,1411,1756
5484,944,1144
18590,3104,3835
7716,1322,1746
3893,649,748
9656,1639,2006
2440,412,543
7364,1266,1580
9094,1541,1805
589,112,129
15799,2641,3328
22122,3734,4775
7270,1244,1527
9211,1670,1998
10149,1709,2128
9188,1614,2002
7726,1366,1749
1120,202,251
10109,1649,2118
15445,2745,3439
369,69,87
49599,8377,10266
4764,775,1063
16542,2825,3393
4522,791,1007
39519,6661,8141
12882,2259,2823
2096,381,487
7386,1278,1505
5645,938,1135
9395,1590,1977
15521,2504,3101
5332,906,1129
9416,1658,2198
14882,2404,2987
6976,1194,1541
7734,1325,1564
17088,2774,3694
2494,413,486
10833,1899,2518
4080,678,878
21621,3733,4857
15091,2687,3433
7927,1319,1717
19753,3273,4151
4651,820,989
4945,832,1035
36140,6221,7862
22190,3831,4967
1346,233,277
3779,683,956
808,145,160
7258,1237,1548
16920,2853,3690
17689,2907,3612
26511,4534,5727
3465,605,762
3035,504,679
17602,3035,3569
7534,1250,1510
203439,34280,41584
8755,1472,1873
4805,839,1050
28320,4856,5971
15686,2623,3736
7664,1319,1623
29493,5052,6471
4867,820,1093
7623,1307,1613
11574,1929,2424
2830,478,587
29347,4890,6253
2943,513,633
20903,3580,4516
31246,5061,6568
2302,381,494
3786,682,867
7420,1291,1616
4624,802,1005
17589,3008,4129
8520,1483,1877
70104,11566,14425
17414,2972,3795
10855,1915,2544
5425,930,1133
951,165,192
6145,1050,1394
31541,5442,6687
2410,407,551
6545,1120,1396
2273,377,488
3000,504,593
4790,833,1069
7516,1244,1627
6869,1108,1312
33174,5466,6731
5535,944,1149
55366,9510,11340
5708,956,1133
10511,1839,2207
24585,4322,5677
5939,1009,1180
11179,1996,2445
16564,2855,3953
22044,3620,4500
3030,511,693
7736,1252,1576
3626,613,745
3152,524,674
1639,288,361
16733,2940,3498
29318,4948,6439
83414,14516,18144
2107,358,402
1982,346,431
2697,438,560
2799,504,586
1797,317,368
2270,393,444
13161,2265,2624
2107,358,402
3684,637,909
7018,1158,1520
27849,4790,6123
6284,1058,1339
2720,482,578
2134,379,490
20864,3435,4248
5270,884,1121
8634,1484,2002
22783,3821,4528
15934,2644,3201
14119,2397,3046
1768,300,387
8901,1479,1912
31595,5301,6960
3266,554,674
132470,22413,28102
7559,1275,1631
30799,5113,6419
35834,5987,7269
6931,1246,1432
44337,7524,9167
1347,232,298
3100,534,703
6968,1188,1547
25508,4292,5410
6638,1144,1344
16857,2791,3557
11043,1921,2476
9582,1668,2024
66376,11359,14024
12917,2248,2679
18655,3304,3919
42705,7299,8542
8307,1402,1757
33770,5903,7323
24905,4305,5728
8642,1502,1934
6408,1087,1375
15180,2620,3435
6226,1040,1403
13111,2200,2862
7044,1164,1392
4601,776,923
21534,3638,4797
17256,3020,4039
14968,2489,3239
7002,1163,1416
9971,1763,2302
6177,1054,1319
10622,1887,2295
22909,3836,5041
12527,2196,2721
2695,463,544
7933,1348,1622
20491,3534,4441
30811,5174,6248
3753,647,792
14350,2307,3141
7756,1189,1580
24672,4368,5157
2119,363,486
1449,242,313
12268,2027,2763
15207,2729,3306
4982,851,1052
4349,766,983
15531,2640,3220
27976,4714,5903
12119,2166,2736
4028,730,1090
12721,2047,2687
7099,1168,1448
40838,6972,8587
3739,636,812
11646,2027,2427
10280,1762,2237
16987,2862,3496
19119,3252,4105
3179,528,708
4881,838,1037
3012,532,678
18829,3263,4043
75123,12946,15912
15644,2470,3367
1416,239,292
4913,848,1084
4639,768,875
2313,404,475
89158,15213,19317
31086,5361,6713
3269,555,669
18297,3128,4233
6382,1093,1360
5348,925,1138
7561,1281,1537
3705,629,851
3644,621,762
13733,2286,3041
10186,1765,2046
5417,915,1182
2694,467,582
1615,267,337
9509,1581,1915
7990,1405,1738
2456,418,559
2021,350,451
22947,3897,5067
3263,546,654
3955,678,804
4504,764,914
21273,3543,4866
2000,348,429
4247,728,917
5266,931,1228
3785,629,850
3291,541,713
2678,458,581
4092,711,867
10555,1863,2335
39149,6601,8012
11306,1968,2475
5624,963,1222
9817,1658,2110
3435,598,798
22721,3690,4748
2875,495,593
14620,2478,3191
1412,250,291
1635,282,360
9490,1579,1813
3970,649,852
1613,280,361
32174,5537,7129
16109,2656,3382
4655,794,955
21193,3661,4837
1974,336,418
9146,1586,1977
9067,1610,2043
25725,4478,5623
6257,1020,1314
9143,1584,1975
1944,332,433
24670,4387,5503
39664,6647,8428
6448,1154,1452
8887,1483,2009
38787,6509,7914
7462,1275,1611
1065,186,215
35938,5863,7563
112821,19036,24553
3199,533,684
6555,1168,1519
2773,446,536
5996,1043,1325
3832,677,864
17992,3048,3867
131682,22271,27634
2278,371,449
7274,1224,1631
4101,713,914
4412,733,996
7483,1245,1589
17571,3049,3857
6465,1115,1383
4782,796,1016
4890,842,1065
17605,3026,3490
12568,2229,2779
29582,5036,5959
17933,3089,3874
11092,1911,2419
2857,479,621
3323,562,710
7850,1324,1557
2172,370,511
9674,1630,2035
13272,2313,2896
13157,2261,2803
9697,1664,2167
3049,521,652
21201,3644,4471
36875,6378,8732
48788,8509,10739
3387,557,783
1384,253,308
5731,975,1206
4594,789,950
32302,5456,6663
57950,9531,12355
1204,207,249
8414,1536,1930
10539,1902,2542
3525,604,724
1944,336,414
5926,1001,1249
2842,477,594
4398,753,952
2409,423,547
5014,889,1169
11834,2127,2749
31043,5168,6294
4517,800,952
11838,2084,2572
26979,4756,5927
11031,1869,2578
3038,528,657
18094,3117,3881
2202,376,471
5148,906,1181
22412,3834,4790
22509,3834,4815
14425,2326,2888
16420,2825,3637
8316,1493,1852
22500,3829,4807
12697,2170,2616
15816,2675,3512
18470,3154,3992
28073,4795,5843
2845,494,611
9614,1637,2133
14866,2571,3164
8787,1524,1964
3581,628,784
5170,913,1193
2968,513,660
2620,437,574
3490,609,715
1088,188,223
4736,782,917
4421,712,870
8039,1424,1725
10244,1772,2256
7016,1181,1528
39422,6979,8766
3673,609,760
11172,1940,2357
3446,594,703
3990,693,903
11865,2022,2593
8051,1402,1810
23350,4044,5378
5600,973,1203
8853,1459,1782
3086,545,648
5289,929,1377
7830,1373,1883
2881,489,712
2586,447,541
2036,340,434
3925,651,778
8327,1508,1830
7445,1324,1706
9081,1505,1837
4688,757,941
532,90,133
21415,3650,4632
5725,1006,1265
115522,19422,24328
6826,1149,1480
5109,904,1143
14702,2481,3160
9056,1528,2055
14739,2481,3191
10291,1737,2214
16927,3005,4048
22375,3876,4970
10660,1777,2320
18714,3116,4372
2956,504,588
5840,979,1278
19503,3399,4208
41849,7635,9492
2856,493,619
4358,734,889
5377,909,1073
4201,740,935
6120,1119,1420
8151,1459,1831
3387,580,738
11168,1952,2330
1516,256,300
5003,845,992
23258,4037,5125
30426,5133,6465
19259,3266,3962
17505,2969,3568
2163,374,438
40856,6924,8547
1313,216,257
8264,1412,1779
4855,802,1033
14935,2647,3484
25550,4475,5795
3012,511,640
15216,2643,3397
14389,2439,3201
18648,3295,4366
61784,10430,13136
74133,12746,15519
16188,2850,3518
1919,327,424
34728,5927,7683
20108,3489,4433
32409,5461,6783
26246,4615,6155
29491,4845,5752
5374,954,1181
5228,920,1147
14369,2438,2920
50147,8516,10489
11096,1857,2453
5753,995,1418
9520,1618,2021
19512,3324,4152
1802,296,358
664,112,152
5288,884,1146
24999,4191,4982
7430,1238,1471
10852,1852,2422
14590,2461,3015
3940,680,835
50490,8656,11085
15292,2732,3588
14589,2473,2976
27242,4394,6010
38559,6579,8408
10212,1736,2156
39194,6818,9311
10546,1760,2140
12522,2185,2784
19720,3572,4328
4930,896,1125
49406,8515,10699
15508,2671,3314
20523,3538,4262
24998,4282,5220
9186,1515,1830
19949,3323,4183
6143,1057,1374
13119,2243,2872
11596,1985,2527
701,129,164
1171,210,243
18150,3148,4078
3127,537,676
6202,1127,1556
6038,1016,1454
40851,6741,8944
4959,881,1056
910,155,185
3582,635,784
5835,969,1344
10553,1771,2158
15401,2665,3257
1587,274,343
5000,852,954
4231,706,850
14867,2520,3058
42925,7159,8525
17745,2848,3882
12761,2128,2800
2229,376,509
14843,2640,3461
46150,7516,9596
43598,7437,8736
18239,3143,3910
15351,2700,3322
67277,11177,13685
2444,430,549
241,42,55
3779,651,774
30778,5327,6472
20573,3509,4186
10877,1820,2219
7656,1346,1702
48819,8354,10238
21657,3752,4582
7301,1263,1606
98654,16310,20283
3887,680,866
16321,2757,3299
7339,1261,1578
15353,2579,3239
5779,1033,1320
13422,2284,2965
35489,5918,7253
12362,2040,2444
18766,3423,4524
5685,966,1082
21808,3903,5161
23014,4076,5347
11238,1992,2626
8720,1450,1670
11128,1950,2367
34787,6196,8301
6030,918,1257
23643,3960,5234
5648,931,1176
1068,184,222
12575,2239,2803
13677,2391,2926
3856,673,996
3964,640,859
14899,2607,3279
2302,409,548
6344,1071,1411
15432,2566,3120
10132,1828,2387
56849,9414,11419
2394,391,461
3330,564,665
12307,2161,2808
4164,690,917
4862,841,960
3957,681,823
5599,948,1184
10456,1805,2195
5029,896,1096
12252,2002,2533
8860,1472,1850
3952,677,844
8726,1547,1972
16480,2835,3687
4670,821,1014
1299,222,270
3747,629,797
13416,2277,2815
14707,2555,3082
21330,3754,4570
8579,1441,1744
40210,6541,8020
1728,278,366
5041,870,1079
2665,460,559
3849,661,837
4842,833,1076
4350,769,998
4532,760,1007
2449,417,490
1639,293,368
15919,2694,3434
9235,1580,2014
16565,2794,3410
4728,805,974
6751,1095,1379
9641,1718,2176
6234,1055,1427
21818,3891,4804
17767,3015,3906
6923,1226,1541
4881,804,1019
8863,1515,1925
5871,993,1203
22872,3799,4761
3253,568,687
4813,790,1019
3319,588,786
4661,800,1020
3224,523,693
7025,1205,1597
2932,509,649
4093,698,810
4938,832,1239
15909,2818,3666
2913,512,650
6227,1066,1561
3860,700,945
6843,1196,1595
10815,1724,2142
7817,1296,1601
4117,704,896
4254,726,988
13764,2433,3074
70720,11534,14253
11708,1999,2529
27224,4463,5468
15410,2593,3264
6231,1104,1393
6982,1190,1432
7731,1354,1773
8983,1432,1805
1701,300,347
5303,956,1167
3615,609,734
4063,701,849
3414,627,813
19815,3402,4328
5634,981,1171
2723,458,594
7713,1335,1720
8418,1449,1808
2737,458,558
6903,1195,1475
17707,2930,3629
2266,386,472
7965,1317,1682
7332,1234,1591
6244,1070,1254
10342,1705,2047
3007,503,602
16992,2805,3453
9908,1766,2185
3965,697,976
5540,993,1256
18755,3210,4002
8800,1523,2004
10426,1804,2327
18495,3222,4006
14522,2446,3167
42520,7296,9089
17851,3017,3847
3441,598,673
13349,2278,3185
2309,406,554
6807,1137,1415
6914,1162,1497
3637,627,790
6451,1043,1359
7550,1298,1552
7129,1166,1533
2754,485,615
26514,4432,5860
110915,18553,22693
4179,683,823
224216,37960,46044
6959,1243,1574
2152,399,515
27779,4711,5737
2429,423,548
16561,2875,3568
5529,982,1320
3943,676,834
11917,1950,2446
10640,1783,2285
6547,1134,1428
16076,2696,3329
8204,1319,1635
26592,4538,5746
4410,728,953
22749,3733,4987
11992,2145,2678
2205,371,441
29144,4819,5844
3170,541,802
4436,754,1040
7906,1271,1785
2139,380,427
43365,7606,9637
6385,1153,1551
56162,9381,11112
5633,992,1151
3084,551,717
4130,736,977
10664,1868,2323
1762,309,368
1406,243,332
3336,583,721
5552,959,1184
5796,1000,1167
10286,1760,2183
6074,1025,1372
2500,441,574
15000,2475,3353
6393,1103,1500
14635,2407,3032
10586,1893,2445
8878,1488,1820
13094,2151,2807
1371,227,264
16157,2799,3531
2911,499,701
1543,251,293
18170,3090,3779
4996,826,980
22800,3787,5054
2960,524,673
1908,336,392
4954,836,1022
19741,3469,4173
38240,6419,8530
32720,5258,6866
12042,2113,2695
6385,1121,1410
14314,2416,3082
2363,383,465
70858,12164,14973
4121,709,962
6236,1030,1263
13395,2286,2861
8166,1373,1892
11583,2005,2586
11061,1832,2347
52574,8988,11718
4551,772,993
893,152,192
626,115,126
1527,266,374
2156,358,450
9150,1546,2039
44009,7443,9110
3103,524,709
2779,474,557
9543,1646,2234
10166,1748,2210
15775,2695,3420
7475,1212,1596
53461,8961,11294
77398,12888,16579
4332,731,975
1448,255,312
32792,5547,7181
11425,2071,2677
9400,1599,2135
16902,2909,3860
2178,351,446
11887,2018,2526
26005,4422,5387
3371,584,764
6580,1088,1377
3721,638,758
9405,1580,2010
1511,276,364
1361,235,283
4253,732,889
8423,1428,1643
5998,1047,1349
3989,708,900
8051,1342,1630
3410,595,791
3434,628,768
18397,3106,3986
10069,1669,2055
26165,4325,5318
22738,3766,4948
10874,1807,2276
10092,1718,2154
1366,224,260
2609,467,626
6983,1241,1458
7958,1401,1710
8687,1435,1767
16747,2836,3658
6640,1159,1601
3099,539,704
11790,2043,2683
12726,2050,2861
20410,3448,4445
7928,1326,1702
2231,363,417
1150,190,248
1252,215,304
10686,1861,2427
15546,2540,3359
18691,3096,3901
8146,1386,1655
1944,336,476
6877,1155,1529
4243,690,890
9093,1629,2039
11417,1894,2563
1853,312,391
4550,773,989
2708,485,613
10165,1748,2160
8979,1480,1747
6079,1019,1298
12993,2132,2797
1769,287,336
3624,610,730
12429,2138,2542
29641,4996,6415
13388,2309,2964
4508,790,1007
6973,1144,1432
7229,1194,1737
39643,6931,8324
11397,1974,2536
17461,2855,3536
6692,1190,1690
4649,806,1041
6875,1146,1486
4995,846,1004
20364,3597,4718
3066,530,646
27144,4707,5891
6289,1090,1398
15745,2654,3522
16604,2869,3637
8168,1384,1778
4070,706,838
3199,541,628
998,181,220
766,131,161
18150,2983,3689
19598,3286,4129
7191,1231,1510
1124,182,234
8045,1370,1671
7225,1238,1675
34997,5649,7544
27895,4855,6023
25874,4440,5231
1048,193,224
4617,826,964
7623,1244,1519
4019,680,795
3855,634,793
4135,736,939
4453,809,1056
10241,1594,1958
6607,1100,1400
8049,1378,1678
3515,600,824
120916,21315,26273
63189,10948,13875
1705,307,409
1756,312,441
29424,5270,6984
50496,8523,11034
15347,2681,3636
50807,8590,11197
2372,386,439
4866,845,1018
7143,1132,1566
9036,1532,1779
3408,588,726
4811,833,1104
5947,1050,1265
1363,236,297
5054,875,1051
10731,1924,2521
51613,8551,11181
7959,1351,1640
5934,1052,1266
31308,5348,6415
18531,3020,3507
5295,915,1285
6068,969,1178
13723,2272,2770
8962,1533,1999
1631,290,375
4051,666,804
1232,216,266
6382,1122,1348
3037,526,623
2120,337,436
8046,1352,1876
1766,305,395
2663,456,561
7977,1438,1758
2998,518,683
41483,6822,8321
2999,526,640
2621,441,560
46555,7752,9785
12166,2171,2760
1723,288,363
1667,262,332
6259,1138,1505
5539,996,1262
2691,465,548
11745,2013,2619
8709,1449,1870
19707,3378,4406
20434,3353,4700
7163,1256,1637
1482,243,294
16475,2710,3504
1057234,170608,215150
3938,696,823
1460,260,337
7121,1181,1395
23764,4101,5032
8305,1368,1731
13233,2270,2715
66715,11299,13358
8192,1327,1732
8074,1361,1594
102489,18014,21978
27706,4534,5635
1655,284,344
15768,2658,3585
9589,1671,2165
6224,1059,1338
79216,13055,16274
1176,194,324
78814,13228,16747
7688,1313,1604
26689,4460,5537
12719,2173,2736
8091,1356,1775
4985,878,1051
3151,535,642
13732,2323,2993
1427,237,319
3068,515,716
2320,399,478
1862,308,410
2140,345,426
4154,711,841
50119,8239,10418
9317,1585,1979
11061,1887,2530
9400,1572,2083
12588,2098,2780
3420,592,749
14373,2552,3470
7646,1320,1672
8219,1316,1796
5543,939,1152
2315,395,508
25686,4195,5596
47037,8015,9788
56823,9330,11794
6547,1160,1490
3287,555,687
1218,212,243
23261,3884,5019
41983,7170,9744
57926,9511,11915
16664,2895,3453
14008,2512,3299
18308,3209,3793
15533,2549,3114
14079,2292,2682
3526,584,741
3971,656,812
12376,2163,2738
2849,474,575
1846,308,412
11824,1995,2460
19357,3225,3965
17161,3002,3613
11580,1939,2340
5180,852,1156
3200,561,718
53693,9090,11238
3488,586,764
5071,874,1142
21030,3679,4401
2499,432,586
12617,2127,2779
33860,5674,6858
13970,2348,3176
13300,2252,2907
8295,1421,1707
3549,606,750
138579,23167,29005
8208,1342,1879
51800,8607,11025
8331,1443,1806
15734,2603,3212
7156,1272,1604
34610,5765,7486
24280,4105,5313
27892,4832,6102
2827,476,550
20562,3500,4234
28121,4958,6436
6275,1053,1283
27183,4449,5456
23345,3808,4573
3640,623,741
4571,778,907
5673,967,1239
7242,1262,1636
130025,21575,26286
1562,264,346
11055,1855,2247
7581,1306,1748
6011,1110,1386
2767,484,589
25304,4313,5214
26747,4441,5560
12117,2103,2609
658,116,156
168374,27582,35363
12842,2189,2875
4505,804,1002
2084,363,449
4009,714,967
5207,892,1084
4018,714,985
3210,552,705
6585,1165,1627
2470,420,525
8669,1542,1989
3131,542,630
9005,1583,1983
12369,2165,2786
13634,2334,3158
11263,1965,2588
28641,5120,6786
12327,2166,2993
1848,328,408
1656,280,360
18170,3045,3850
7480,1356,1677
7928,1383,1761
6944,1210,1579
8108,1340,1674
15050,2376,3205
1866,313,397
1879,312,365
5459,868,1085
1115,191,231
2071,343,425
2314,384,490
44499,7806,9694
949,162,206
6320,1101,1348
1869,315,374
4417,800,1037
13357,2227,2805
1189,189,258
4903,813,1119
18917,3386,4459
10026,1653,2037
20039,3363,4500
1210,207,257
15010,2584,3279
3248,567,652
8199,1388,1732
7767,1310,1804
9833,1554,2147
14890,2534,3241
27198,4544,5574
13953,2404,2881
3232,531,654
7067,1231,1531
8640,1444,2051
6049,1036,1376
28552,4766,6153
11934,2047,2516
4373,748,879
8695,1497,1929
3131,544,811
10316,1767,2149
30928,5071,6629
3409,611,793
16787,3039,4391
7029,1231,1482
9259,1510,1918
4181,660,834
1175,194,240
421,72,94
9752,1651,2072
10497,1826,2365
19424,3259,4198
12832,2166,2865
2441,405,515
7253,1291,1667
12646,2158,2767
22820,3931,5175
744,121,170
1799,299,361
7706,1249,1613
6187,1064,1309
10026,1660,1998
3868,654,869
13038,2142,2754
47664,7658,9902
9707,1610,2014
5662,938,1117
4769,832,1127
19422,3229,3947
7074,1166,1443
23825,4126,4994
2824,480,605
8287,1355,1727
289,47,62
11873,2049,2824
2791,478,597
8128,1453,1908
256941,42215,54196
1829,325,408
5858,1018,1198
10382,1755,2332
16855,2942,3764
6848,1170,1499
2164,369,465
2656,471,601
22165,3768,4703
7764,1249,1586
4924,818,1036
23346,4036,5098
5658,964,1277
1876,310,414
5172,917,1054
221,37,51
5750,941,1179
10464,1675,2070
9186,1549,1979
3217,556,727
2500,432,552
3532,593,719
2416,413,545
2953,507,645
4659,819,1070
27222,4816,5842
3285,556,755
2148,354,441
42297,6934,8875
8168,1405,1829
15121,2601,3167
6353,1062,1316
31483,5371,7013
3900,619,833
8009,1389,1931
6972,1201,1629
9274,1609,2056
788,137,194
6661,1097,1621
7617,1314,1707
3896,655,824
3197,535,758
4666,807,1034
5357,902,1094
18513,3223,4080
1485,251,320
8566,1511,1876
17480,3050,3738
357,59,76
7418,1311,1657
4323,786,979
21741,3787,4715
5965,1037,1323
6432,1098,1425
7980,1361,1770
5840,1036,1277
6993,1111,1428
8971,1651,2107
3403,590,759
4959,828,1100
6925,1145,1481
7616,1258,1601
9192,1580,2040
12479,2087,2677
16777,2912,3590
7659,1312,1638
6500,1077,1285
7706,1270,1599
16866,2837,3520
7618,1329,1707
10660,1818,2438
14159,2341,2688
41702,6883,9104
12754,2278,2925
14206,2370,2887
3317,549,746
171898,28206,36054
225,42,53
3504,607,742
9910,1588,2071
10047,1719,2225
10878,1784,2207
30770,5227,6585
19622,3184,3986
39836,6924,8365
14946,2510,3203
3946,668,818
419,72,94
6297,1101,1353
11932,2028,2539
26948,4424,5465
6346,1081,1358
22360,3901,4894
26213,4565,5442
12287,2170,2913
25269,4242,5715
5301,916,1221
3197,566,716
341,65,101
14070,2286,2961
12154,2141,2719
7875,1336,1693
3186,562,665
4420,784,970
37175,6592,8104
2657,449,553
6960,1200,1548
7153,1279,1711
12077,2089,2989
16195,2696,3836
10630,1822,2332
3132,530,662
3661,611,737
8853,1591,1992
14837,2504,3256
5827,972,1287
26748,4523,5795
4305,773,956
10820,1787,2271
32860,5744,6825
7070,1226,1564
11817,2092,2647
12626,2110,2629
33538,5704,6755
19674,3280,4000
4148,689,850
6911,1173,1639
9018,1573,2027
11556,1928,2468
3859,653,808
4017,691,882
3949,697,901
6972,1204,1520
3405,571,724
14132,2278,2914
11917,2084,2570
7120,1233,1568
14324,2249,2699
44244,7571,9230
2499,429,505
1844,335,391
1364,221,265
48904,8297,10651
6290,1122,1501
14183,2363,2812
47798,8409,10926
8565,1502,1813
30597,5234,7032
24287,4326,5570
6288,1092,1287
1897,320,378
1457,248,293
1900,301,363
2177,344,442
16133,2729,3492
42855,7400,9046
18105,3111,3736
9442,1574,1820
2700,444,533
7712,1354,1622
3665,607,747
11481,1915,2217
893,144,185
9707,1617,2053
8598,1440,1836
5654,980,1221
2054,368,427
1418,229,296
543,96,118
934,169,198
14711,2670,3450
12036,2069,2777
23245,3977,4898
19363,3360,4100
5716,1007,1293
6929,1157,1394
5637,986,1263
14596,2490,3218
3240,552,677
1207,210,244
1077,187,227
9395,1510,2102
9645,1569,1898
2343,393,484
4852,797,1037
5122,850,1175
7982,1362,1715
7299,1205,1626
13201,2289,3050
17594,3006,3809
17922,3191,4025
15545,2604,3247
29176,5037,5987
20892,3446,4548
13722,2379,3384
50374,8556,11161
15363,2661,3348
8844,1489,2108
3420,588,713
4195,718,946
3367,570,730
4219,730,974
2448,424,568
928,164,203
29064,5071,6123
5114,870,1176
2578,441,591
1853,313,339
3665,643,755
28208,4558,5773
3215,555,751
2465,432,587
6025,1065,1342
54955,9463,11815
10235,1766,2035
806,139,169
4719,771,1092
13031,2275,2829
26108,4632,5835
15542,2652,3484
31159,5201,6773
352,62,85
8582,1509,1781
23891,3914,5171
12993,2202,2778
11525,1981,2474
16959,2693,3546
4054,689,881
34597,6073,7260
17560,3080,4111
1324,224,283
2005,347,439
3228,562,693
2068,341,397
1017,174,225
1700,291,353
2057,368,445
9074,1518,1857
4729,802,964
5635,960,1194
12848,2176,2648
36527,6037,7313
44409,7450,9034
8042,1299,1604
3337,549,703
2649,469,613
2018,338,444
6619,1048,1344
855,143,175
3301,579,697
3330,550,706
3990,680,891
4684,761,912
4158,721,866
6984,1173,1581
10858,1793,2335
3308,548,712
14196,2481,3236
8930,1559,1952
6141,1092,1349
18234,3215,4094
1215,215,244
5905,972,1289
7981,1288,1624
10687,1811,2325
2877,503,633
5205,883,1105
8925,1545,1976
130616,21906,27695
1705,282,361
19063,3366,4412
6866,1133,1434
1162,201,237
25167,4209,5353
12257,2128,2542
3623,628,891
7115,1197,1529
17567,2826,3842
30402,4858,6509
4591,814,1026
14573,2488,3241
5642,947,1204
1854,300,404
4020,687,883
17271,2795,3432
20658,3525,4299
3559,625,766
4646,792,1065
32113,5451,7029
1421,227,280
21080,3803,4599
8700,1428,1745
20124,3309,4596
5865,1027,1318
45725,7529,10226
7446,1276,1648
9687,1653,2044
21091,3739,4521
4177,726,931
8153,1294,1628
19144,3222,4197
5430,924,1251
16651,2973,3999
10289,1744,2231
11218,1948,2379
2799,463,603
4950,796,977
11162,1927,2336
2766,476,556
868,148,181
3697,612,750
5442,932,1170
14977,2626,3335
12785,2154,2641
4283,711,813
3368,591,762
1864,311,364
13584,2295,2801
1778,289,352
29974,5153,6573
36991,6270,7478
7978,1389,1698
19727,3287,4117
2141,373,454
1696,301,346
1508,260,292
520,89,118
2711,465,615
49507,8529,10477
15590,2623,3140
5375,956,1133
11688,2098,2742
6810,1239,1657
20671,3534,4414
973,160,192
1567,261,318
2741,465,567
21118,3519,4270
17041,2896,3737
3348,587,745
19843,3473,4624
2117,386,484
961,160,196
14952,2561,3121
36366,6324,7850
24444,3992,4976
4691,794,966
14727,2578,3561
4897,827,1082
4454,745,927
2971,506,643
2202,372,489
6309,1102,1462
37279,6160,7867
14929,2644,3140
6314,1103,1461
12818,2228,2788
5371,892,1170
9746,1669,2238
14549,2506,3111
24371,4262,5278
2888,491,663
9905,1668,1994
7224,1174,1603
30213,5102,6941
14554,2478,3116
3430,567,719
11613,1972,2709
22059,3623,4417
8602,1484,1743
24081,4143,5489
25610,4344,5128
4773,815,1059
21590,3783,4669
26378,4205,5509
13039,2227,2812
7611,1250,1571
1496,259,315
5453,922,1089
9724,1717,2243
3429,569,664
7010,1171,1496
27642,4337,6416
18028,3043,3999
28976,4641,5804
18662,3190,3991
25172,4153,5073
15121,2470,2967
12303,2180,2771
2162,355,444
1294,219,279
2633,424,515
2139,363,447
1710,291,336
5053,863,1137
14873,2626,3265
8919,1502,1839
85036,14209,17895
47032,7995,10233
46844,7896,10314
16614,2877,3775
15839,2750,3452
2489,429,535
28304,4905,6467
4094,715,859
12315,2147,2793
13746,2314,2811
39989,6588,7839
15129,2584,3188
6270,1040,1382
1008,167,229
11653,2040,2634
14917,2422,3206
29570,5054,5771
4984,845,1206
2425,422,510
28272,4756,5940
12425,2205,2842
23293,3995,5028
10566,1889,2498
29994,4921,6253
2467,432,580
36873,6448,7954
5353,879,1227
27566,4476,5771
13874,2348,2848
896,167,197
8591,1500,1880
7933,1283,1572
7136,1270,1770
4453,773,943
28557,4671,5861
3488,563,684
10160,1807,2306
1279,224,271
4643,807,1059
4043,699,882
2205,380,457
4270,753,915
1104,198,244
13271,2431,3046
6599,1163,1547
2142,378,468
29570,4896,6259
1999,317,438
128796,21591,26488
10201,1748,2097
7783,1348,1747
16444,2886,3627
2281,381,543
4788,790,919
2159,377,488
2001,343,403
3232,536,758
13718,2375,2881
10124,1672,2047
4865,818,1087
3023,539,666
5963,1046,1240
1440,241,308
7516,1290,1676
672,110,135
3986,652,786
3419,597,699
7314,1206,1577
2116,355,477
6316,1098,1636
8645,1505,1871
7296,1205,1558
1739,308,354
3332,558,666
8956,1470,1734
7414,1290,1670
12949,2135,2652
18945,3270,4198
8899,1570,1879
3016,506,654
11891,1994,2455
21006,3663,4677
7010,1194,1596
82145,14038,17639
3004,506,618
12256,2141,2708
15392,2699,3333
962,168,198
1878,323,375
6849,1216,1709
2567,430,515
6415,1084,1253
14563,2501,3140
30674,5236,6391
17182,2893,3517
2284,405,473
20427,3396,4456
4629,796,1043
16940,2744,3724
1400,233,293
7258,1224,1427
13000,2114,2705
78452,13118,18163
12304,2101,2936
5652,947,1103
30564,5273,6508
7990,1371,1811
8959,1493,1926
4500,722,926
10223,1702,2135
3807,636,781
5729,985,1249
1987,339,457
5604,996,1190
2141,382,468
3170,530,640
11211,1938,2304
22063,3804,4588
8481,1483,1977
3562,589,704
3029,508,651
46346,7774,9442
5834,985,1166
3738,640,795
20940,3679,4814
2499,434,501
75854,12516,14357
5187,911,1070
3753,659,858
7453,1247,1488
10915,1840,2474
2512,433,535
5476,951,1226
3754,652,857
1496,261,325
618,105,128
3263,524,698
9612,1615,2027
20450,3499,4324
1740,301,353
3129,528,653
2086,356,537
1794,296,398
4952,853,1082
6033,1049,1347
8963,1527,1986
25044,4071,5125
8002,1328,1597
9121,1609,2106
9710,1736,2428
2511,460,712
12084,2059,2702
946,148,182
736,129,141
4333,708,850
4047,696,831
24415,4160,5004
2460,417,506
43350,7442,9665
1237,222,263
31333,5103,5977
13926,2259,2992
4187,662,939
2949,535,672
42880,7449,9554
1863,316,416
2010,352,391
2692,484,588
5684,967,1287
4625,783,1090
2401,388,492
18965,3269,4162
9123,1521,1905
17048,2925,3834
9205,1556,1871
14383,2452,3170
47606,7935,10348
21161,3770,4719
40742,6777,8762
13121,2265,2939
2810,481,567
6071,1070,1373
5750,1033,1287
17932,3092,3958
5279,944,1214
20317,3523,4551
7611,1275,1754
2469,424,529
2588,442,522
8640,1426,1936
4414,760,898
3760,630,837
1704,284,321
8271,1344,1721
1584,276,391
6463,1075,1289
17569,3059,4012
28401,4844,5788
20316,3611,4607
7581,1268,1629
1792,300,355
2473,412,497
4482,801,992
4060,716,928
1824,316,390
2405,427,527
15772,2815,3450
2877,487,588
12989,2178,2776
11877,2020,2490
3120,519,680
3596,663,783
21628,3690,4609
6914,1152,1466
1859,326,398
41935,7255,8959
4700,803,1025
25466,4350,5618
30098,5079,6539
3720,643,860
4892,846,1091
4069,706,1017
3781,609,764
7920,1260,1762
4504,755,946
4990,839,1080
15424,2695,3251
5518,966,1223
8719,1433,1938
4738,778,1083
2820,489,591
13187,2222,2770
3986,677,965
13637,2333,2926
40825,7053,8825
2042,318,393
3157,516,617
1652,289,342
24113,3978,4997
3022,500,627
40381,7050,8708
1609,249,336
1063,179,224
900,149,184
6631,1143,1455
4144,700,901
13763,2369,2989
4527,822,961
4301,708,920
3376,586,762
4631,797,1057
9964,1733,2189
13580,2416,3261
10412,1816,2505
12733,2158,2580
3266,533,665
7109,1234,1600
17492,3032,3966
9359,1622,2023
2859,474,573
1791,309,399
1319,227,288
35473,5646,7151
6486,1154,1536
4045,710,980
5834,1016,1302
23764,4076,5129
3304,538,798
1158,200,237
4220,690,885
3754,637,784
7545,1294,1632
13932,2365,2982
10275,1744,2227
48524,8429,9930
1096,172,222
1418,235,307
2421,401,482
1833,325,417
429,74,98
25443,4446,5461
1391,247,301
3715,653,773
1863,322,421
11150,1942,2375
8331,1356,1600
20007,3383,4041
17103,2922,3616
15122,2519,3099
3919,662,842
4212,755,938
18926,3168,3919
4717,760,969
2365,397,487
7397,1221,1547
1445,252,306
5290,921,1139
10515,1822,2189
1010,168,212
2823,485,586
10118,1684,2234
31381,5414,6727
23720,4098,5192
14570,2418,2995
6453,1122,1389
1290,213,330
2198,392,497
7602,1246,1576
13412,2307,2796
15341,2702,3602
1067,187,207
44370,7405,9136
788,136,155
1424,249,306
1731,304,362
3306,561,702
1396,243,286
3647,628,764
8327,1393,1792
24038,4121,5016
6636,1181,1612
2843,488,635
3394,566,687
4412,765,1037
23973,4208,5532
6828,1204,1549
3381,590,672
3578,598,759
3104,554,674
25898,4232,5450
11503,1948,2421
199686,34008,43002
3588,603,796
8817,1535,2034
6691,1105,1362
14383,2361,3177
11516,1950,2451
2678,432,514
4906,818,1008
3390,572,797
9800,1615,2035
5429,964,1328
1853,309,401
4075,697,833
1429,249,336
9438,1720,2221
1657,301,367
16717,3014,3715
1295,216,289
13819,2426,3177
3939,668,925
51012,8538,10242
2046,335,433
49461,8144,10295
1208,209,252
1262,226,274
1992,342,389
2981,468,654
2781,493,591
2793,485,570
1560,271,352
12762,2314,2887
7114,1251,1558
4602,828,1055
2780,474,628
7359,1269,1561
3144,553,783
25713,4398,5546
14746,2631,3310
2842,481,581
979,174,214
6886,1175,1466
2026,357,439
2062,347,409
3290,567,745
10136,1740,2331
15493,2652,3090
17321,2979,3528
1628,271,359
2898,477,639
2308,393,483
3465,613,739
9394,1637,2055
1411,216,301
23679,3981,4792
26689,4560,5767
11373,1955,2334
53415,9404,12192
10677,1722,2170
20250,3259,4179
28392,4867,6076
20817,3491,4532
7123,1112,1567
82887,14130,17270
9658,1672,2130
5417,926,1085
26586,4576,5844
13239,2125,2671
3405,588,707
1150,197,247
1066,190,234
993,181,210
1060,180,208
2756,475,581
5621,900,1152
7377,1235,1558
1486,249,344
9299,1611,2305
13947,2440,3061
7212,1207,1626
3917,667,903
10312,1734,2153
4228,743,957
1638,277,352
7340,1285,1635
18954,3127,3792
12851,2202,2914
20686,3492,4368
5321,872,1193
30791,5216,6517
9868,1693,2073
10591,1786,2189
1200,221,286
2734,468,600
16272,2783,3515
5660,959,1140
3039,498,619
4284,744,944
38871,6199,8069
1533,247,318
7320,1274,1548
16616,2860,3529
17824,3116,4084
17928,2887,3497
45887,7566,9797
18418,3184,3914
17818,3120,4078
15972,2737,3445
36893,6059,7365
1941,319,469
2914,504,578
20688,3468,4367
3170,543,660
4086,688,832
5979,1009,1312
4012,660,790
15226,2529,3131
10449,1772,2194
9392,1584,1817
16611,2847,3645
13008,2136,2665
11062,1959,2482
9767,1573,1888
45217,7503,8789
15870,2691,3170
22589,3651,4994
11297,1937,2468
12842,2194,2812
4133,720,849
1505,253,320
7131,1161,1694
11972,2068,2766
7216,1256,1618
4521,769,927
13829,2192,2852
3848,660,891
11173,1994,2542
15162,2395,3140
8212,1390,1931
22692,3872,4864
6531,1107,1358
5117,879,1090
38095,6751,8230
10213,1809,2397
7697,1368,1667
4415,745,1010
11235,1947,2553
3774,669,782
114519,19448,24971
15397,2635,3179
36084,6197,7438
8511,1437,1801
4597,749,930
1745,297,379
1304,215,250
5358,919,1153
668,111,132
1734,291,371
10673,1965,2448
19008,3138,4328
18473,3235,3719
33450,5816,7001
17668,3095,3746
33322,5829,6915
14553,2428,3131
34578,6105,7840
12687,2174,2797
12837,2265,3023
7970,1307,1748
1959,335,402
17183,2942,3872
8811,1491,1736
3141,526,666
19110,3318,4256
7023,1177,1430
3567,596,770
3751,627,816
11442,1915,2380
757,131,164
8193,1372,1821
15551,2656,3315
1259,235,300
8274,1337,1608
3007,522,636
4287,759,939
588,105,126
6720,1139,1468
4871,829,1017
5937,980,1182
59801,10219,12409
73566,12616,15072
27141,4825,6075
49420,8247,10142
1102,192,226
3800,623,815
10553,1795,2281
11597,2012,2535
34119,5975,7369
2552,418,591
8127,1361,1767
3922,645,904
2943,462,557
2489,400,488
3338,580,747
13600,2233,2652
51748,8754,11345
17425,2857,3519
3947,658,868
12627,2215,2983
5990,1010,1183
11339,1892,2407
21405,3707,4439
18466,3154,4091
1372,231,273
2139,374,472
96651,16728,20200
764,140,160
12037,2087,2764
11194,1887,2326
17112,2934,3878
105496,17820,22057
1506,249,300
21114,3596,4514
2921,482,620
4644,780,920
1968,303,414
3177,515,626
5976,1030,1230
6228,1095,1330
18776,3007,3819
5770,974,1309
27017,4715,5896
22490,3760,4938
10733,1782,2132
14610,2443,3159
5753,969,1310
5069,857,1127
21687,3700,4580
7085,1152,1493
15258,2699,3319
7160,1222,1517
7375,1206,1525
28839,5058,6150
3016,519,689
2367,382,473
83322,14083,18310
3129,531,618
4177,685,841
7666,1309,1631
17352,2850,3472
8990,1484,1989
26667,4441,5545
8906,1591,1841
8788,1574,1891
1244,233,269
49759,8168,9769
86172,15219,18762
4174,682,881
28774,5063,6050
3505,591,744
5838,997,1338
22348,3791,4815
14403,2444,3086
5137,913,1288
4962,854,1096
1286,209,273
2716,447,573
567,103,131
9657,1698,1984
6095,1019,1405
4964,852,1104
2515,448,581
6551,1032,1383
1710,283,353
6087,1049,1287
1395,250,312
15459,2690,3688
1120,184,235
7114,1224,1641
7708,1236,1560
17654,2942,4029
16904,2997,3754
4848,840,1158
10590,1804,2240
9597,1681,2005
8039,1350,1647
262,43,60
5375,937,1188
7961,1259,1855
12440,2069,2743
13443,2276,2873
4560,826,1014
26047,4363,5371
865,152,193
10058,1745,2196
7848,1268,1699
9699,1707,2272
5707,971,1241
7855,1266,1676
5476,904,1166
5014,879,1106
4357,746,928
52949,8616,10756
55391,9460,12103
6894,1180,1447
3131,546,663
6747,1114,1407
4824,816,1028
18566,3207,3963
34070,5665,7169
29602,5203,6231
1337,224,337
14490,2447,3097
10763,1845,2335
14840,2737,3572
5644,943,1101
11136,1910,2621
11963,2137,2711
9290,1608,2081
6835,1205,1508
11355,2011,2462
6089,1063,1355
39681,6542,8372
30412,5255,6493
803,140,156
10183,1755,2273
9875,1627,2210
19245,3285,4271
10325,1699,2170
14490,2478,3069
45962,7742,9349
23055,3895,5014
15088,2491,3061
13955,2365,3196
9409,1636,2063
19897,3603,4493
6886,1158,1392
10984,1785,2254
17396,2923,3848
1979,317,402
9763,1743,2213
6357,1078,1383
7211,1193,1573
6778,1094,1417
654,104,142
10727,1807,2406
10427,1868,2611
22941,3780,4612
6398,1066,1344
6607,1159,1440
13859,2363,3065
14145,2515,3077
23377,3948,4839
11066,1858,2270
17339,2874,3877
17988,3132,4069
13190,2249,2822
36713,6110,7106
5378,902,1120
12140,2036,2542
4100,680,827
2618,444,533
9717,1776,2237
924,168,197
22549,3859,4972
17131,3108,3895
8121,1403,1824
23793,4018,5423
4923,839,1070
15747,2768,3539
27425,4691,5960
4425,747,958
1874,314,383
1525,255,358
2825,477,631
1150,193,226
95796,16256,20765
19355,3205,4158
16467,2740,3405
22922,3835,4837
19082,3413,4299
17253,3120,3996
5833,1007,1471
9096,1517,2040
9658,1696,2210
1622,278,334
6585,1115,1485
434,78,113
13513,2306,2987
7273,1267,1519
3659,600,716
2569,445,517
8194,1336,1630
2361,412,503
10986,1873,2290
8539,1512,1987
45069,7709,9496
6051,1016,1289
36224,6295,7773
9570,1664,2032
5738,995,1215
2426,346,501
620,95,129
3000,495,629
3830,627,749
25823,4375,5702
2062,377,465
29371,4798,5869
2628,452,535
747,126,160
3840,662,899
372,70,91
529,95,126
4216,717,956
5140,891,1143
19708,3471,4699
1137,185,247
3735,625,819
4025,674,838
8606,1529,1964
46265,7866,10242
8956,1518,1999
12807,2306,2825
4107,707,914
3400,588,735
1086,189,230
4073,663,869
64062,11000,13959
28859,4857,6006
21898,3706,4605
3882,675,845
18723,3179,4151
6456,1096,1383
1725,295,356
1126,193,233
2435,402,513
781,139,179
1598,280,325
6532,1125,1405
1801,323,389
21255,3649,4350
15221,2650,3461
16582,2726,3576
40923,7026,8530
11103,1880,2448
1847,323,397
6648,1114,1337
24070,4242,5331
34186,5790,7519
11927,2021,2340
24216,4218,5394
1828,300,375
511,84,99
22233,3952,4949
9941,1677,2193
7810,1321,1714
5800,980,1288
12060,1929,2552
8327,1438,1744
31982,5450,6366
34756,6100,7421
21269,3647,4360
3669,626,826
1230,230,283
757,133,164
4036,691,951
3557,640,805
10186,1825,2184
69449,11913,14655
36414,6370,7922
1627,273,334
754,135,167
3318,577,716
9603,1620,2067
4199,725,1019
1124,202,239
582,100,127
968,171,209
912,166,187
8839,1538,1871
20627,3418,4411
6773,1166,1433
11956,2041,2506
6839,1118,1409
9999,1747,2092
27244,4606,5483
4383,756,944
4669,740,917
17842,3185,4141
945,155,188
17531,2887,3474
14512,2424,3027
6859,1221,1598
5756,931,1191
6857,1232,1598
6782,1199,1591
2802,511,672
2953,521,636
48631,8314,10262
9635,1693,2137
2199,375,464
33926,5886,7294
4228,714,922
10085,1679,2233
5735,944,1133
8974,1540,1877
8260,1395,1834
8285,1417,1894
18334,3102,3832
2580,456,564
4706,751,1001
1802,315,379
1595,257,308
17952,3024,3629
20435,3597,4605
15702,2766,3506
8915,1446,1910
13567,2360,2902
58064,9972,11964
1339,219,266
13193,2308,2769
16366,2746,3676
11705,2013,2743
42139,7399,9466
7613,1274,1519
9942,1701,2489
1081,171,209
3731,644,797
21096,3542,4701
1425,243,302
2940,477,653
3257,548,766
11160,1913,2435
25957,4522,5779
3174,501,597
1341,221,326
3554,594,676
16334,2810,3492
13550,2291,3037
4461,752,1057
22026,3702,4489
15499,2686,3421
19522,3283,4480
9971,1657,2156
1595,280,340
1208,209,305
3626,627,824
2463,425,544
44413,7707,9700
962,172,203
1752,289,345
2831,456,615
17799,3069,3781
15035,2554,3139
1069,181,233
2955,491,654
49737,8071,9932
22857,3829,5133
6485,1067,1315
5122,854,986
23189,4043,5233
17180,2889,3714
21445,3580,4472
3946,693,869
3976,688,786
3751,645,873
16328,2819,3414
1200,194,269
33605,5808,7318
3472,609,727
3134,507,640
2162,356,425
3032,522,603
916,163,199
4659,800,1062
5824,990,1300
4444,752,957
2428,410,532
7445,1257,1592
9200,1618,2123
5430,986,1181
3759,611,779
13677,2369,3019
21649,3674,4819
7577,1331,1694
3355,550,713
19463,3327,4057
9493,1684,2117
34739,5799,7422
4190,721,927
3577,613,779
7578,1277,1634
10513,1848,2294
14928,2564,3383
46248,8078,9966
8113,1289,1620
4238,715,871
11012,1910,2461
12467,2147,2742
27730,4559,5850
45793,7704,10004
1859,304,406
4114,665,829
1621,276,361
1209,203,254
126262,22208,29786
4058,688,839
1617,274,352
7595,1318,1701
3503,620,729
7762,1278,1475
16452,2773,3379
5845,954,1183
3942,668,903
2003,344,429
21758,3706,4647
2204,380,509
6559,1181,1511
17921,3090,3878
12494,1985,2561
8967,1450,1805
15387,2593,3475
12822,2221,2822
1932,322,421
27557,4561,5669
984,160,199
3617,621,800
5031,841,1110
18160,3122,4293
13374,2311,2825
2838,482,577
26977,4619,5497
952,161,222
5284,898,1105
20425,3495,4304
12627,2108,2743
3416,580,737
11999,2125,2747
18476,3161,4078
1170,197,243
2199,370,462
10608,1850,2262
23305,3976,5066
24662,4296,5424
6058,1066,1317
11479,2001,2543
17028,3016,3688
1684,300,422
1232,208,238
12750,2131,2765
8765,1481,1843
3885,690,937
1056,181,210
2257,390,464
5528,949,1164
8567,1509,1814
4858,806,1081
17573,3056,3839
56717,9363,11939
8827,1560,2093
6002,1070,1464
26917,4844,5820
6863,1135,1366
2121,344,465
7751,1325,1718
6003,978,1294
3421,572,709
4527,782,992
9009,1515,1775
24106,3961,5173
26757,4818,5902
4938,803,1007
10228,1703,2203
2597,451,553
86258,14709,18806
9878,1720,2181
5075,899,1198
22047,3767,4683
18046,3094,3966
6793,1159,1437
11587,1954,2525
26051,4318,5341
16709,2973,3725
7248,1274,1576
28698,4856,6022
11705,2105,2985
3567,631,843
13302,2230,2860
8205,1454,1814
8642,1474,1816
8622,1427,1813
4558,742,918
30146,5196,6267
30119,5181,6284
14207,2444,3516
24229,4151,5116
4776,847,1014
7999,1343,1707
16996,2811,3512
936,160,206
3358,580,703
4739,795,1024
6497,1109,1324
2908,519,644
36615,6290,7674
7931,1367,1713
5023,911,1258
7484,1273,1457
3869,613,779
133786,22394,27435
1086,175,233
4634,805,977
12813,2123,2575
3726,617,850
16745,2682,3210
2851,458,581
11915,1939,2419
6690,1113,1411
1269,210,263
328,59,76
2987,508,638
5601,1018,1292
44146,7891,9870
46998,8172,9715
3668,639,765
1699,287,374
2822,490,573
29526,5070,5982
4752,727,879
4633,778,1010
2495,442,572
2667,460,644
9284,1586,2025
6066,1058,1291
10364,1815,2132
1558,275,322
19910,3526,4593
14706,2687,3549
9466,1607,2025
453,78,108
19022,3120,3738
110933,18940,23845
16493,2773,3443
2831,497,621
25651,4337,5619
9859,1670,2080
2180,386,487
5377,871,992
5253,918,1224
40164,6840,8534
1684,268,312
6284,1115,1493
8403,1522,2170
9728,1695,2160
7960,1425,1850
10575,1903,2522
130601,23469,32070
4675,818,1026
21992,3718,4603
6061,1005,1200
12302,2218,2705
12540,2128,2771
819,143,192
12412,2095,2845
9921,1638,2134
3973,681,930
43391,7224,9233
43369,7292,9152
4751,753,981
18846,3108,3786
1139,199,230
10153,1686,2206
8810,1491,1848
66952,11285,13668
58216,9524,11964
28228,4784,5957
38952,6520,7722
24984,4127,5608
20041,3497,4273
4027,659,893
9854,1591,2051
3820,659,894
7745,1307,1629
14878,2508,3393
32977,5506,6653
25652,4418,5522
5864,946,1244
11066,1891,2314
6612,1130,1479
10673,1772,2211
1793,291,356
8880,1483,1753
13708,2282,2824
2292,403,471
11247,1970,2357
13606,2401,3198
12898,2166,2757
12238,1972,2689
8293,1412,1925
13543,2268,2913
8003,1336,1611
119360,20083,25444
12337,2041,2942
9486,1732,2160
1323,223,272
178642,31413,40270
13104,2242,2651
545,97,145
18751,3088,4029
847,146,195
9587,1618,2060
7232,1272,1562
8127,1430,1907
19530,3219,4432
9900,1735,2111
2802,465,588
819,146,171
10238,1699,2133
20504,3565,4506
7406,1231,1461
537,95,144
2009,349,446
11546,1955,2348
22237,3623,4625
4265,713,995
2271,389,472
42361,7229,8830
6298,1027,1278
402,68,92
42440,7410,9368
45949,7656,9233
7421,1201,1443
9500,1685,2117
1634,283,393
5738,1016,1251
15085,2478,2998
11636,2048,2527
2083,357,473
920,162,196
875,145,179
1318,215,318
8130,1430,1864
3486,546,811
7463,1274,1616
8380,1481,1778
9323,1592,2033
3822,658,886
5036,815,1149
94073,15510,19774
9149,1546,1949
682,115,159
654,111,150
1377,235,310
2342,395,491
10716,1809,2168
3559,566,739
19091,3111,4230
1369,231,305
4577,764,1022
10732,1832,2200
639,108,146
695,117,168
714,121,171
2385,393,541
693,117,169
18792,3208,4180
18358,3116,3991
5609,965,1186
61446,10440,13188
6542,1142,1472
10630,1723,2222
40745,6913,8534
11805,1946,2428
2913,520,627
13189,2193,2633
2206,379,463
1606,286,368
6545,1130,1445
2200,375,517
12121,2062,2473
2169,367,434
71440,12055,14723
8621,1439,1722
5892,1048,1261
8997,1459,1780
2562,446,615
162513,26524,34493
3032,522,708
2620,421,538
5047,884,1038
10772,1843,2273
17982,3006,3689
2923,494,614
72021,12201,15966
21410,3691,4615
2254,381,524
9353,1609,1866
2502,432,489
31178,4808,5857
6704,1125,1392
23588,3903,4959
2878,520,616
9600,1632,1986
14987,2493,3055
8187,1435,1703
7161,1210,1484
10315,1732,2002
19971,3584,4616
13293,2276,2868
2588,433,626
7833,1284,1647
19646,3352,4636
10634,1813,2309
9181,1553,2043
3202,559,683
24668,4251,5704
3820,606,725
13044,2287,3019
45977,7812,9991
5304,884,1150
5446,967,1217
2280,386,445
1116,186,226
38513,6737,8495
7096,1218,1646
70854,12340,15678
6942,1188,1579
7166,1208,1522
4210,720,867
5458,959,1134
1258,218,271
54228,9231,11435
5785,967,1263
3837,649,809
14744,2574,3060
12928,2083,2642
16285,2774,3615
13271,2246,2964
4450,732,922
18460,3234,4289
40838,6903,9023
5343,907,1094
5062,846,1034
4252,697,833
8789,1485,1786
3930,631,860
1377,230,329
33861,5847,7232
5822,985,1206
4246,703,925
6116,1056,1338
6905,1201,1456
6102,1010,1305
1490,268,329
6572,1144,1409
23096,4125,5136
3250,533,768
5210,908,1120
19100,3282,4131
23350,4154,5484
10635,1869,2442
7535,1275,1515
5040,832,1052
7611,1237,1581
3660,610,736
3008,482,657
4648,834,1057
18534,3158,3971
1409,245,295
22755,3742,4709
13423,2259,2783
4127,720,976
1494,268,332
9563,1669,2189
6904,1164,1585
6109,1095,1305
5503,939,1189
5550,910,1242
12428,2036,2364
9497,1519,2063
25574,4297,5570
22922,3758,4556
13100,2241,2879
13953,2452,3274
18027,3042,3681
12508,2157,2798
2855,491,621
2611,427,520
33543,5573,6754
11229,1947,2360
2451,417,537
15338,2680,3213
7136,1269,1689
5817,974,1169
39372,6379,7925
9576,1625,2108
6745,1114,1483
12692,2140,2918
3647,592,845
3322,532,654
1725,286,388
11267,1941,2473
7252,1259,1589
4095,649,799
3063,537,672
8612,1353,1850
4898,823,1039
84097,14429,17039
4729,799,1081
15908,2701,3293
4053,691,877
10035,1693,2251
21052,3555,4512
30019,5046,6189
6524,1104,1410
2584,424,575
4521,762,966
4494,790,1007
5549,959,1121
2632,458,558
2849,501,584
3383,559,684
3060,509,664
5607,973,1203
3032,523,668
2137,379,444
5988,1063,1294
5405,934,1109
1253,216,276
2572,428,545
3196,563,681
25544,4293,5278
865,152,192
50893,8225,10056
1224,218,256
3498,585,713
9087,1505,1787
1760,307,360
4225,718,894
3403,557,629
10270,1649,2257
31219,5037,6642
19871,3547,4704
3177,536,737
37199,6156,8099
19238,3250,4180
6730,1171,1420
24280,3971,5015
4008,683,955
48768,8180,10122
942,169,230
8574,1444,1800
20219,3458,4500
14978,2513,3096
18851,3155,4101
2179,371,440
11191,1874,2371
9558,1575,2033
6489,1117,1410
5339,912,1181
6532,1133,1499
3733,613,736
1623,273,329
25575,4287,5242
14355,2434,2997
6719,1128,1512
11061,1827,2266
15533,2627,3129
885,152,176
12991,2194,2563
2793,442,602
12909,2177,2539
2234,375,451
4479,765,1071
1686,298,395
3300,569,750
6365,1070,1389
36666,5931,7223
3252,545,670
7521,1339,1629
13572,2283,2772
4124,694,854
4912,813,1000
3193,550,627
1432,239,302
4673,804,1046
6084,1016,1286
1512,254,333
2047,341,399
7414,1243,1533
2578,452,553
18278,3029,3916
12608,2088,2785
8262,1281,1647
14298,2463,3116
16645,2837,3588
2409,426,554
626,103,137
19545,3303,4416
7690,1294,1700
8015,1380,1757
1049,161,211
5537,897,1054
4710,816,1045
28144,4626,5509
8400,1406,1724
1634,278,351
4839,787,995
8398,1419,1766
6202,1075,1437
5752,1005,1192
7578,1262,1648
9371,1568,1846
8617,1495,1915
5341,889,1138
17299,2868,3553
10385,1811,2447
4807,797,1122
4717,833,1067
15723,2640,3517
8442,1355,1710
2347,394,592
2454,408,543
22812,3775,4657
10734,1776,2060
12765,2173,2839
5982,1014,1269
6840,1166,1622
96436,16286,20592
3789,638,774
5645,993,1415
13728,2486,3293
14834,2541,3113
6001,1012,1339
7262,1276,1778
24173,4222,5333
4002,700,862
1700,282,374
1934,342,448
37118,6088,8074
3493,584,755
11203,2006,2434
4392,746,983
14471,2432,2879
17288,3010,3865
12092,1962,2663
7463,1304,1804
12742,2169,2735
1470,250,334
2325,376,482
4031,669,854
13007,2231,2872
8514,1477,1856
10842,1780,2187
10900,1773,2282
15411,2775,3975
8365,1447,1829
1515,255,368
33138,5858,7464
45870,7608,9312
7065,1250,1517
2189,372,442
5790,1047,1359
6089,1052,1365
21711,3624,4611
2316,387,471
2536,454,586
38395,6471,8182
90248,14980,18959
2337,402,564
52013,8741,10846
2091,365,458
24254,4178,5029
104451,17576,21891
7107,1261,1713
17807,3000,3796
3611,632,797
96819,16814,20229
14500,2397,3132
1600,252,336
14465,2379,3128
5057,794,964
191943,32236,39978
19724,3383,4086
5046,868,1085
8984,1491,1940
191854,32228,39946
12351,2054,2558
77188,13028,16502
10114,1687,2201
12592,2215,2719
8384,1475,1786
6872,1132,1584
4306,736,919
5482,932,1201
22569,3781,4752
1804,314,373
7280,1250,1541
2947,478,712
1079,183,232
17286,2814,3628
13993,2258,2695
5816,977,1294
28167,4657,5685
51625,8897,10695
4380,738,999
4365,760,979
3288,582,769
1323,220,311
4328,715,900
3490,637,812
11815,1978,2485
2479,426,531
1257,206,308
2531,428,563
5600,931,1230
1537,243,326
38077,6603,8042
1468,241,363
1551,273,419
25536,4531,5719
4769,822,1061
3458,628,811
1999,346,418
3132,560,748
5191,897,1127
3276,519,697
4967,842,1054
2910,508,589
1905,319,431
3269,580,744
11330,1920,2328
5378,904,1210
3049,534,692
7923,1361,1690
5219,952,1154
3372,579,708
13311,2228,2802
27627,4803,6146
882,140,187
26404,4647,6009
9310,1598,2030
1557,249,300
10315,1771,2104
4436,723,872
6297,1076,1400
2402,413,553
2533,430,565
5377,924,1145
17587,3083,3771
4246,695,853
5554,950,1188
20338,3484,4289
12079,2027,2841
14697,2523,3172
22337,3781,4605
76444,12644,15907
3027,506,637
13328,2229,2935
6393,1053,1367
9864,1710,2220
1321,221,256
1211,208,253
1450,263,345
2592,460,533
11529,1938,2388
23647,3979,5035
14415,2388,2884
14360,2406,3054
2258,383,515
5376,900,1087
5692,971,1187
12342,2172,2792
18093,3128,4078
6802,1159,1491
7173,1248,1655
8022,1349,1859
4761,785,995
91119,15520,19135
97426,16015,19521
2264,344,457
12835,2174,2811
9198,1599,2121
18406,3163,4076
8730,1510,1943
4984,845,1096
1036,181,226
35645,6199,7384
2928,492,609
6222,1056,1326
25424,4275,5245
5732,993,1356
4906,832,1135
3233,539,653
6008,1026,1339
8476,1414,1851
6872,1163,1566
1643,281,399
434,72,101
3988,684,832
614,103,141
7386,1278,1708
3580,617,827
4853,839,1070
1897,323,465
932,166,246
25316,4285,5181
18395,3159,3723
8758,1467,1884
8669,1479,1885
11222,1907,2407
13592,2360,2759
1932,342,529
16264,2753,3607
1834,315,406
9600,1536,2239
37708,6546,7696
4728,777,976
3045,519,687
4308,735,896
2453,399,508
7728,1367,1716
10392,1809,2351
8056,1395,1776
8008,1320,1688
15330,2631,3189
5781,999,1258
8224,1392,1757
5957,1013,1362
14738,2443,3097
11770,2054,2416
15949,2945,3671
22904,3791,4663
14120,2416,3118
6053,998,1299
3240,556,696
37019,6375,7713
2468,431,518
1770,287,349
2433,397,487
4439,746,945
8792,1540,1908
6382,1057,1287
4024,675,922
1266,229,317
6922,1132,1336
3997,689,977
2378,390,460
1541,262,341
2934,507,632
1284,214,274
23654,4187,5217
5936,973,1250
21591,3682,4751
36944,6250,8190
20515,3476,4533
2902,487,663
12560,2178,2699
27103,4539,5685
15895,2783,3534
3914,627,851
7487,1274,1584
759,128,170
3665,637,784
11201,1945,2505
67880,12083,15431
34205,5771,7272
14737,2400,2980
22072,3745,4443
7536,1294,1570
4125,704,865
3061,517,628
11475,1906,2536
2340,394,532
4033,684,850
2413,423,551
13901,2405,3272
3678,648,809
3375,535,707
17914,2950,3630
6937,1143,1431
17698,2957,3744
12362,2115,2641
778,137,198
30632,5149,6134
5254,913,1164
10128,1754,2197
2461,416,512
11505,1936,2381
7742,1314,1768
10701,1844,2349
7396,1184,1497
9608,1700,2140
326,55,86
4156,695,897
26425,4486,5611
10177,1760,2204
2567,440,580
3940,564,842
6714,1136,1529
4678,815,1003
14487,2476,3115
11239,1891,2231
2128,333,488
7612,1228,1592
2200,379,477
2228,362,464
1027,171,220
697,107,146
76322,13312,17369
8525,1460,1855
4028,697,858
28364,4717,5895
7813,1317,1763
630,103,148
2978,514,628
20222,3472,4436
23537,4027,5035
95559,16147,20837
11573,2037,2518
36240,6281,8148
17804,2930,3528
17971,3099,3675
38946,6660,8497
86634,14788,18754
8992,1563,2022
17978,2993,3668
11717,2005,2761
41476,6879,8822
5635,957,1154
3117,525,633
11863,2042,2806
5214,925,1116
1772,309,357
2557,434,515
5578,951,1188
6893,1174,1456
16297,2852,3589
27263,4724,5578
8542,1494,1830
2433,418,510
6846,1173,1537
7487,1252,1681
3444,568,690
14202,2450,3055
5175,893,1166
8036,1403,1891
10470,1816,2267
2271,385,512
3245,550,701
5536,941,1202
8841,1504,1902
2919,497,632
2671,467,562
389,64,82
4507,782,1038
14741,2389,2985
32122,5262,6532
18595,3121,3755
32738,5484,6829
2879,493,626
3753,648,778
437,78,111
773,135,201
20309,3608,4434
30701,4924,6031
8964,1503,1895
33996,6048,7659
1231,218,253
1218,230,277
20189,3353,4044
913,160,199
2837,508,626
16477,2655,3364
2619,449,581
1301,230,286
18184,3052,4442
3505,601,731
1447,235,292
20513,3433,4412
78044,12458,15759
2126,351,506
52438,9223,11189
7138,1219,1640
20937,3646,4491
9233,1546,1889
1954,340,379
2872,502,672
1347,227,292
19493,3307,4040
6401,1076,1313
2533,413,559
5768,1002,1177
3460,621,781
19115,3272,4042
3334,572,780
881,153,194
1548,263,312
10346,1730,2293
12693,1952,2410
910,158,232
72153,12475,14921
2062,369,445
20824,3618,4693
48727,8253,10698
10819,1865,2371
1741,296,365
25154,4292,5191
15875,2639,3311
2167,382,474
1160,184,244
29296,4977,6468
11410,1937,2401
15825,2652,3327
7817,1355,1756
50503,8548,10082
8177,1388,1947
3844,635,847
34730,5833,7142
20226,3370,4166
20115,3310,4155
2094,344,432
30588,5235,6910
3884,657,846
2047,349,446
5579,960,1223
5567,1000,1326
4252,746,941
27472,4606,5769
3428,562,704
2620,446,528
10157,1697,2065
2311,413,481
7029,1170,1586
5613,956,1174
20838,3660,4732
5000,858,1035
3889,674,845
28035,4675,5873
14060,2439,2967
14722,2493,3059
3471,604,733
4804,828,1057
957,161,186
22761,3850,4694
13433,2282,2983
11544,1910,2573
7225,1258,1711
4363,715,939
2227,392,500
3166,546,712
5290,928,1167
6639,1114,1341
4531,775,923
1047,178,206
1885,303,381
11417,1995,2657
8545,1428,2079
23025,3913,4705
2313,369,462
389,67,101
7049,1204,1634
18403,2931,3939
101088,17077,21039
5143,866,1068
3954,684,852
5775,1017,1200
4285,737,1068
11804,1918,2582
7844,1372,1764
7845,1275,1644
1378,242,279
45143,7463,9386
6923,1169,1434
13031,2223,2796
18210,3239,4102
3075,520,663
29182,4714,5786
6982,1181,1494
4023,665,840
9139,1539,1907
2169,361,446
3374,566,708
8889,1429,1693
3219,511,613
13737,2288,2860
2484,429,579
7044,1221,1692
8934,1388,1783
5677,977,1321
1768,312,377
11555,2051,2698
1129,202,235
30310,5076,6778
6612,1105,1449
6252,1059,1335
23610,3972,4931
15904,2595,3226
11092,1909,2334
6568,1098,1401
3170,515,708
4111,708,932
10831,1843,2317
5212,924,1251
7623,1275,1711
1683,291,387
11641,2063,2688
6146,1029,1268
3897,669,871
3381,567,827
6094,1050,1300
1446,247,334
2547,454,542
12928,2260,2932
3887,672,837
16361,2776,3515
10959,1851,2376
3950,685,850
2264,389,558
3001,546,693
4611,828,1114
10084,1706,2184
859,141,170
27586,4900,6684
24114,4051,5144
20690,3517,4390
2266,397,492
3349,559,748
3074,517,686
1481,254,320
948,158,210
1853,309,464
3760,663,797
2354,398,507
61465,10283,12699
1299,217,274
2464,422,518
4082,702,955
18813,3195,3934
7035,1199,1506
1377,228,323
25285,4295,5624
15747,2617,3221
6075,1026,1388
12936,2077,2529
4658,824,997
4894,894,1102
5610,973,1217
1924,319,441
4728,798,1029
7125,1317,1846
16730,2816,3622
7052,1156,1584
11924,2061,2586
2310,393,487
3278,558,668
1129,188,246
11002,1907,2306
14083,2554,3234
8977,1560,2019
3888,703,836
23231,3829,5056
1562,261,338
3563,613,775
5265,884,1140
15256,2455,3143
8391,1515,1853
12735,2201,2727
6453,1147,1414
2040,361,443
1975,331,417
21880,3710,4557
21014,3683,4557
48295,8165,10614
551,89,138
10341,1773,2110
2950,499,588
17957,3023,3950
24508,4027,5507
1709,276,379
4759,804,1025
16478,2837,3486
4328,751,868
13805,2430,3116
3987,696,898
1154,192,239
8767,1536,1963
74418,12758,16034
22902,4125,5162
5372,932,1107
4333,731,961
40865,7224,9428
823,141,216
22673,3851,4692
3232,548,647
2395,407,527
5327,898,1089
4338,761,897
6655,1173,1472
2616,448,515
6757,1105,1369
5993,1015,1300
4452,748,928
10835,1936,2481
2570,450,534
2048,340,435
2914,469,616
2505,433,534
9965,1672,2075
11278,1859,2300
5590,940,1147
24909,4212,5132
17196,3002,3849
2161,382,470
2070,358,427
1894,323,378
4336,747,1042
81307,13174,15694
25691,4230,5191
83547,13786,17519
2842,475,588
4002,679,815
6810,1122,1484
3668,562,812
12670,1980,2402
640,100,136
24117,3980,5139
4279,727,947
4437,769,1015
11479,1938,2421
9565,1552,2162
25298,4392,5524
3555,581,714
16044,2723,3412
4086,716,897
4195,707,877
1219,199,269
4064,716,923
10343,1780,2177
16080,2788,3309
8388,1476,1871
1216,208,261
2918,506,626
10247,1646,2279
3354,582,720
3916,648,941
9863,1733,2247
25064,4238,5462
7741,1327,1608
70830,11701,14290
4326,775,1004
10366,1809,2153
4044,687,845
4740,800,1016
3894,680,884
2926,488,594
1826,311,379
3226,528,721
3101,554,675
5683,961,1210
1895,326,399
4183,700,876
9192,1611,2054
2439,396,536
14238,2462,3211
12633,2100,2482
1966,293,410
4833,814,1075
1764,292,389
7419,1291,1605
5603,974,1230
13844,2390,2915
4418,727,869
4131,721,987
4673,786,1004
14075,2385,3123
38257,6224,7662
3753,634,809
3795,648,822
9272,1608,1994
10440,1878,2351
12913,2206,2749
4178,719,883
9525,1620,2105
4798,869,1116
4703,769,995
4225,722,908
194,34,43
194,34,43
9995,1641,2026
2679,458,590
2655,449,606
927,154,207
16077,2794,3527
7682,1302,1796
8889,1525,1948
17506,2993,3905
12775,2245,2993
5265,897,1090
9970,1668,2094
6665,1109,1272
4305,732,928
4226,691,852
5034,845,1060
11180,1930,2321
2617,450,571
669,122,163
1086,174,251
42194,7198,8718
1254,216,308
26400,4600,5904
5861,980,1214
9691,1693,2090
26535,4639,6041
56422,9472,11695
3405,572,801
2415,424,500
6862,1177,1475
5035,805,1073
22988,3672,4520
5195,900,1078
10662,1685,2176
3615,614,848
6892,1141,1418
7620,1296,1716
15834,2671,3230
3666,565,748
15408,2635,3230
6673,1118,1415
57520,9751,12049
26101,4236,5621
20519,3452,4544
5835,1006,1176
4042,664,755
18918,3207,3975
3700,642,788
7178,1251,1581
4971,821,1125
17090,3003,3860
98667,16434,20156
1441,244,325
6803,1168,1451
22975,3867,4702
6887,1169,1621
1156,201,261
2833,467,578
54601,9363,11349
17708,2788,3349
23892,4106,4879
2450,398,488
1801,299,383
15417,2570,3235
5856,952,1295
3216,562,725
7030,1190,1646
9997,1714,2138
13098,2156,2683
10724,1839,2313
12079,2095,2654
767,133,181
16821,2803,3571
8550,1457,1859
4532,752,962
15583,2665,3471
3314,582,780
4996,818,1062
17230,2957,3670
2616,458,570
2298,403,471
4565,759,998
1999,344,436
3943,668,861
20896,3599,4510
2025,342,409
1128,198,241
14825,2587,3021
18609,3226,3846
18933,3259,4061
18544,3248,3923
20829,3471,4325
14620,2536,3152
4051,683,828
19327,3307,4086
21478,3516,4424
4759,807,1041
13457,2281,2836
2877,485,588
25696,4351,5540
5802,966,1154
921,156,200
62343,10714,13171
2212,372,456
6388,1077,1383
6786,1155,1578
9366,1645,2201
16085,2861,3518
37630,6431,8191
6014,1029,1241
11685,1918,2472
31935,5346,6996
18652,3252,4180
10935,1887,2443
814,141,174
29642,5286,6915
43919,7048,9390
8212,1399,1790
16550,2836,3595
6928,1186,1435
4212,707,882
19106,3190,3972
3176,497,648
10169,1671,2185
1982,329,487
5727,930,1216
15364,2474,3205
19623,3384,4590
2448,413,519
9786,1592,1907
6679,1145,1505
8197,1349,1762
4723,814,1061
25547,4378,5686
12157,1944,2789
57629,10057,12316
33959,5740,6926
22820,3681,4888
18518,3211,4077
1403,236,310
10106,1717,2274
10253,1810,2211
23397,4038,5259
3391,567,781
40824,6999,8556
4093,721,984
3171,508,627
16513,2700,3320
2150,373,558
2566,461,527
71283,11723,14666
9191,1557,1910
36376,6060,7481
26871,4560,5441
36458,6070,7459
45276,7491,9477
1800,303,416
19091,3168,4098
15643,2598,3418
48147,8184,10068
18193,3275,4049
18201,3280,4363
9505,1567,1883
22625,3684,4506
36431,6098,7554
579,95,112
66897,11203,14502
2936,475,553
11453,2022,2529
93336,15269,19965
15891,2640,3152
17060,2946,3733
12101,2088,2698
20996,3540,4514
2047,357,413
32105,5633,7624
25247,4439,5600
51369,8760,10981
33288,5707,7355
8433,1475,1768
53580,9154,11385
7401,1252,1547
8600,1512,1825
2179,361,439
10031,1781,2310
1747,295,373
18257,3351,4302
30405,5228,6320
54400,9123,11103
24419,4062,4998
10137,1629,2119
47004,7889,10125
10134,1632,2107
968,166,190
153804,25893,32939
34494,5831,7174
7673,1285,1613
7806,1353,1613
25968,4330,6168
3715,679,910
20279,3542,4538
1577,270,320
5583,960,1151
20871,3576,4421
2290,396,518
5378,936,1112
17344,2988,3940
9540,1656,2061
6618,1148,1443
1721,287,338
4983,893,1187
2551,423,661
8840,1509,1820
24692,4216,5074
2141,363,494
2816,477,600
6275,1055,1316
5389,928,1081
3597,633,798
7290,1295,1710
7329,1250,1585
3959,671,806
7557,1316,1657
10474,1830,2294
4575,769,1021
5994,1024,1271
5249,897,1126
8257,1367,1665
4361,724,892
2482,425,574
9553,1660,2066
51581,8568,10518
7215,1212,1641
3750,641,847
1881,310,377
7762,1333,1724
1494,264,308
47201,7637,9618
7038,1155,1449
7585,1305,1701
1421,251,354
1384,239,320
86747,14847,18380
4611,770,956
4271,739,955
2288,409,469
2496,431,536
4395,753,1015
3072,502,645
2211,383,507
14069,2430,3079
6743,1179,1564
2735,459,653
5659,979,1202
4892,841,1004
6018,993,1298
44097,7720,9564
18589,3325,4162
25088,4210,5498
4945,854,1105
7658,1324,1608
3881,701,838
5227,874,1128
732,128,188
6249,1121,1386
17390,2887,3857
6753,1147,1435
2046,357,446
26720,4544,5573
35255,5724,7061
12491,2150,2603
7244,1314,1737
3318,548,687
870,149,177
4377,760,1019
4800,826,1072
3042,537,703
3066,537,688
30525,5271,6344
21183,3718,4633
5637,1005,1226
3149,539,702
23437,3985,5037
2733,470,597
51515,8860,11309
756,129,176
593,102,156
32515,5644,6636
3938,687,891
1227,206,303
14376,2410,2971
478,80,101
9944,1710,2153
3304,550,703
7422,1290,1497
5092,883,1149
4609,782,995
3860,659,846
5577,922,1167
386,70,80
7315,1275,1603
13362,2235,2829
8184,1419,1865
3092,532,673
15246,2637,3063
5228,905,1111
968,163,198
20256,3477,4760
25641,4498,5358
9478,1628,2107
8998,1497,1905
6552,1072,1356
8044,1330,1684
17854,2977,3915
3242,566,746
2770,477,600
3681,643,858
5196,907,1116
595,104,137
3198,561,708
8695,1468,1893
5213,911,1154
1789,301,391
8410,1421,1720
1266,224,263
21051,3613,4258
3617,616,856
5987,1020,1273
7190,1236,1656
1406,240,269
1435,249,302
2716,466,628
2321,386,473
11121,1892,2479
2541,441,618
10860,1839,2286
5945,1001,1271
4394,765,1008
1954,348,435
1744,298,440
13620,2348,3065
5689,981,1257
1529,248,373
7260,1226,1488
6387,1123,1448
25478,4267,5806
9643,1658,2093
13117,2191,2824
2614,471,655
25146,4256,5800
3996,660,794
964,159,195
9229,1520,1822
13529,2269,2851
30500,5010,6233
9903,1608,1973
937,161,204
10744,1870,2389
7884,1332,1785
4728,821,1043
10385,1865,2270
21494,3583,4548
21213,3517,4555
4874,860,1032
6260,1114,1452
6380,1060,1290
6580,1142,1378
6886,1193,1497
8990,1596,2307
5337,874,1129
4294,771,1014
11682,1850,2514
5756,946,1254
28783,5086,6340
39220,6485,8235
2144,368,519
10527,1757,2151
9885,1759,2256
9436,1612,2110
12609,2064,2563
10601,1876,2445
535,88,111
3589,612,800
74593,12259,15443
16471,2850,3684
2498,415,547
3650,608,860
974,175,206
6859,1184,1502
4433,773,1005
20276,3586,4498
5284,878,1171
6786,1128,1380
38441,6393,7884
8304,1351,1772
4326,751,951
1412,234,312
974,176,212
6009,1007,1503
6354,1076,1460
17617,2928,3950
4156,726,913
3071,529,668
8260,1314,1821
1905,309,399
1978,324,437
2426,404,503
1711,271,375
3024,507,618
994,170,211
121258,21039,25980
5379,895,1128
74365,12547,15006
9231,1505,1887
2263,412,501
7303,1260,1655
4874,844,1018
41701,6848,8942
6784,1192,1522
4824,834,1082
4858,824,1020
13138,2172,2671
17841,2993,3640
11267,1898,2357
22697,3777,4553
7953,1359,1743
1499,271,293
1888,336,426
5668,936,1134
4541,759,938
5665,934,1244
8182,1325,1693
13541,2208,2795
2100,379,496
3451,596,774
2755,476,603
3529,593,827
2125,377,471
6180,1078,1282
20823,3545,4481
20541,3527,4379
27548,4450,5282
5507,921,1123
10817,1880,2329
17983,3013,4005
1551,274,335
18429,3156,4044
14385,2536,3105
20364,3592,4376
12634,2220,2843
13046,2182,2592
7603,1266,1569
3316,535,657
2458,420,533
3318,552,739
28606,4861,6607
1958,334,423
4984,881,1097
11083,1926,2459
11841,1935,2533
4929,805,950
2499,408,504
4503,796,1072
7340,1208,1525
14346,2444,2986
16174,2691,3180
71711,11725,14881
4280,697,918
20312,3581,4503
9603,1669,2137
14345,2485,3189
17953,3108,3900
28243,4818,6107
4666,813,1069
40842,7042,8905
2469,430,516
5099,871,1090
24990,4223,5413
23981,3953,5006
21305,3625,4898
5950,1035,1282
22612,4005,5471
13772,2298,2980
25687,4488,5802
12045,2001,2416
8911,1485,1826
3045,533,686
11598,1934,2591
20221,3627,4437
9666,1620,1988
25631,4464,5310
12304,2081,2640
37406,6349,7891
6291,964,1408
4910,855,1087
20219,3183,4032
6407,1045,1253
10314,1808,2383
16411,2812,3548
34385,6105,7815
764,128,165
2476,419,561
3471,608,819
9425,1569,1958
1216,209,265
957,166,229
1577,264,325
8820,1432,1720
31945,5324,6663
1895,291,393
942,156,225
21659,3573,4644
1695,295,382
2526,429,560
13064,2197,2803
17065,2879,3769
4011,713,930
9746,1638,2158
2391,415,548
1505,252,351
1933,341,436
1189,209,288
1859,335,426
3873,643,883
907,160,211
1332,229,305
649,104,130
24872,4328,5746
13982,2446,3268
25828,4308,5242
18505,3056,3632
8009,1368,1705
12887,2156,2572
2631,439,530
13251,2296,2812
3451,607,837
8666,1442,1911
30326,5134,6301
11618,1942,2373
12944,2278,2800
44702,7628,9866
62732,10350,12746
17911,3162,4048
25255,4541,5593
11984,2061,2627
5650,967,1185
4972,857,1112
2040,350,422
1523,260,320
2371,375,526
990,167,217
3439,576,732
22389,3707,4571
9887,1742,2481
46026,7998,10041
21029,3721,4536
10537,1811,2417
6844,1143,1365
2148,367,482
88885,15034,19145
15422,2585,3249
6101,1034,1229
3616,613,837
3855,650,911
2578,440,553
3380,535,683
7570,1295,1620
3271,555,749
1907,314,382
3482,577,750
3950,663,791
5957,1073,1276
21443,3607,4307
13843,2253,2816
8788,1474,1768
3107,525,612
9349,1594,2255
2293,387,513
5610,1055,1296
11560,1975,2838
25600,4261,5572
27429,4682,5708
6358,1034,1348
5595,951,1151
29309,5072,6101
1193,206,271
10728,1777,2412
5105,832,1061
4705,818,1071
7125,1217,1572
9213,1589,2084
5189,852,1177
6656,1139,1470
9541,1656,2108
8252,1364,1795
16021,2683,3278
7009,1202,1575
119408,19839,24729
5005,837,1069
8256,1375,1759
7583,1295,1633
7096,1176,1457
3877,675,813
5853,985,1322
3028,509,631
11397,1810,2295
1897,321,409
2650,471,580
2407,410,516
1505,258,312
2267,394,528
6571,1108,1476
2264,390,473
6242,1013,1281
52612,8843,10966
8877,1488,1852
2401,410,518
2083,349,463
9734,1622,2254
9395,1614,2034
6505,1130,1412
5769,1000,1324
30087,5125,6408
10986,1845,2306
10750,1896,2348
2705,478,604
1769,310,403
5853,963,1345
10290,1731,2211
6613,1113,1385
10206,1754,2260
7885,1389,1675
6739,1114,1464
4385,763,930
4908,845,1050
3548,628,759
1504,261,309
33253,5740,6969
11426,1946,2486
17867,3089,3582
71839,12172,15641
51373,8524,11259
4343,697,842
2924,482,571
3017,515,609
6723,1155,1394
2992,497,618
12242,2179,2866
3821,646,861
9599,1619,2039
9228,1536,1944
13736,2311,2779
19141,3171,4092
7340,1268,1652
10184,1753,2312
7094,1178,1464
8727,1408,1695
22723,3836,4893
17621,3016,3683
1725,292,381
2951,513,647
1844,304,387
1742,286,361
4799,823,1004
6349,1027,1353
15888,2806,3489
8252,1399,1729
2773,473,613
5744,948,1240
2743,489,602
4275,734,861
15060,2583,3321
3646,592,744
24168,4139,5169
6405,1093,1392
2384,396,487
1941,314,406
6953,1200,1567
3985,702,867
1285,215,271
2179,378,501
2582,457,525
2113,360,487
2623,473,581
3579,588,760
6913,1189,1447
4438,753,953
10307,1635,2244
19662,3272,4076
4489,759,940
7903,1341,1701
4209,730,890
2081,351,432
653,115,145
19473,3311,4432
9729,1576,1968
4214,781,942
5863,997,1225
5119,863,1102
16190,2796,3565
3487,585,719
4764,822,1080
29669,5263,6854
2097,384,491
5734,991,1181
2578,453,616
4098,715,905
2159,395,502
10876,1752,2327
7891,1367,1741
2549,449,563
2410,431,530
4710,783,983
3794,671,832
7087,1192,1544
11602,1983,2396
2223,374,535
5949,1008,1343
1896,311,417
11507,1939,2555
3156,531,742
18079,3068,3734
3247,564,780
5936,1050,1259
8744,1490,1852
10853,1823,2284
4669,770,1012
3436,582,770
8262,1382,1710
263,44,54
1646,290,388
11051,1852,2358
6365,1120,1408
13089,2282,2958
31789,5358,6563
8714,1509,1908
55600,9388,12430
24016,3943,5297
19980,3427,4449
3381,563,692
5969,950,1503
1537,267,338
3244,551,699
28159,4747,6180
3715,597,754
1411,232,304
10191,1682,2179
612,102,140
12878,2127,2770
10508,1736,2075
3177,547,701
6885,1129,1440
17437,3032,3951
19183,3341,4248
8079,1330,1669
1515,258,354
10399,1731,2158
11713,2008,2415
9620,1626,2031
44787,7853,9606
35180,5821,7402
4161,732,969
9198,1561,1933
3750,632,783
4503,775,931
4247,747,1005
10072,1707,2107
24074,4142,5339
2608,439,589
18544,3173,3841
8921,1492,1983
3206,522,654
2851,490,592
1600,275,357
5741,985,1242
2329,391,478
4705,822,1053
36817,6226,7620
2184,364,440
3112,542,746
3703,618,773
7235,1229,1612
6289,1063,1494
34226,6028,7213
19841,3333,4164
10600,1919,2655
8806,1543,1958
14671,2489,3051
10264,1754,2502
4400,759,930
22916,3993,5005
7304,1289,1869
14775,2499,3097
1867,314,412
3729,641,835
30756,5087,6387
3335,571,718
12226,2090,2658
16389,2954,3956
10394,1759,2331
1714,306,402
3632,624,770
16044,2732,3210
7212,1192,1518
2809,497,677
3325,545,668
5246,908,1141
16028,2767,3446
8946,1558,1912
5101,882,1193
3172,559,712
2969,519,723
6828,1157,1544
12424,2207,2811
11233,1968,2482
7809,1288,1618
8361,1382,1735
7290,1176,1541
21053,3587,5046
21219,3680,4756
4592,802,1002
5135,889,1107
5944,1056,1377
6496,1106,1460
3628,612,752
2699,457,616
24,5,8
52576,9384,11726
1448,244,293
11110,1897,2570
20162,3489,4337
2698,468,620
928,152,188
4402,781,1010
4218,694,847
2369,415,574
2854,502,618
3611,625,765
36788,6208,7622
8540,1481,1937
7439,1308,1626
2873,510,654
8513,1462,1888
15102,2572,3635
21139,3546,4268
7686,1302,1667
15412,2608,3348
57824,9274,11804
4481,789,1038
18907,3195,4018
6361,1103,1358
8103,1402,1775
8217,1463,1853
2152,355,480
7205,1253,1633
2441,413,577
5568,947,1197
21015,3597,4673
4629,788,948
8460,1445,1817
3915,651,823
3812,641,822
14245,2382,2941
10889,1804,2311
3530,609,738
14157,2408,3205
32852,5435,6729
11111,1818,2120
1327,233,271
1835,318,389
6630,1148,1556
3621,596,761
5255,822,1109
1343,242,310
3262,551,721
6363,1117,1421
2398,422,511
2959,495,640
23025,4133,5206
12361,2076,2674
7431,1242,1599
2394,424,514
6076,1037,1333
9187,1571,1915
3466,607,815
8003,1393,1788
8998,1580,2054
9560,1650,2229
44776,7660,9454
11778,2080,2830
919,158,198
10828,1750,2213
10257,1739,2251
17838,2980,3774
2294,407,487
12533,2168,2776
3350,556,692
6122,1036,1301
2584,427,523
28745,4664,5858
13917,2392,2912
3162,515,708
3228,554,674
4691,764,899
1674,290,375
19134,3360,4140
52013,8622,10981
2769,458,574
4389,698,834
10189,1751,2325
3481,578,721
3661,626,760
7343,1197,1475
6367,1073,1347
2091,347,423
9223,1561,1909
6358,1057,1305
15967,2675,3477
10574,1746,2188
59161,9941,12601
4469,720,997
2108,357,495
5632,992,1258
5509,925,1182
5684,924,1214
9040,1516,1890
14121,2332,3056
2719,476,624
9284,1503,1818
10016,1750,2142
1512,265,352
44298,7368,9266
16317,2849,3800
20805,3616,4328
14839,2359,3106
110821,18434,22506
3633,562,753
5648,968,1275
17188,2945,3618
27089,4571,5975
6979,1191,1495
3765,621,792
22036,3791,4485
17257,2831,3570
29622,5280,6416
36313,5914,7322
23473,3905,4932
2223,391,500
8753,1449,1717
22553,3903,4841
13730,2291,2945
12482,2131,2626
12344,2111,2752
10793,1895,2388
19087,3264,4234
30508,5194,6387
47518,8067,9730
3970,675,873
7950,1378,1902
95701,16390,20603
4539,770,945
9574,1552,2120
4632,788,978
4024,699,878
4294,744,953
24719,4203,5319
5406,968,1217
4047,671,883
13873,2306,2854
3620,642,743
2198,380,488
6303,1068,1377
5247,922,1179
10960,1864,2310
5157,828,1049
33937,5546,7319
32025,5469,6786
6651,1177,1373
8067,1351,1704
4337,750,981
10273,1850,2293
7818,1361,1919
1023,167,213
43995,7550,9268
8429,1478,1799
3854,654,808
5109,869,1126
10647,1799,2151
15388,2609,3324
3553,617,810
10347,1777,2392
5115,873,1135
2327,378,483
10544,1826,2246
3435,534,677
2914,507,695
27127,4633,5872
4705,819,988
12853,2243,2965
1779,307,390
49665,7955,9697
2612,460,554
5885,961,1184
832,149,186
4722,795,1055
3432,598,732
2119,357,498
2317,394,497
8962,1460,1823
3246,532,649
38342,6361,7953
9143,1518,1963
2552,419,587
4102,700,906
2204,366,504
3164,541,665
5527,887,1056
20487,3565,4410
11352,1989,2592
9089,1550,1947
3403,578,724
8938,1583,1977
5286,906,1100
4876,822,1040
51150,9000,11871
6224,1085,1437
3120,562,701
13593,2301,2745
5014,890,1039
2108,362,429
9686,1641,2068
14128,2444,3024
7181,1222,1526
2598,438,532
5045,871,1145
7069,1175,1466
6211,1103,1410
4577,784,1029
78445,13536,16534
8774,1460,1866
14808,2453,3172
24106,4159,4856
8287,1382,1698
3368,620,747
16240,2799,3627
15373,2605,3327
4568,820,1008
16781,2877,3618
1638,283,358
27953,4724,5829
3870,697,893
2897,500,685
1001,172,219
985,168,216
1859,308,436
1984,321,417
14023,2380,2986
4234,738,947
13504,2340,3091
10448,1801,2291
16068,2818,3590
6435,1124,1439
1560,261,328
3237,552,757
27873,4795,6203
2777,450,562
2216,378,535
2020,344,437
5362,946,1235
2700,436,555
17461,2839,3454
13764,2389,3038
9862,1740,2218
2589,425,530
1173,202,244
20823,3547,4323
1737,286,323
3591,597,727
27131,4576,5910
2906,511,570
5513,914,1105
24830,4022,4904
9330,1671,2138
2567,404,536
19429,3242,3878
2851,469,609
2501,398,470
10852,1753,2131
1903,319,414
2736,428,548
8166,1414,1726
3919,677,826
4814,843,1035
15061,2630,3472
3651,594,749
5223,927,1231
9133,1546,2080
6083,1082,1336
3852,663,842
18776,3133,3953
13372,2255,2858
1557,246,330
2417,412,526
1096,186,278
22624,3586,4321
3801,621,779
4817,838,1166
2166,365,479
1772,303,394
10712,1840,2316
21020,3565,4719
653,113,143
1111,194,255
10307,1783,2293
1029,170,228
2338,405,506
2407,408,470
1234,209,256
634,96,136
6109,957,1359
608,103,134
2468,408,506
11202,1933,2421
12751,2182,2746
8635,1499,1888
7244,1148,1475
8345,1462,1835
12134,2189,2722
4016,689,898
2444,413,496
2586,425,577
7425,1225,1654
4841,792,925
2329,390,478
5192,885,1074
3249,537,640
2086,359,439
1393,229,272
3054,537,638
4349,766,978
2854,492,638
1932,341,457
3027,519,636
1708,278,376
7830,1321,1670
11415,1993,2562
928,160,225
6190,1066,1357
45267,7893,9932
8795,1501,1812
570,97,118
8167,1412,1738
10798,1848,2493
14270,2433,3035
3821,656,769
29111,5052,5981
416,68,85
1622,273,346
744,123,150
18041,3001,3650
12809,2149,2755
11852,2061,2755
2097,363,496
16506,2706,3195
7853,1318,1740
4464,732,1053
5954,1019,1253
5776,984,1287
1056,181,225
1921,349,418
4882,847,974
3784,654,888
10230,1668,2148
12478,2135,2969
11601,1910,2271
889,146,184
55513,9247,11243
7312,1164,1532
6501,1105,1552
1097,188,233
1745,305,385
21521,3737,4734
9712,1655,2241
5697,983,1338
8096,1310,1682
889,150,200
689,119,141
524,93,132
20278,3491,4455
3391,532,715
1654,287,370
9544,1651,2136
2550,437,579
3769,650,890
1174,196,281
4750,797,1018
7565,1294,1651
8754,1521,1932
7679,1341,1663
7517,1316,1648
25399,4412,5595
24917,4334,5293
50639,8255,10157
34032,5555,6686
14249,2472,3011
26098,4491,5755
32217,5357,6622
20337,3411,4364
18263,3089,3763
2727,484,619
2711,472,652
2513,418,571
1621,270,363
2337,394,526
3743,629,794
2693,435,533
1687,279,334
3399,578,684
2071,362,465
2319,409,505
6329,1083,1359
16262,2711,3297
9927,1688,2153
10758,1758,2222
10183,1727,2350
31778,5531,6968
15901,2731,3676
7632,1314,1871
7832,1373,1738
35048,5896,6827
11215,1873,2298
7306,1242,1539
6225,1043,1404
6422,1119,1390
1509,258,342
12950,2015,2475
2576,419,532
23117,3962,4748
9986,1693,2116
1647,281,342
4851,845,1102
6642,1114,1358
17640,2850,3450
2980,496,599
14077,2362,2995
6230,1022,1232
37978,6276,7493
2753,488,661
2181,370,520
6275,1074,1278
2395,408,479
2864,490,611
4743,798,1016
9063,1517,1867
3280,535,694
2365,389,465
16405,2766,3610
4690,791,1017
4775,808,1006
3023,499,616
2027,320,380
6901,1134,1385
2996,503,634
1323,227,310
958,166,216
2540,439,527
17146,2972,3577
5475,918,1124
6910,1183,1547
8879,1551,2040
15820,2704,3419
5310,904,1244
6367,1099,1336
1503,255,309
10852,1795,2229
40237,7052,9642
17305,2884,3649
1322,222,284
8995,1577,2072
2630,451,575
1103,181,252
10378,1800,2283
4392,735,895
3110,531,661
2388,425,511
38629,6715,8630
1269,199,268
4084,663,864
3364,596,740
17667,2930,3657
16667,2721,3490
14664,2477,3163
58,9,19
1283,219,310
2020,324,386
239,41,47
17728,2862,3533
3468,577,761
39915,6222,8193
7113,1239,1529
5817,982,1485
15016,2552,3068
6940,1191,1524
8135,1255,1531
22066,3798,4925
59130,10324,13435
8020,1297,1508
29605,5037,6398
29534,4879,5976
48699,8432,10728
11725,1964,2535
7192,1223,1600
3111,534,627
1069,176,215
922,149,208
2218,365,434
1994,340,423
8678,1515,1975
7781,1322,1682
48457,8381,9928
4225,697,847
4904,828,1064
4590,751,993
4781,781,1043
6174,1092,1374
7529,1269,1641
2203,360,449
4194,732,1040
2299,372,499
5665,986,1220
1846,316,432
2914,501,628
1716,288,357
21869,3699,4477
6901,1158,1427
10371,1749,2216
1522,272,340
337,59,76
19193,3200,3954
2932,512,609
2033,344,450
2479,431,554
5126,864,1061
4077,684,785
12456,2147,2828
9349,1617,2009
7340,1294,1581
14457,2514,3193
8951,1450,1807
1541,263,332
3232,545,716
1776,304,364
3265,547,685
4024,686,820
769,128,159
18328,3138,4174
12052,2017,2552
4811,834,1059
7022,1236,1531
13163,2193,2782
7813,1330,1703
5523,930,1153
3673,650,793
3012,484,615
1159,200,261
20523,3372,4426
25596,4469,5245
1187,217,258
2732,463,543
14384,2402,3016
3407,532,693
8806,1451,1886
3906,681,893
1356,226,288
2418,410,515
11981,2003,2412
5919,981,1291
2288,394,500
10092,1760,2225
1649,275,370
2676,460,604
39588,6675,8910
1091,190,247
3963,673,836
5219,913,1219
10685,1772,2241
3160,520,669
3456,584,751
19985,3427,4346
5988,1005,1264
2383,387,454
17901,3097,3767
5559,964,1220
1743,295,433
1828,300,396
16658,2885,3862
2890,505,641
1279,216,280
3084,484,618
2169,368,454
6515,1047,1349
3406,567,734
2083,355,414
10411,1770,2180
17422,2866,3509
28341,5027,5975
805,148,203
2292,381,520
16612,2909,3950
12365,2067,2667
3357,543,737
3097,535,680
10001,1668,2082
17881,3058,3755
17268,3004,3765
805,140,191
18000,2985,3740
8863,1580,2018
15796,2676,3367
10836,1881,2478
3133,555,723
7241,1177,1467
4230,709,1002
1748,297,429
12853,2180,2776
6976,1214,1469
10022,1731,2221
6359,1071,1313
10604,1850,2376
43518,7554,9303
6865,1181,1343
16593,2835,3342
12241,1991,2407
14124,2334,3148
11049,1885,2267
3352,598,754
1796,287,348
1834,291,363
1499,269,358
15876,2589,3108
8645,1514,1846
17585,2910,3766
27599,4604,5509
20726,3569,4333
15143,2475,3077
31248,5413,6589
4928,835,1108
6289,1070,1347
3369,590,823
2200,366,486
4972,821,1069
8620,1507,2052
4795,807,1035
2726,451,586
22628,3896,4900
7341,1189,1500
23838,4140,5108
1409,235,323
2900,491,565
3632,605,811
1621,271,330
3347,560,649
1538,245,319
18678,3252,4276
12897,2178,2739
2975,523,710
2798,467,572
1593,266,332
70428,11798,14681
4688,798,984
2588,430,535
2078,357,415
1868,326,457
3197,523,703
4949,839,1038
3043,521,756
3743,610,813
21769,3694,4754
24458,4033,4998
7559,1304,1628
1763,303,423
3169,543,709
2775,491,597
1212,218,256
15549,2649,3272
3225,542,724
32028,5380,6949
5686,951,1160
11827,1913,2327
6660,1125,1486
4652,777,1026
5230,908,1197
8931,1519,1789
2689,469,574
3529,594,797
3092,524,628
7205,1208,1503
6065,1044,1371
14746,2599,3433
2815,514,593
17102,2922,3740
5074,876,1125
5318,893,1210
4675,790,1006
2701,457,592
3727,645,815
19304,3304,4219
21917,3682,4567
12550,2107,2747
2084,352,441
1599,274,316
1666,296,371
7462,1256,1518
2172,389,484
2633,445,563
4295,718,905
1755,285,392
3527,605,749
3203,549,706
8171,1399,1766
26347,4438,5388
2214,355,477
6717,1138,1486
42852,7220,8849
2533,430,568
5027,859,1087
11074,1841,2388
4069,676,844
1987,341,452
3787,584,734
8394,1430,1835
1947,355,425
2006,347,427
3196,531,714
2007,351,411
1918,332,433
71919,12054,14882
8883,1520,2123
33855,5597,7274
6297,1026,1288
4771,807,1120
4644,779,1041
22260,3773,4589
7457,1206,1529
3612,600,850
2577,433,529
3152,531,689
11654,1963,2393
2963,499,688
9096,1576,2013
6347,1050,1314
12039,2109,2534
10632,1829,2385
1866,303,390
10561,1794,2299
4840,779,1057
14694,2547,3035
3043,516,611
14021,2276,2795
3772,676,850
970,152,210
5764,982,1229
30597,5281,6720
486,75,108
1603,264,344
2188,387,487
3104,515,649
11228,1906,2388
5000,799,990
4493,776,998
5223,897,1154
14127,2313,2730
3314,578,728
2425,406,519
1772,300,387
9721,1647,1975
838,143,193
6887,1180,1568
2001,344,418
735,119,156
2649,475,568
16521,2564,3240
2052,348,465
14457,2483,3075
6775,1063,1514
17419,2893,3589
2097,340,448
2973,504,651
3728,643,799
10576,1786,2040
3062,512,726
13152,2269,3118
27986,4849,6102
7599,1224,1497
10667,1862,2299
6920,1153,1521
23035,3832,4884
6385,1100,1455
831,143,201
29692,4903,6195
5172,839,1063
5193,901,1212
4669,658,910
14983,2571,3256
5366,887,1128
5800,1020,1275
160435,24889,33241
4085,689,1072
2664,440,562
1195,215,279
465,79,93
2774,491,601
2306,390,507
13390,2265,2891
2181,361,422
709,115,160
2160,383,450
1730,305,384
1590,277,352
14151,2468,3084
3629,620,794
14023,2470,3087
3960,679,878
54574,8852,11385
4961,882,1066
1309,222,322
27393,4542,5825
15246,2684,3461
23851,4144,4988
1560,265,347
3319,573,672
3972,705,855
1824,321,388
1598,262,368
3077,499,624
11637,1874,2224
2255,380,473
18048,2990,3810
19443,3321,4131
4610,763,954
6675,1168,1451
7039,1223,1503
15860,2584,3269
7759,1325,1580
8489,1400,1837
10476,1733,2168
16664,2908,3810
7419,1265,1681
19982,3375,3994
2564,423,532
6440,1129,1331
7122,1271,1583
20477,3334,3919
688,109,149
2739,430,550
725,122,157
5049,872,1065
40854,6709,8289
32261,5542,7077
6247,1040,1341
4522,774,964
1392,225,377
522121,90410,110951
10451,1792,2183
3715,624,795
230141,38132,47706
4723,797,968
12412,2127,2684
5424,973,1166
9562,1652,2194
7515,1245,1552
19761,3321,4128
22802,3848,4875
7163,1217,1659
14754,2609,3194
9076,1515,1993
2821,482,634
12445,2134,2665
21576,3758,5166
12641,2159,2793
2818,473,602
8698,1449,1827
15250,2541,3204
2666,441,565
92468,14233,22000
16011,2679,3329
3956,684,808
5625,967,1211
8258,1344,1739
11029,1889,2456
59044,9804,12256
38596,6243,7961
2831,472,620
14524,2443,3076
9275,1553,1972
1454,240,293
1294,229,322
7526,1246,1560
21275,3526,4368
2534,458,597
2215,366,463
16642,2777,3737
6440,1140,1456
13918,2409,3017
13274,2180,2860
3038,522,604
3346,568,695
9647,1597,2037
5279,872,1094
4387,768,999
15328,2641,3382
6118,1052,1289
5533,943,1138
2229,375,466
1792,308,393
1722,297,345
15173,2475,3127
13238,2229,2579
20935,3595,4385
3415,575,733
1978,336,453
2353,409,519
23243,3866,5105
9317,1605,1874
20071,3446,4233
9497,1550,1979
70066,11786,14676
3612,654,817
1447,241,304
9213,1562,1976
943,161,207
662,113,156
1834,314,379
1244,217,267
8695,1462,1795
15449,2613,3222
2228,371,487
5830,910,1151
2301,362,496
7821,1284,1574
3013,528,657
18223,3286,4146
1106,182,214
4599,769,958
2187,383,490
892,159,205
1326,230,286
17245,3014,3833
2788,461,622
19370,3259,4137
16049,2715,3519
2793,464,567
24853,4283,5327
56584,9732,12593
3264,554,793
5814,983,1239
4107,681,889
3848,653,824
63583,10961,13592
2767,455,550
1247,211,280
744,129,171
4430,720,917
1047,178,218
1755,308,384
3158,544,726
2597,435,507
12733,2194,2902
1408,247,320
5210,902,1243
4135,712,937
1593,282,362
8349,1442,1941
2125,365,488
10255,1785,2273
5528,977,1246
10428,1802,2321
24327,4032,4919
5897,1018,1289
11947,2031,2680
12616,2220,2925
17086,2861,3772
2189,391,480
34020,5940,7510
1956,356,450
971,178,231
2334,389,474
836,146,197
13587,2307,2911
2030,347,462
14105,2429,2951
21862,3665,4383
16474,2837,3553
9166,1635,2101
18102,3131,4033
16003,2751,3528
22935,3801,4670
1766,299,419
3020,514,678
1215,197,278
4114,712,954
9648,1560,2027
18511,3185,4049
52309,8539,10512
2556,430,536
58977,10207,13167
2899,490,626
485,84,124
1767,304,389
4077,698,889
4759,792,1037
5769,953,1171
7583,1387,1676
1459,257,338
107002,17576,22501
1994,330,445
14870,2561,3262
16609,2932,3918
58019,9961,12371
4416,756,1037
1339,237,313
3330,565,740
22539,3742,5118
11663,1984,2469
20437,3333,4156
4707,841,1055
2976,497,634
7983,1324,1759
3256,555,722
8587,1518,1922
824,145,171
4024,708,940
4969,847,1108
4695,833,1051
4343,760,981
4142,729,888
7108,1228,1500
7070,1173,1517
3268,561,746
6246,1060,1399
4810,831,1046
1876,317,428
4111,693,909
4407,792,1090
10141,1762,2368
3058,514,596
652,122,161
3568,550,687
4990,801,1022
1498,271,349
23068,3856,4802
4036,643,798
11118,1959,2406
2674,456,594
7575,1305,1733
22585,3723,4475
23909,4248,5436
8214,1370,1694
2803,493,586
4630,831,1111
7455,1223,1628
886,159,197
644,113,149
1946,328,421
16465,2752,3644
1721,283,343
1848,310,374
1928,322,429
5785,1011,1292
3077,495,654
15152,2630,3369
3297,546,691
6247,1069,1399
1772,295,381
3682,611,758
2741,453,536
3802,648,1015
902,157,217
11761,1969,2543
18467,3146,3902
3424,603,778
1791,300,370
52206,8447,10211
2811,499,603
16664,2624,3551
6997,1156,1582
2378,426,559
8682,1475,1899
7169,1223,1545
1651,295,348
2078,358,421
3403,579,764
3387,577,714
4470,733,935
3258,539,639
9711,1661,2417
30002,5146,6321
1641,275,359
7168,1193,1512
4355,757,1005
9419,1574,1992
18307,2870,3723
672,117,179
19994,3503,4310
8939,1547,2000
15481,2554,3325
20281,3462,4311
1029,178,259
3067,530,643
3744,626,778
43299,7746,9757
2332,412,498
10101,1681,2109
4893,865,1005
2139,354,420
8807,1566,2018
857,139,183
4937,835,1063
1789,298,371
7453,1311,1592
13652,2400,3026
4386,744,933
15818,2637,3260
4751,769,891
3887,681,861
22925,3967,4966
2385,418,500
3229,529,672
2923,452,541
5863,961,1285
3961,656,814
18282,3177,4085
3743,657,849
1458,248,289
3680,606,732
5706,964,1200
1806,313,404
2980,505,621
24753,4252,5333
28979,4908,6115
6338,1029,1201
6077,1107,1428
8094,1403,1674
10396,1750,2326
3354,581,771
13906,2355,2960
3411,568,723
6233,1088,1310
3176,567,712
5602,970,1288
13954,2336,2827
1275,226,286
22448,3848,4914
7999,1341,1857
7450,1255,1517
20005,3576,4500
2708,471,592
21703,3700,5161
15244,2627,3147
34603,5761,7325
3231,548,664
980,174,200
2445,418,538
9485,1651,2100
12277,2098,2639
3440,588,723
499,85,107
36058,6326,7763
15554,2552,3241
10124,1688,2107
9337,1528,1907
9050,1475,2031
9288,1540,2108
4160,690,811
9235,1532,1928
2300,409,506
3902,660,854
7497,1266,1580
15449,2531,3139
9899,1638,2043
6977,1134,1376
18116,3117,3765
53228,8791,10749
16034,2717,3476
8449,1429,1953
4850,850,1058
11348,1978,2555
582,99,137
23578,3913,4945
2139,359,441
2067,351,477
2411,415,539
3317,604,751
6891,1158,1414
4374,738,885
497,80,116
3304,555,686
27963,4502,5703
2835,513,600
9534,1505,1835
2691,446,556
8651,1471,1942
21198,3534,4789
5712,978,1250
29598,5162,6698
15254,2577,3255
9394,1579,2032
10952,1927,2525
7779,1357,1723
18550,3167,4291
14566,2524,3117
5233,868,1076
2791,486,625
6694,1086,1375
2153,357,432
1212,212,255
1394,242,292
65858,10970,13276
7338,1231,1488
18034,3114,4093
2122,374,543
29345,5018,6299
4962,768,1031
21381,3648,4610
13281,2282,2964
4952,852,1087
3463,614,708
3344,560,688
6223,1062,1274
2795,484,569
4060,713,911
15483,2744,3570
18455,3167,3813
540,84,116
2550,431,549
27481,4687,5769
4990,841,1139
5481,912,1104
4676,794,978
17743,2791,3407
3286,560,788
2214,361,517
1869,317,403
26758,4485,5544
10423,1715,2120
28460,4711,6319
3371,562,723
886,156,177
1062,182,216
17136,3050,3669
4107,705,907
5743,996,1238
26622,4492,5493
10512,1650,2362
2087,373,521
8483,1434,1842
1341,229,312
4527,773,988
1688,281,323
2517,421,547
5133,851,1063
26595,4626,5747
2430,417,513
9009,1585,1949
9085,1587,2124
1943,320,418
988,164,218
7209,1245,1564
2770,455,545
3547,590,709
3325,543,687
3003,526,635
5521,894,1201
4145,724,899
5106,868,1183
7705,1373,1717
27980,4848,6042
5159,875,1173
9359,1649,2075
3495,604,767
1108,192,239
10514,1812,2193
14157,2431,3284
14603,2456,3134
13457,2345,2897
4516,781,970
41464,7029,8966
5216,883,1117
817,138,192
1362,242,279
865,149,211
1322,220,299
349,63,88
72936,12068,15357
8833,1532,1912
965,169,209
3907,684,812
1652,278,358
4261,701,859
1820,305,386
6856,1190,1516
1896,343,408
3651,612,781
4056,670,795
2165,344,439
43336,7369,9317
4448,763,1064
2676,434,553
4606,810,1127
547,101,128
17803,3091,4004
3648,615,792
10469,1791,2327
19149,3191,3857
2180,373,505
2840,478,604
1564,267,327
3010,515,690
2714,445,587
4636,798,1012
4414,707,924
40507,6993,9280
453,82,120
12591,2147,2665
8457,1393,1711
24528,4101,5204
13292,2238,2687
6672,1133,1438
4027,682,826
16116,2658,3087
12544,2037,2667
11709,1969,2383
13169,2273,2836
11777,2069,2521
4506,755,949
23905,3919,4948
64755,10950,13656
14618,2349,3349
11880,2061,2581
11492,1935,2371
8030,1412,1822
1040,172,253
2464,429,607
40659,7171,9151
2759,466,622
1884,314,381
1811,294,376
5111,869,1072
5033,838,1082
1617,266,375
2731,468,522
5072,867,1161
5935,1009,1349
4647,799,1002
738,131,203
5701,973,1255
10010,1638,2083
4422,716,871
11023,1779,2283
11195,1891,2397
4648,767,958
3614,603,756
2322,380,470
6422,1083,1373
53526,9204,11763
33361,5743,7105
29215,4892,6102
13978,2390,3034
11608,2009,2630
5300,900,1088
386,68,90
2234,369,494
4699,798,990
15118,2483,3195
8412,1390,1822
4029,711,923
1401,243,284
18803,3134,4060
40814,6844,8366
45999,7833,9490
4171,706,1012
2318,391,466
4132,712,972
2356,428,516
53882,9135,10633
10059,1629,2054
53899,9146,10656
13629,2344,2883
3708,633,744
3388,583,716
1268,203,266
5021,858,1046
23825,4159,5335
6078,1027,1306
6604,1122,1395
20730,3466,4550
13174,2229,2733
8055,1427,1688
8444,1403,1709
14510,2554,3188
8180,1411,1671
1750,299,399
24143,4162,5637
3693,645,813
2326,398,527
10617,1744,2226
4554,760,958
1911,313,419
13658,2319,2927
9154,1501,1853
5064,874,1092
9241,1645,2119
11016,1775,2420
38841,6734,8657
3829,624,730
4370,711,889
12043,2066,2402
65220,11084,14587
21085,3539,4186
2389,423,526
9777,1608,2004
4136,717,909
6237,1032,1281
10311,1756,2062
9988,1744,2157
19764,3508,4254
4251,708,939
2355,388,475
12635,2094,2567
2364,410,512
1837,308,382
5625,911,1134
10454,1819,2318
2886,478,626
3887,674,916
1401,238,327
13782,2270,2888
2667,439,554
37024,6426,7988
3910,675,796
21649,3783,5140
1962,322,405
7197,1235,1471
9421,1608,2048
29278,4977,6253
13248,2278,3057
8000,1372,1769
5002,851,1072
2643,448,560
4966,860,1077
7712,1325,1729
5280,910,1176
5520,938,1136
7046,1218,1491
6144,1056,1332
12836,2154,2667
50105,8661,10622
6403,1079,1341
6741,1117,1388
1790,309,442
14633,2550,3582
3900,635,772
7790,1291,1665
1585,273,340
1867,324,386
5420,895,1115
53973,8654,10543
4023,688,911
8392,1360,1931
2689,465,605
9880,1726,2135
6683,1178,1432
10404,1778,2299
2664,455,562
9284,1624,2198
2211,384,530
5171,869,1089
2054,340,472
3535,605,780
1651,271,330
3156,544,736
3339,571,699
2579,442,631
8191,1396,1815
1915,319,401
3511,594,757
3157,532,661
6746,1154,1416
20404,3539,4648
4557,762,1031
11211,1934,2369
8202,1325,1640
4647,736,923
21919,3694,4578
19224,3243,4836
7205,1263,1606
5495,962,1192
5428,941,1225
19214,3196,3990
1503,255,326
15644,2546,3310
16492,2887,3625
17148,3024,3992
15089,2572,3013
26231,4844,6743
73556,11822,14319
45462,7850,10008
17018,2823,3519
4551,756,894
2746,468,598
15181,2580,3632
37937,6652,8585
14574,2624,3188
7889,1334,1638
57485,9803,12742
17848,3018,4135
23439,4005,5196
3040,509,644
2204,376,525
4251,738,840
7942,1364,1715
2126,360,445
3416,573,695
3990,679,894
9856,1709,2197
2951,493,617
2955,522,636
14083,2484,2937
4547,757,952
6438,1039,1304
21129,3598,4363
7860,1333,1611
3096,525,705
3537,628,790
37959,6506,8170
20044,3432,4281
3581,639,761
2249,372,515
46481,7757,9931
7886,1310,1744
5384,895,1093
5279,919,1142
20026,3398,4405
9411,1558,2052
3721,596,809
12096,2153,2625
4600,777,1015
22837,3962,5258
4487,731,935
20624,3630,4655
2199,381,441
7919,1371,1702
59364,10187,12896
16613,2960,3689
4749,814,985
2550,414,510
7208,1213,1499
15627,2593,3550
4938,839,1143
13365,2278,2928
2305,396,507
16092,2753,3501
39551,7027,8904
19605,3300,4176
20871,3600,4440
12652,2210,2859
76153,13097,16360
12309,1990,2312
5141,875,1164
18869,3309,4108
8975,1541,1923
7480,1239,1637
6071,1008,1382
13014,2205,2748
4519,742,1017
19084,3348,4167
10670,1784,2171
20123,3467,4539
9923,1703,2114
7209,1228,1648
26965,4490,5384
5953,1011,1246
20423,3526,4505
8176,1426,1640
7500,1254,1592
6419,1061,1273
2937,520,629
4111,706,875
2656,469,584
6745,1131,1414
23541,3966,5022
6981,1176,1463
11355,1929,2503
9132,1505,1839
8265,1337,1741
15743,2720,3351
5550,949,1218
5804,962,1200
12550,2137,2547
7050,1145,1457
8821,1508,1824
16724,2863,3761
1669,265,372
25922,4247,5770
31142,5111,6626
5852,970,1173
13938,2340,2845
9808,1766,2306
24059,4157,4975
3269,561,699
5027,812,1089
38931,6449,8612
10875,1828,2380
16613,2805,3420
1389,227,311
7548,1256,1679
1655,285,370
5018,854,1059
4597,796,1000
29214,5007,6183
16746,2895,3663
1482,255,359
6150,1031,1281
1878,318,380
4562,760,961
15399,2575,3551
759,128,179
8115,1347,1855
2203,374,513
29177,5001,6312
9433,1574,2002
27240,4562,5994
28053,4825,6345
4043,654,825
17084,2919,3747
13867,2435,3239
18428,3147,4191
7028,1272,1621
26302,4213,5559
34214,5981,7723
859,152,198
13961,2401,2945
3464,605,856
36759,6112,7625
6104,974,1219
3864,661,823
573,101,139
1733,298,427
1553,279,319
3801,675,806
13609,2219,2917
197,39,58
1181,203,276
3048,509,676
1717,283,365
2242,362,462
7483,1276,1693
7369,1254,1625
8611,1420,1688
4057,686,971
1824,302,423
40257,6808,9123
4416,730,926
9371,1606,1942
33412,5889,7662
13554,2230,2985
6666,1098,1462
18755,3018,3991
4374,756,946
30866,5165,6486
6212,1059,1312
17882,3044,3955
18050,3119,4003
796,139,163
8233,1385,1772
758,125,186
1569,265,347
1867,325,375
1934,325,443
1606,282,387
15609,2705,3582
8987,1584,1939
37269,6428,8334
18052,3134,3978
2823,477,615
2174,389,484
6033,1013,1330
912,158,201
15412,2549,3071
1399,244,293
7737,1313,1656
4833,838,1043
6938,1155,1541
8467,1477,1783
2242,382,505
3085,498,639
784,146,166
12307,2031,2600
39228,6895,8585
14749,2441,3055
18845,3329,4176
1722,296,385
1889,308,404
9390,1606,2023
6916,1147,1449
27385,4743,5895
5228,832,1101
5071,850,1265
118241,19987,23797
7060,1157,1402
3823,625,747
34461,5942,7222
13540,2221,2846
6733,1157,1423
15029,2524,3327
9258,1544,1917
26362,4652,6362
3106,530,637
4593,754,974
13131,2230,2982
11922,1998,2371
8764,1466,2067
7924,1337,1716
12070,2054,2759
19666,3364,3951
2681,448,586
3355,607,780
5064,812,1021
1347,220,248
5037,881,1140
2438,380,479
3510,584,725
5075,860,1072
12161,2016,2504
5270,882,1108
6521,1145,1346
1728,278,323
26865,4636,5885
1790,308,381
3418,581,769
11937,2082,2573
494,90,112
1446,260,326
12195,1992,2440
3536,578,707
9836,1576,1911
14550,2564,3797
3419,552,673
6436,1042,1342
6925,1210,1501
4976,765,1030
2619,454,605
3307,543,692
1781,305,393
39532,6331,8098
8375,1457,1964
16068,2827,3504
15743,2556,3783
4044,663,803
4477,754,959
4799,774,1046
1677,249,342
6340,1071,1327
2851,465,595
18068,3109,3670
4964,805,1109
12803,2056,2829
19020,3212,4333
2079,372,469
34997,5722,7545
12877,2293,2872
18928,3226,4036
10983,1904,2498
12990,2181,2639
20341,3461,4333
17167,2848,3589
47101,8114,9603
16872,2848,3909
4256,724,910
4699,787,991
1091,192,239
2522,421,541
18992,3287,4120
31523,5412,6385
2379,406,489
9019,1398,1849
856,136,178
7760,1316,1709
1545,248,350
1586,270,339
14210,2443,3068
8653,1453,1869
1386,231,288
3419,590,747
13976,2224,2879
2863,504,636
7612,1257,1564
2499,424,653
10715,1907,2331
3172,549,672
3881,709,897
2789,478,553
29508,4976,6167
19120,3297,4167
2220,376,464
6114,1040,1393
18999,3354,4205
2444,400,517
7594,1236,1598
717,119,147
6611,1125,1414
12113,1892,2347
12322,1985,2538
4961,808,1012
5090,839,1022
3183,542,680
14346,2507,3272
10179,1786,2099
8514,1462,1750
14467,2552,3354
2335,400,498
2537,420,541
13083,2048,2595
2990,499,653
3165,554,655
13180,2324,3107
14495,2453,3129
3639,613,732
23109,3983,5856
5033,850,1052
1505,261,317
3486,592,716
2805,475,577
5705,918,1163
17222,2970,3817
8503,1511,1828
4590,812,985
13939,2433,3094
3983,653,933
17374,2877,3695
22323,3787,5040
5606,981,1211
2516,453,568
2071,345,465
20529,3460,4474
1979,325,414
3981,659,858
5948,1006,1383
42755,7456,9435
4086,708,996
15351,2737,3395
2432,439,510
1188,212,287
2205,356,462
1477,248,320
16015,2726,3307
16034,2742,3505
3144,509,653
3792,658,865
11351,1947,2553
6367,1025,1455
299,52,63
12420,2159,2659
3440,588,736
5331,904,1131
12575,2029,2763
16269,2831,4106
4504,751,1007
14328,2479,3122
12042,2108,2841
2500,439,559
2608,427,550
56433,9690,11963
56383,9684,11950
4093,695,880
8701,1417,1777
4288,759,936
3513,626,766
3821,634,803
2436,402,516
29608,5089,6131
14301,2425,2916
2131,359,432
3951,660,825
10491,1799,2378
803,141,170
10281,1718,2048
11032,1961,2372
4318,751,1042
1564,266,354
13438,2268,2826
6894,1212,1584
26602,4705,5787
979,138,218
38559,6522,8826
51511,8688,10487
1080,182,208
895,150,188
1972,345,485
754,128,178
1265,209,294
800,146,170
11324,1905,2338
1182,192,282
6340,1056,1319
6703,1096,1388
1961,351,435
11979,1988,2503
20359,3675,4809
3447,600,812
28212,4731,5533
27466,4680,6013
5472,963,1162
3043,517,713
9681,1679,2173
4641,784,1000
4226,744,972
8741,1497,1773
174,34,50
2252,403,515
11442,1970,2713
4377,761,975
4543,778,995
27501,4800,5670
12205,2029,2660
15333,2651,3484
2725,477,582
2953,525,735
1568,279,323
2037,346,475
7925,1330,1706
3827,698,890
5418,916,1179
37380,6287,7511
27697,4350,5911
11127,1995,2641
8926,1533,1908
8039,1308,1607
8996,1537,1969
951,158,195
1201,215,279
931,158,188
1732,282,381
3650,594,815
20676,3422,4272
13107,2192,2819
22430,3577,4343
22086,3684,4770
8019,1360,1728
5863,961,1180
12567,2042,2546
18083,3058,3583
15733,2515,3110
3619,625,802
779,126,174
6191,1031,1422
1093,181,238
2591,394,516
1543,258,335
913,150,197
10612,1915,2649
1894,302,367
23545,3902,4794
8627,1398,1711
3217,558,700
17240,2991,3841
4787,799,980
21439,3563,4425
18683,3337,4255
20395,3846,4978
2075,337,463
2141,348,482
3445,588,686
10207,1751,2094
12905,2256,2813
19337,3148,4083
31820,5569,7020
28250,5035,7126
18172,3198,3860
11666,1973,2550
53996,9287,12169
9422,1625,2089
4372,780,992
10880,1965,2498
7751,1368,1661
59727,10460,12978
7286,1276,1602
16052,2775,3643
12075,2153,2594
7912,1325,1863
2226,366,449
5989,998,1255
2011,334,460
6931,1196,1413
2274,347,495
3039,533,697
20976,3641,4626
10182,1653,2343
14540,2570,3506
7844,1289,1620
9231,1626,2019
14165,2501,3072
1725,292,366
18440,3164,4397
8285,1537,2179
7845,1282,1660
2798,462,570
11710,1999,2533
7581,1331,1704
3834,652,923
1126,194,249
2079,367,458
3326,578,749
4094,642,876
1055,177,199
3153,558,725
5223,902,1180
34774,5999,7466
4577,764,919
9547,1686,2131
35283,6244,7787
3314,576,693
5690,984,1273
2615,441,548
11524,1989,2424
11463,1875,2287
4772,848,991
1162,199,281
2887,519,636
7402,1238,1576
3008,518,651
1083,188,234
3597,630,789
35826,6185,7487
2790,455,559
5090,888,1069
5107,844,1006
21293,3771,4617
5385,849,1039
3570,573,727
1126,197,239
60865,10406,12729
11076,1945,2343
1065,176,228
2549,442,578
21731,3810,4583
5960,1010,1344
790,131,165
3781,625,748
15656,2766,3356
3100,539,614
21234,3747,5039
2794,497,590
3664,607,741
10105,1622,2250
1653,267,377
5666,969,1178
4796,780,1029
2458,385,503
17953,3184,4142
1598,282,348
4732,770,959
13533,2363,2972
11558,2098,2613
1612,275,347
3189,550,723
4918,830,1195
3292,585,716
7036,1182,1509
1944,330,427
4267,744,853
7687,1374,1670
6404,1053,1267
6693,1141,1337
7966,1433,1781
15939,2710,3338
5435,955,1100
44404,7855,10089
28263,4820,6182
15978,2794,3520
9990,1652,2167
5431,952,1099
5881,940,1247
25097,4371,5481
2616,419,532
11876,2073,2832
16625,2831,3410
26429,4646,6359
3559,645,786
5343,896,1135
593,97,119
15492,2714,3934
11779,2001,2503
28747,4864,6325
16304,2786,3315
3907,694,874
5085,832,1187
6499,1115,1418
13498,2200,2860
1998,327,421
14675,2515,2823
4146,688,818
6986,1185,1404
5736,1025,1228
2448,429,531
6976,1180,1407
1876,324,426
13785,2328,3106
15190,2710,3836
2727,429,543
2319,392,548
6723,1144,1525
33620,5696,7293
11768,1998,2448
653,113,142
5636,965,1174
30750,5027,6294
20232,3385,4722
6367,1089,1417
74891,12660,14706
28203,4714,5720
4943,807,959
7064,1222,1561
6959,1174,1419
9510,1561,1941
22528,3844,5041
1359,230,305
3124,507,623
1481,262,332
2887,497,600
690,118,143
7866,1341,1696
3920,629,847
2150,364,422
2714,420,632
4184,697,827
2234,366,430
1609,276,348
2067,363,462
1613,284,342
1909,328,437
10691,1723,2313
14556,2400,2871
5774,985,1208
43360,7137,9039
36446,6156,7633
964,166,199
112119,19275,23630
11821,2005,2576
1881,300,412
6123,1062,1384
2532,477,655
2434,398,580
2659,464,544
25836,4514,5439
4315,754,892
9069,1500,1837
11021,1873,2280
12904,2120,2874
3922,651,846
39943,6820,8921
11620,2121,2559
20579,3404,4254
19117,2952,3745
9614,1604,2014
1320,218,276
4515,750,925
14663,2459,3021
25370,4299,5340
6541,1188,1558
3849,654,913
24386,4309,5202
6543,1106,1435
29233,4891,6155
24552,4323,5761
1380,238,299
5965,1061,1288
6784,1269,1612
14848,2493,3103
92331,15868,20074
1891,324,403
4725,782,907
7166,1175,1488
695,119,153
15038,2666,3086
2275,369,528
4074,708,884
9849,1804,2167
5255,918,1234
3400,570,749
30245,5281,6381
23888,3999,4928
1545,282,311
2255,372,442
3689,661,832
525,98,111
3003,547,659
9555,1635,2156
5380,925,1151
11047,1801,2367
4279,754,919
889,155,194
23296,4036,5099
2479,405,587
2550,431,526
773,130,194
12832,2064,2832
12889,2155,2571
2431,433,491
6865,1127,1625
10880,1915,2286
33377,5593,6819
1771,290,376
10628,1759,2238
7838,1343,1916
23203,4123,5055
1392,247,294
23686,4159,5082
700,122,150
3575,603,780
21030,3634,4903
2224,394,473
11450,1907,2400
7623,1326,1760
35408,5863,7434
27484,4644,6516
25236,4274,5187
10274,1704,2156
793,142,164
356,62,75
31110,5285,7593
9169,1644,1913
6452,1079,1364
3814,685,875
8594,1435,1721
20405,3418,4370
7601,1255,1522
5402,921,1118
4869,890,1078
726,124,169
4969,896,1182
13270,2209,2948
2390,388,490
6029,987,1197
24268,4236,5349
45007,7726,9530
24287,4141,5180
5502,952,1079
15646,2652,3152
3852,646,933
2623,417,566
1044,173,210
233,45,52
6592,1126,1626
245,49,58
8139,1487,1925
351,66,94
13341,2369,2805
1299,221,284
1286,214,254
4961,860,1187
8806,1518,1843
9721,1605,2086
25775,4548,6020
2315,414,479
5650,958,1155
1815,320,403
12774,2237,2948
9138,1585,1989
19319,3266,4024
3609,608,725
5846,992,1272
601,111,139
21784,3783,4943
2656,453,619
16294,2749,3376
12274,2062,2554
681,129,183
5674,948,1197
2443,418,535
16479,2731,3484
17169,2995,3724
3921,692,862
2440,431,560
22440,3626,5180
43861,7449,9622
4406,729,874
937,161,214
2584,439,516
346,66,79
1834,320,374
2666,470,589
23730,4051,5104
5749,1004,1267
21322,3760,4503
70,14,17
12792,2219,2609
12067,1971,2510
7373,1250,1469
807,145,216
25214,4341,5502
890,151,192
6309,1048,1279
3023,487,612
34013,6026,7365
1397,235,291
3434,591,735
5178,863,1078
10994,1956,2449
2994,494,620
920,160,187
1985,343,451
8803,1514,1917
6890,1122,1312
49855,8784,11299
2490,424,507
8920,1537,2149
6772,1170,1508
4373,747,1002
10450,1807,2237
3727,647,830
4077,716,934
2907,495,651
1084,187,262
667,109,145
17482,3092,4074
3565,598,796
5029,880,1046
15830,2626,3698
12031,2086,2598
12088,2085,2507
37449,5991,7751
16272,2798,3534
1044,179,236
1353,225,280
1311,223,297
16657,2690,3368
3411,598,764
12382,2072,2779
7591,1336,1601
5504,939,1202
5572,943,1157
1979,335,449
1920,321,384
23738,4118,4914
1319,230,268
5033,818,1029
3808,663,897
1561,273,338
2601,447,566
2034,324,408
9372,1535,1957
1952,328,402
1859,314,389
34419,6087,7502
2654,459,558
10975,1901,2309
11902,1941,2660
10164,1740,2248
9550,1605,2064
14070,2409,3243
2085,354,420
2381,407,507
51291,8849,10738
40033,6730,8161
3636,619,733
6174,1105,1328
16015,2775,3672
15173,2649,3509
6085,1025,1218
19857,3296,3855
976,164,201
32138,5390,6588
24391,3960,4889
3142,540,755
8448,1490,1881
10533,1840,2237
3918,671,858
5824,983,1321
20519,3610,4429
36110,6306,8229
4574,806,1076
2013,304,404
2536,423,519
1260,225,271
2577,449,614
3432,604,717
1755,315,400
34686,5952,7289
3432,560,711
1393,231,288
1335,223,299
16361,2690,3522
5473,953,1125
8196,1359,1733
10297,1715,2133
11551,1924,2394
6416,1139,1361
6095,1058,1347
8972,1498,1903
4705,770,962
12740,2133,2759
8602,1460,1889
1577,265,309
1202,200,265
6179,1036,1395
2645,455,572
9873,1698,2220
426,79,91
674,123,160
42076,7239,8701
11751,1972,2433
265,48,58
833,146,177
491,88,112
11258,1854,2529
344,60,86
2097,366,503
854,147,201
2164,388,553
5654,949,1186
8376,1397,1636
1854,328,431
27640,4856,6184
2302,386,522
3468,564,705
42277,7339,9059
20783,3380,4020
1516,257,327
6675,1176,1452
5112,901,1208
4242,733,1012
1050,180,219
27710,4866,6252
16466,2948,3457
693,116,173
5980,1055,1332
50822,8822,10593
47846,8232,10118
5418,892,1162
3263,525,662
4508,754,909
3068,498,667
5405,947,1130
4764,796,1072
6851,1209,1500
10813,1846,2303
3154,543,625
2056,350,465
13806,2370,2949
3661,610,726
30293,5324,6649
10052,1667,2379
1327,216,290
22000,3787,4673
2796,464,589
6269,1044,1281
7550,1246,1648
14498,2570,3295
5003,827,1088
16819,2683,3363
3061,518,598
1756,299,409
4430,722,954
1969,315,395
13702,2332,3164
953,148,192
1426,231,301
18394,3218,4459
4922,788,938
1663,280,363
13531,2201,2768
1984,347,439
2644,443,542
1916,310,363
29782,5218,6029
12406,2040,2464
6438,1105,1415
4448,754,899
3202,523,665
2834,470,578
9494,1620,2041
29124,4882,5934
16331,2761,3501
6633,1101,1388
23021,3786,5051
23186,4057,5104
2810,487,653
4171,706,900
1296,224,292
2573,427,516
2584,432,529
10049,1719,2329
6466,1102,1360
25829,4504,5640
12093,2023,2482
2663,463,598
30663,5098,6546
34454,6099,7603
2702,440,566
4652,746,909
4910,791,978
5237,899,1101
20081,3347,4280
4010,638,773
4838,836,1059
2565,435,576
3254,557,665
5536,973,1209
4570,726,886
4705,810,1087
2014,326,445
38238,6358,8080
2532,427,557
6055,949,1271
5083,867,1103
4769,798,1083
3861,654,775
883,149,217
8523,1463,1818
29418,5305,6389
9232,1627,2156
6310,1116,1352
3866,650,803
17775,3208,3805
17623,2964,4001
16313,2830,3675
10743,1875,2457
7099,1193,1568
15659,2559,3411
11119,1887,2477
3855,647,838
6069,1068,1479
6865,1202,1603
2033,334,483
3603,576,851
1996,336,409
10156,1665,2143
20919,3547,4358
15341,2669,3417
6294,1085,1419
39589,6601,8297
14852,2502,3175
14337,2638,3439
34260,6107,7796
5776,1038,1359
10956,1919,2404
29844,5201,6148
524,91,124
32902,5829,7434
4870,873,1146
19938,3453,4465
3973,678,849
1960,326,391
3118,549,708
2660,452,610
4486,750,915
2074,343,419
2755,474,602
20483,3451,4343
26218,3847,5429
6661,1105,1401
20466,3489,4438
708,123,152
7378,1281,1630
15677,2653,3992
35579,6106,7722
48424,7916,10152
2451,413,563
3078,519,641
2071,346,402
4347,715,896
2541,397,499
1943,320,407
12605,2132,2687
7152,1261,1657
8406,1415,1753
27518,4668,6861
3567,602,744
14990,2575,3445
17342,2945,3743
5184,852,1074
2616,468,552
2448,408,516
2715,450,578
13843,2378,2882
39163,6754,8393
14472,2374,3142
18582,3147,3969
16909,2767,3607
22675,3833,4863
1106,200,235
25057,4383,5753
8983,1536,1931
3593,611,854
3577,588,720
825,142,162
3225,569,680
22763,3850,4919
2543,434,608
1174,204,267
12669,2071,2990
22424,3532,4392
20837,3573,4589
2154,374,436
4629,797,1081
1079,190,227
1224,205,272
1146,198,266
9239,1508,1973
2214,372,485
2395,405,547
5204,872,1101
2186,378,512
2533,422,518
82768,13428,17617
4544,729,913
15787,2622,3316
3112,551,639
3366,533,660
5172,854,1068
7430,1250,1568
4720,816,1028
3965,682,883
3088,516,632
3004,493,650
3795,640,838
11812,1966,2418
2759,445,616
4043,655,826
3122,533,810
3174,541,744
1568,240,331
2559,431,564
2109,355,458
38003,6383,8528
12721,2171,2699
3099,516,716
1693,289,372
7513,1316,1932
5615,990,1187
74909,12677,15625
3311,527,656
6253,1063,1243
13673,2278,2762
4266,715,868
18734,3151,3858
21134,3488,4570
2149,356,431
5543,874,1092
29189,4783,6382
4457,731,957
6250,1013,1277
1208,217,296
3520,599,760
2243,369,429
4469,733,965
4807,789,1100
7172,1215,1750
2165,388,490
14173,2470,3089
19399,3284,4234
12480,2104,2521
7511,1308,1937
1759,285,369
125224,20350,25333
4813,776,1011
3791,611,781
17785,3041,3681
1715,281,376
98636,17057,20337
4912,851,1094
25681,4435,5353
46104,7999,9846
3625,632,839
3620,645,802
35153,5894,7300
16857,2996,3954
4165,717,833
11593,2009,2687
4757,784,973
15916,2599,3228
2322,380,502
10056,1655,2329
1482,263,355
1976,320,459
2083,349,460
5109,820,1071
22772,3941,4918
2010,332,468
3117,538,669
3348,553,750
1266,204,265
7581,1197,1651
1787,312,396
13370,2250,2816
3530,608,818
17392,2968,3660
8077,1424,1889
6027,985,1326
2123,345,534
6381,1020,1317
2343,398,509
17334,2988,3755
36036,6391,8532
17741,3125,3941
1140,189,229
20142,3444,4180
2531,429,616
5469,897,1192
3706,636,801
23934,4225,5146
8303,1373,1709
1764,280,399
2602,430,560
24096,4261,5181
5753,924,1249
12787,2206,2676
33515,5787,7440
1532,250,332
2269,390,513
7119,1208,1591
7940,1339,1707
15683,2663,3352
1604,267,379
3643,611,881
1541,266,346
4111,704,879
1525,269,338
2742,494,573
12064,2089,2617
17699,2952,3811
4216,712,934
6249,1052,1204
1695,290,396
4750,790,1040
2592,446,608
3785,665,902
2212,376,516
2690,487,565
3274,520,686
673,122,166
3409,579,703
3780,611,873
10313,1758,2275
7005,1190,1555
12184,2139,2996
10890,1914,2421
28882,4876,6302
1887,339,452
5976,1058,1337
1522,234,324
8884,1462,1902
3356,567,693
2211,381,454
1169,189,257
2487,431,601
7240,1175,1501
2169,356,440
1915,320,399
9019,1533,2016
4968,853,1105
17253,3003,3729
27876,4675,6447
12617,2241,3018
4410,714,963
8962,1526,2022
4682,797,1002
5920,1015,1336
20812,3395,4130
2071,356,439
408,73,83
4472,755,978
1313,222,281
11961,2091,2961
1802,293,401
2109,356,465
6652,1063,1324
1511,251,329
2769,497,663
1539,255,303
3007,500,654
119451,20592,24172
3729,637,941
9726,1633,2046
29293,4707,5525
19398,3150,3920
265,50,61
13240,2266,2946
4964,786,924
5267,874,1080
1861,309,397
5687,942,1224
25481,4408,5522
15916,2734,3466
20958,3422,4217
2166,329,417
20146,3483,4872
6039,1046,1383
4690,819,985
2434,415,537
5068,841,1129
2405,395,543
3403,531,697
10882,1967,2409
2802,455,607
5376,892,1019
24498,4216,5325
24337,4193,5308
8498,1407,1931
6326,1110,1386
4152,702,835
3462,600,792
17012,2828,3504
3137,513,633
2365,406,502
5491,868,1175
2500,411,506
5990,1072,1294
3111,531,643
1219,213,263
2399,403,514
4653,792,1108
2852,497,646
1715,297,376
873,159,208
1933,323,407
2713,465,582
3692,622,825
9595,1466,1890
1652,262,328
2250,385,513
3252,518,661
3485,612,753
10192,1862,2227
21153,3544,4625
22145,3657,4365
19797,3339,4663
7374,1213,1538
4295,782,956
7369,1305,1701
7210,1242,1604
2568,445,599
1395,260,327
7852,1310,1676
989,175,220
28288,4799,6299
4757,789,991
8902,1504,1872
7160,1229,1652
4436,754,960
5037,859,1139
32726,5597,7357
29981,4907,6098
8793,1489,1834
3760,613,782
28120,4908,6244
2796,467,573
2236,382,477
10750,1847,2232
3693,610,725
3307,552,731
3186,567,730
4294,730,1007
43118,7411,9623
11592,2010,2711
5963,989,1301
16584,2716,3412
1694,294,368
7002,1198,1577
3041,493,612
2458,388,514
1575,269,404
16392,2819,3649
1860,309,393
11886,2083,2604
1250,224,308
2458,427,595
6097,1048,1358
20475,3506,4319
19989,3351,4605
18584,3180,4024
10328,1745,2506
13447,2220,2892
11698,1923,2397
3286,564,780
6184,1062,1350
5346,923,1146
6761,1213,1469
1573,278,356
5193,855,1091
37279,6131,7228
5162,853,1091
6758,1204,1454
4681,801,978
4213,729,963
6934,1186,1528
716,123,160
2879,503,673
15135,2528,3041
5977,1009,1387
10181,1667,2046
8955,1550,2032
5077,890,1150
2115,362,432
1858,326,378
2942,503,645
4543,770,998
60592,9740,12273
3946,649,796
809,128,190
19276,3322,4024
9379,1620,2110
5727,932,1253
1723,294,382
3231,553,671
1697,285,382
2193,378,483
1039,184,220
3335,567,669
10101,1745,2302
18904,3272,4382
10358,1671,2386
9514,1631,2111
1349,236,303
2387,420,520
3062,526,687
1595,271,406
1873,311,391
1605,296,332
1680,291,329
7360,1253,1662
10347,1762,2381
8464,1424,1760
12984,2153,2703
83656,14626,17522
12857,2153,2789
7388,1273,1614
3528,609,718
2364,415,514
2171,367,497
3649,595,693
2243,391,512
4546,769,925
3274,542,663
7195,1244,1550
14997,2592,3288
29440,4997,6220
31839,5398,6677
15624,2647,3256
28994,4929,6123
60434,9956,12666
2778,466,571
2523,433,523
2099,382,488
2108,355,482
10288,1813,2245
13196,2358,2986
4201,720,865
11504,2036,2766
16250,2839,3501
11383,1952,2683
27068,4587,5919
9016,1557,1985
2185,386,530
1337,235,291
27813,4755,6199
27030,4666,5954
19315,3397,4252
6670,1166,1545
22191,3603,4444
1876,302,395
5800,972,1172
16532,2678,3381
33938,5596,6894
12028,2009,2415
7921,1318,1549
6790,1205,1405
17712,2920,3856
61930,10736,13256
2152,361,449
28515,4727,5975
2515,437,589
5008,823,1004
16935,2892,3822
2413,404,527
11273,1811,2394
4883,778,926
11548,1934,2430
2423,380,494
5964,992,1320
2321,401,546
871,154,200
5327,900,1218
1692,291,422
869,155,213
1885,309,380
2905,478,576
19545,3422,4425
40231,6622,8321
20114,3325,4179
17411,2878,3762
34848,6104,7764
833,139,182
10718,1806,2481
14972,2652,3430
14456,2578,3391
12022,1948,2355
26928,4633,5701
10905,1883,2300
6724,1117,1473
17488,3051,3727
13154,2112,2565
18792,3274,3965
15133,2640,3636
6228,1058,1451
17774,3034,3758
6631,1046,1376
6036,1046,1375
15287,2599,3532
4856,831,1077
4916,851,1092
3701,636,778
65856,10880,13784
14775,2621,3319
53811,9195,10935
21183,3602,4547
33548,5810,7309
22395,3789,4689
16594,2856,3528
53812,9214,10946
18398,3147,4023
21169,3598,4538
19506,3312,4003
3977,692,898
10535,1787,2188
17488,2961,3799
30712,5283,6266
32123,5529,7207
21972,3768,4668
53713,9096,11603
1419,244,332
1878,319,424
3837,627,858
53603,9186,11761
3763,655,800
2346,403,468
2016,337,416
9354,1513,1908
64577,10621,13146
552,98,140
1895,321,425
5040,856,1103
10625,1850,2489
479,90,105
6718,1089,1378
7243,1261,1653
1301,228,286
498,78,118
1111,197,249
874,149,180
1355,222,290
743,133,166
861,146,167
20577,3374,4852
256,48,64
4002,685,851
16519,2786,3450
24378,4122,4914
1497,265,306
1414,228,326
1633,269,334
3074,511,621
1887,333,421
6667,1068,1401
3025,525,722
1576,281,364
10519,1812,2329
6986,1266,1577
15326,2702,3591
1382,236,279
647,117,143
1258,200,235
265,50,74
2996,511,625
7922,1402,1858
5007,858,1073
13167,2313,2805
1039,170,232
10352,1679,2068
10394,1712,2049
14582,2467,3201
664,124,136
1449,239,340
6173,1072,1380
1059,185,247
819,147,166
4562,793,980
3783,637,870
3013,513,654
28186,4844,6327
18710,3326,4154
1162,202,238
4960,839,1040
13831,2427,2937
11601,2058,2548
22131,3749,4596
6480,1112,1388
15638,2637,3433
2244,370,466
11434,2079,2484
1790,321,373
5770,985,1284
122699,20765,27071
56231,9627,11864
6469,1136,1390
20395,3420,4381
10927,1877,2302
5188,871,1179
5989,1026,1269
4774,787,1097
681,118,154
2756,483,601
1312,223,292
1629,278,354
2167,366,477
2274,395,487
1849,324,445
25661,4479,6764
2810,460,635
1752,300,380
1904,339,396
971,170,220
21065,3516,4451
891,152,194
7494,1293,1634
1340,239,315
3504,589,704
2062,354,417
563,97,121
57466,9764,12217
2281,386,457
10152,1782,2222
13927,2381,2868
11884,2082,2539
14884,2531,3165
12118,2033,2725
7347,1221,1674
73807,12437,14688
37235,6354,7803
2933,497,592
9476,1543,1902
46099,7954,9361
2689,422,517
14829,2509,3316
528,90,113
9405,1558,2212
1898,299,433
49277,8482,10827
33951,5768,7318
4290,744,937
7654,1250,1544
146,25,54
2232,396,469
4729,796,935
5176,850,1011
7931,1352,1710
8462,1447,1934
909,161,204
2870,487,586
6510,1102,1411
1489,261,299
226,39,42
34228,5519,7141
61229,10410,13591
686,116,145
1889,327,393
12570,2097,2879
6750,1118,1465
3362,587,727
19130,3205,3788
1291,222,279
4485,768,984
12614,2172,2774
18060,2966,3732
11438,1944,2434
12472,2143,2717
1740,285,354
8198,1424,1831
9946,1713,2147
1667,287,353
547,93,126
7059,1205,1589
5028,873,1117
3935,657,802
2135,383,473
14035,2367,2933
3342,572,756
14761,2500,3094
17002,2873,3747
1988,324,381
5626,955,1265
1967,338,436
4321,696,960
6899,1155,1524
13740,2313,3012
6471,1148,1340
34592,5829,7117
10555,1773,2365
15557,2628,3247
13518,2232,2760
5894,1043,1316
10563,1755,2208
97,14,23
9573,1583,2037
15577,2624,3289
19677,3247,4104
7126,1173,1532
3838,643,851
4829,849,1048
21922,3820,4943
12546,2152,2786
14272,2489,3029
47311,7931,9881
2766,478,623
8443,1460,1766
21395,3646,4418
2239,372,433
3337,570,838
5300,920,1220
24112,4266,5231
8026,1364,1733
16956,2902,3460
37365,6423,8560
47036,8017,9759
25177,4462,5851
4710,788,1114
6233,1021,1237
31842,5580,6802
15708,2701,3563
12206,2065,2658
47232,7966,9820
15381,2553,3410
19258,3444,4170
5035,859,1073
407,67,80
21856,3801,5058
8668,1418,1813
17174,2906,3534
5851,1029,1282
1571,265,338
7542,1243,1547
28798,4727,6146
31421,5244,6226
761,122,163
20780,3647,4386
8021,1374,1664
44448,7380,8943
4873,812,977
25444,4314,5169
77591,12998,16482
936,155,206
974,162,219
1337,224,297
25804,4397,5455
2291,379,494
6964,1173,1412
10865,1837,2370
5036,810,1044
4672,781,940
25645,4196,5047
7038,1168,1485
10778,1778,2221
7736,1295,1634
2650,479,594
7130,1188,1491
1809,306,406
8429,1417,1734
400,70,86
14237,2467,3068
11317,1830,2344
19144,3254,3966
14691,2538,3125
1551,271,326
9414,1610,1987
866,140,184
2881,513,619
57189,9694,12083
12268,2094,2645
10584,1733,2226
25594,4244,5338
19165,3254,3933
6426,1123,1483
5750,982,1247
35952,6252,7728
15027,2514,3132
7721,1324,1574
25429,4287,5689
4564,769,946
15515,2631,3366
41393,6880,8296
6189,1039,1370
3822,658,848
1124,199,239
20765,3610,4556
57693,9858,12284
5904,947,1294
46460,7801,9557
20775,3462,4289
26654,4552,6292
16303,2689,3345
2612,470,615
13702,2437,2884
21759,3598,4341
8769,1448,1728
2821,439,558
1831,308,378
22011,3848,4744
2196,350,432
20921,3484,4399
15321,2563,3197
10012,1690,2285
10919,1830,2241
3676,637,798
20995,3453,4817
21753,3640,4565
10166,1688,2125
16021,2682,3447
26766,4249,5515
4046,698,852
42886,6909,8789
6441,1121,1434
3054,511,617
26612,4525,5845
11541,1950,2450
10134,1756,2194
34026,5825,8398
10078,1722,2391
1893,333,439
5829,997,1207
3319,600,747
13606,2224,2650
1369,218,266
7194,1216,1545
5044,864,1102
41370,7021,8849
24787,4040,5313
7299,1218,1510
7026,1187,1485
568,92,115
37038,6223,7478
4436,733,994
19208,3359,4263
10691,1839,2221
9038,1568,1974
4548,794,960
626,109,125
4153,701,939
158,27,34
1600,285,324
2798,500,643
3644,569,888
1307,208,283
4156,701,944
790,136,174
16624,2948,3898
3266,563,714
20930,3388,4302
1256,212,260
3387,574,694
25956,4512,5846
9421,1702,2003
3952,628,900
20359,3344,4250
25837,4292,5304
2378,413,507
912,165,225
1874,306,403
12931,2082,2539
14644,2589,3026
2926,465,559
8401,1325,1579
2189,377,511
5161,828,1052
6627,1095,1361
31914,5197,6912
9147,1473,1911
23982,3981,4777
6459,1052,1327
924,176,224
2859,491,658
1115,187,236
11064,1951,2535
22323,3853,4694
11928,2041,2588
8013,1363,1792
12737,2203,2681
6939,1195,1550
11866,2005,2559
5511,916,1142
9358,1505,1822
936,183,257
18226,3097,3747
18544,3089,3960
7204,1217,1508
6989,1235,1541
24951,4057,5035
25459,4218,5742
1949,310,414
22379,3916,5167
16373,2887,3798
6546,1118,1359
36401,6094,7676
4855,837,1059
3076,537,658
7864,1289,1706
6118,1087,1314
39571,6772,9475
6452,1077,1413
4013,696,856
7400,1256,1704
12748,2030,2548
34750,5926,7074
3058,535,695
18269,3028,4365
12879,2247,2936
15179,2711,3569
2852,456,614
6541,1129,1390
5767,974,1226
3536,622,792
2355,396,477
953,164,214
1535,253,326
2557,441,540
2064,364,479
2718,459,540
19720,3318,3830
8955,1555,1923
5549,896,1050
30795,5106,6308
43010,7328,9145
4520,764,1027
583,95,127
824,139,171
42953,7329,9357
922,160,187
1213,196,267
2500,389,518
11381,1822,2214
9143,1630,2212
2844,509,638
2538,456,552
34748,5817,7011
2328,396,549
876,157,182
43136,7098,8548
1245,217,278
12888,2327,2814
16946,2849,3490
2893,507,609
3333,565,745
1763,300,382
870,155,188
10309,1663,2092
10778,1756,2244
23415,3943,4965
4270,746,903
6941,1102,1478
16920,2971,3766
3157,523,631
1110,193,251
3365,563,687
1681,293,393
71446,12196,15487
22383,3904,5387
709,118,152
21832,3593,4500
11680,1992,2543
1865,318,365
3253,507,692
5799,995,1184
10098,1753,2076
5338,868,1033
2322,394,535
5913,1021,1228
3000,509,626
8809,1376,1816
1896,340,399
11450,1975,2599
19617,3473,4841
2180,389,491
2129,375,466
4055,639,992
5818,915,1155
23325,3937,5018
39401,6739,8852
4958,832,1039
12433,2139,2973
10319,1774,2207
32929,5268,6837
28424,4569,5769
3647,611,855
1261,226,305
4338,770,961
2056,356,466
5731,1053,1269
13127,2266,2807
10290,1704,2337
9735,1611,1996
20037,3443,4307
22963,3769,4602
74708,13095,17344
931,163,202
1703,290,350
2121,342,437
3680,619,776
18115,3108,3863
12843,2192,2719
4186,716,920
74385,13108,16105
34136,5981,7235
3146,534,725
2857,502,659
14432,2597,3310
5782,964,1173
2853,500,645
1157,203,257
4167,703,847
8216,1330,1794
5351,912,1064
2501,409,524
16759,2648,3522
12599,2208,2616
1839,307,375
1620,263,316
50991,8946,11542
17638,2920,3876
59324,10219,12517
14109,2305,2922
7291,1194,1429
6314,1130,1407
13460,2349,2837
4232,710,918
1021,168,199
18121,3053,3888
2044,360,462
3688,601,785
7733,1297,1634
7179,1213,1498
11014,1874,2421
1734,302,394
3431,591,762
1983,334,396
1616,266,338
5046,864,1127
16836,2901,3689
2813,483,604
25042,4287,5911
16654,2752,3533
24927,4400,5945
564,91,113
6013,972,1125
11663,2067,2434
10058,1757,2452
3472,608,804
7029,1184,1507
4278,742,914
18732,3224,4038
1470,249,358
2271,369,474
1624,283,380
26575,4506,5213
1842,323,421
1510,258,287
2136,388,463
5486,888,1147
55603,9566,11646
31757,5383,6765
3503,594,767
3227,561,670
4938,805,1000
20920,3564,4653
6481,1033,1355
6913,1186,1575
664,117,150
1354,222,275
5491,938,1160
3605,603,793
492,85,104
25011,4322,5422
27887,4656,5784
58960,9751,11738
10917,1882,2128
13872,2385,2844
3469,589,749
2175,372,456
2906,501,650
881,137,218
5315,921,1218
2431,402,490
9161,1541,2151
4004,689,845
5763,1011,1234
3301,559,752
23357,3793,4997
18404,3096,3854
10801,1911,2426
4254,684,892
18392,3060,3964
30167,4814,5837
28845,5004,6102
3073,550,695
9541,1706,2017
7379,1327,1606
3920,650,815
4093,699,898
20870,3461,4385
2276,361,480
6569,1089,1484
2544,436,528
1463,252,309
9724,1601,1914
2670,451,565
4308,709,861
4172,704,905
2344,409,451
51150,8632,10850
2207,377,463
632,111,140
3593,630,788
6118,1064,1380
16423,2815,3450
6651,1103,1382
5865,980,1388
2799,481,582
6118,985,1265
300,48,75
14120,2338,2914
9067,1610,1971
2912,524,693
829,141,165
2447,378,573
4309,721,842
8617,1416,1775
1944,328,437
2647,450,578
1690,277,357
2656,451,583
31010,5171,6657
1554,272,379
31716,5314,6410
12403,2047,2453
5921,951,1231
1716,311,364
23259,3972,4944
2045,357,447
5262,898,1264
988,171,207
5900,988,1273
62327,10826,13101
18467,3230,4048
7697,1249,1592
8058,1326,1628
17000,2665,3219
3701,607,890
18464,3253,4136
1655,286,360
4245,716,977
1726,317,404
4661,775,912
16313,2866,3497
19027,3258,4340
3115,561,708
8373,1413,1784
3615,591,823
9487,1616,1939
53401,8861,11251
8834,1481,1901
90090,15109,18485
1750,303,352
336,63,99
1851,319,416
11107,1908,2473
40771,7042,8811
1365,228,352
1800,331,393
6567,1113,1388
11888,2027,2548
1586,276,318
2239,389,568
17291,2988,3869
54934,9420,12538
12067,2022,2610
787,136,156
3515,590,818
16391,2806,3592
15720,2676,3286
4035,691,826
11717,2053,2520
23149,3979,5307
1399,233,341
2249,377,440
1105,192,220
10201,1744,2255
14446,2469,3127
2258,387,498
301,52,72
3706,657,880
3849,667,814
6038,1068,1322
2425,421,532
4883,803,1065
1256,214,260
1670,279,400
4696,814,1021
4647,761,968
6819,1158,1403
2803,496,598
32771,5503,7265
18920,3107,3998
8116,1402,1692
26775,4491,5765
13362,2245,2849
5218,926,1193
1660,288,362
11377,1840,2573
4332,769,1003
6974,1227,1588
28643,4807,5678
51638,8918,11230
21718,3569,4462
36492,6109,8392
24488,4029,5069
8324,1404,1756
6578,1086,1415
2283,405,479
4448,798,967
8085,1316,1670
6088,1040,1366
18135,3088,3937
44167,7219,9413
6049,1029,1393
8166,1390,1642
6728,1156,1389
2254,368,473
5618,970,1251
8066,1318,1614
1362,230,276
11823,2006,2392
12289,2057,2554
17115,2968,4009
11482,1945,2391
5172,889,1071
397,62,82
3140,533,713
5421,881,1119
5013,766,989
10208,1745,2292
1121,199,261
1430,243,291
8229,1453,1885
12560,2141,2626
43138,7206,8854
1838,331,438
4596,741,978
8860,1527,2097
2102,328,466
2137,369,495
5701,963,1151
10059,1770,2077
13317,2185,2691
2252,400,490
30013,5143,6865
3564,582,772
7952,1383,1843
2149,366,477
1673,295,341
8573,1478,1781
3549,591,820
1672,287,359
1342,248,313
9490,1619,1950
6041,995,1319
6103,1031,1385
6508,1102,1365
2346,401,492
7521,1305,1561
1507,240,422
23179,4018,4941
19786,3252,4079
49176,8251,9844
17951,3103,4051
975,162,217
13818,2390,3105
111327,18484,23294
1858,301,418
49050,8229,9893
2600,431,533
7410,1184,1662
2014,330,387
861,157,194
14726,2317,3036
3219,545,626
2834,466,570
17336,3037,3686
412,67,102
7961,1298,1580
20280,3349,3900
2463,422,584
19185,3355,4390
44533,7533,9487
22084,3740,5113
9850,1720,2305
12515,2162,2541
5726,989,1235
6941,1194,1561
12282,2029,2728
2015,339,415
42821,7137,9050
22167,3635,4569
8054,1358,1777
14808,2481,3019
11849,2036,2500
6266,1052,1440
34635,5923,7920
18859,3267,4100
31711,5337,6578
1325,220,257
982,172,204
1886,299,498
22832,3739,4556
646,102,150
3663,620,813
503,87,119
10677,1729,2185
55644,9643,11598
232,38,54
287,49,78
26488,4642,5676
15212,2689,3200
25181,4308,5111
19781,3185,4555
34689,6003,7941
34143,5572,7290
89018,15068,18646
19194,3272,4041
63407,11130,13702
15696,2605,3308
17550,2871,3809
17788,2879,3924
10253,1835,2408
6220,949,1306
2294,400,455
803,140,167
39360,6446,8634
11055,1848,2361
2109,350,419
26455,4602,5613
26279,4545,5644
26346,4588,5595
912,157,194
1277,224,306
171,30,52
31180,5163,6855
11558,1941,2389
1427,261,295
5528,936,1156
2785,504,611
30975,5257,6486
14697,2511,3030
12537,2111,2672
1619,283,348
9916,1621,1987
15451,2575,3204
6015,1029,1269
5505,974,1195
2802,402,597
5498,961,1172
11468,2069,2444
11219,1905,2445
1727,302,388
1175,190,237
1376,233,307
6970,1091,1392
566,101,127
1059,181,217
1872,332,407
1661,279,330
715,120,151
4654,750,1029
2435,425,497
1716,283,384
13476,2181,2874
9764,1586,2190
5987,977,1249
18323,3326,4290
2978,489,586
2338,388,499
10720,1872,2290
6367,1103,1352
3968,694,839
2498,442,538
3141,501,617
3274,550,656
3057,525,635
4528,754,994
2373,414,530
2117,370,488
8141,1373,1709
6047,1013,1187
16977,2856,3576
3991,696,931
2604,420,580
9490,1624,1976
2342,400,488
2055,344,451
2840,480,625
11174,1911,2345
2061,344,428
6470,1105,1321
4897,771,1029
2537,393,594
2624,471,578
5356,893,1153
3906,653,889
2727,442,559
6470,1110,1336
4816,838,1054
119,20,27
7241,1223,1535
4932,834,1136
4924,788,1034
3319,572,724
861,144,244
990,175,227
5647,905,1150
4647,797,1123
11460,1890,2455
2779,452,586
2637,438,538
501,82,104
18182,3097,3980
1456,256,299
17421,3008,4022
1001,174,217
17667,3025,3900
5347,929,1109
9321,1513,1886
5144,850,1075
3089,535,667
11105,1919,2383
13009,2269,3033
13075,2248,2723
1001,174,217
2603,442,558
13658,2403,2795
9192,1575,2031
5336,928,1210
15797,2712,3419
13670,2344,2920
1834,315,398
2785,469,564
610,97,136
2296,394,497
5741,935,1169
2395,420,541
15673,2732,3624
404,74,105
11767,1992,2350
12546,2117,2531
7068,1215,1600
3294,543,680
5338,880,1162
1342,224,303
7091,1130,1375
4264,735,980
3937,656,809
2206,374,443
2288,391,494
19809,3434,4170
9566,1663,1996
1686,290,391
7209,1253,1531
7292,1241,1534
11943,2071,2649
10131,1678,2045
394,69,87
11824,2019,2517
2937,515,645
56404,9536,12150
12715,2210,2720
26566,4647,5802
18324,3094,3721
2157,363,433
1906,339,415
768,133,169
5359,910,1143
7027,1232,1535
13955,2361,2861
20254,3483,4341
26113,4440,5423
603,114,133
9415,1584,1993
2559,414,499
2711,462,546
1278,222,269
4165,681,886
2319,397,503
5464,966,1281
22087,3785,4958
7363,1275,1558
4567,791,1011
38607,6473,8928
5601,928,1137
4829,821,970
8512,1443,1802
14925,2427,3168
16751,2940,3642
1017,173,216
1346,237,279
1665,289,351
966,169,323
5150,865,1065
3627,592,770
8458,1444,1748
8523,1498,1839
4040,678,808
5706,981,1229
9466,1600,2070
4733,799,973
2437,430,543
11445,2007,2455
5799,982,1151
8077,1295,1652
13834,2380,2906
6752,1131,1439
33074,5433,6520
10059,1727,2086
8403,1357,1711
18649,3174,4066
17809,3017,3996
3439,594,773
593,104,124
3535,564,782
1710,291,383
8363,1376,1946
27418,4727,6367
1250,218,268
2897,508,565
1201,203,256
916,154,223
1274,218,262
32754,5428,6755
18843,3166,4125
1174,204,323
8211,1413,1753
2640,445,505
6671,1185,1460
2290,382,539
1292,214,288
26127,4198,5362
1414,246,302
7354,1274,1667
5947,1012,1265
4743,790,1075
6164,1042,1269
7858,1361,1835
18245,3170,3953
11218,1966,2487
6824,1112,1374
4265,716,883
2931,503,580
4236,737,986
4766,805,1107
866,132,176
6755,1232,1552
4860,825,1010
5751,924,1133
35398,6175,8206
5629,950,1205
7702,1264,1628
10189,1772,2312
409,73,80
1415,249,306
1688,272,379
2793,475,638
13014,2207,2669
32171,5326,6838
1439,253,312
2517,418,524
13910,2460,3007
19316,3415,4261
12725,2187,2690
12796,2246,2622
11307,1941,2435
3594,589,830
4479,764,962
65208,11254,15048
8345,1430,1832
2988,528,679
4806,819,1099
1398,242,378
1196,221,269
4001,689,841
1491,252,309
51717,9060,11170
26405,4348,5657
29243,4684,6125
13826,2414,2959
7965,1413,1743
11183,1882,2384
5475,936,1155
8655,1452,1884
1707,300,379
3417,567,770
44758,7377,9365
17154,2953,4080
7961,1326,1663
13225,2225,2606
34271,6035,8011
44787,7369,9375
12900,2180,2772
725,130,161
1416,251,304
15441,2455,3317
6564,1046,1302
1715,292,399
34973,5592,7219
8506,1426,1866
6079,1073,1321
2670,436,574
731,126,152
4811,833,1110
8212,1425,1827
44740,7554,9610
1513,268,362
17204,3010,3699
18094,2998,3755
6982,1215,1518
5383,929,1152
3421,595,719
79586,13848,16736
1244,212,252
7581,1249,1756
24030,4185,5173
7731,1329,1584
5196,888,1113
2421,415,491
10941,1820,2374
7170,1182,1490
3305,549,648
2190,369,539
19613,3314,3866
15016,2679,3354
15216,2370,3424
18508,3108,3827
17312,2961,3645
2544,435,584
28415,4812,6250
33956,5787,7371
26149,4529,6242
1750,301,381
1796,306,365
4628,813,1037
4156,707,857
12329,2161,2635
11197,1910,2576
11551,1917,2418
11471,2062,2541
1881,324,391
15822,2710,3281
2203,372,532
719,122,149
3026,524,643
2048,324,392
317,55,68
4804,733,895
7937,1313,1595
7413,1306,1647
2502,401,498
3544,598,744
7759,1263,1654
3213,574,692
1039,183,217
4051,649,847
13664,2297,2868
5833,1003,1184
577,96,129
3568,578,704
1386,235,283
1874,331,464
12816,2180,2611
29103,4960,6574
10334,1717,2329
19787,3220,4035
24369,3991,5146
57461,9828,12290
27714,4710,5829
15526,2660,3478
1207,213,257
2542,436,656
10983,1890,2443
21144,3536,4633
15546,2693,3245
3601,578,791
9191,1584,2091
1939,345,415
4389,761,905
4719,804,985
3199,556,666
765,135,160
1806,317,426
3142,534,655
7187,1241,1495
2429,430,589
1542,275,342
6639,1114,1340
111259,18493,22338
1596,276,341
4613,803,975
15325,2471,3113
412,73,99
250,46,51
1062,179,228
48102,8029,10168
1750,309,389
48529,8110,10270
10041,1772,2237
52143,8502,11873
18574,3029,4039
2007,355,430
20831,3634,4490
33429,5860,7351
4592,798,952
5128,863,1103
11244,1934,2426
16281,2801,3508
9325,1594,2087
897,147,180
4376,731,906
1490,249,324
2316,401,484
3872,655,823
1469,249,303
5613,992,1180
1669,288,362
1287,216,271
15681,2708,3481
4286,753,877
2324,378,471
6272,1109,1444
30911,5395,6333
7312,1193,1442
40688,6986,8453
349,62,67
5818,1015,1336
11846,1958,2521
39915,6222,8193
28859,5056,6919
29827,5113,6234
30341,5245,6763
2305,396,480
4857,836,1022
4777,850,1012
2777,472,581
5209,891,1200
2694,457,559
1294,219,273
2928,503,625
10972,1925,2404
25570,4456,5801
3684,601,794
2737,455,555
9006,1601,1999
40674,6884,8828
1498,261,357
7798,1382,1767
1208,201,272
2149,364,450
8370,1452,1893
24084,4259,5371
9738,1665,1969
26760,4254,5537
17893,3028,3717
21020,3600,4611
30577,5258,7301
25439,4409,5222
6752,1129,1563
6801,1062,1451
4743,808,1051
26011,4504,5543
974,166,204
1975,365,431
2223,364,464
907,158,187
52578,8348,11116
4070,710,862
14147,2398,3109
6671,1152,1423
24625,4078,5098
114023,19657,24835
3317,578,724
1697,269,335
3854,665,827
1277,217,282
3257,558,736
1621,281,342
1548,264,340
3557,568,689
15208,2664,3261
23440,3816,5023
13707,2319,2859
21497,3707,4629
2364,391,498
2005,350,417
1586,287,376
739,124,161
15830,2769,3282
1685,285,356
1425,240,300
1755,311,355
936,161,213
831,149,166
37516,6622,8306
1708,300,364
2627,441,556
778,129,152
5061,893,1155
5715,1014,1194
2952,496,657
7638,1360,1651
5356,917,1140
7774,1274,1751
14553,2464,3317
25496,4462,5485
9540,1694,2032
1499,251,308
2827,487,628
10534,1847,2483
7118,1243,1534
1818,308,377
2129,387,472
6456,1120,1361
17064,2975,3720
6960,1169,1459
13387,2230,2825
17238,2970,3780
4991,865,1042
5494,966,1151
847,141,203
3632,609,769
15090,2576,3242
44710,7402,9472
3822,639,854
5170,856,1075
782,138,161
1640,280,382
1436,243,313
17987,3260,3988
8007,1388,1693
18126,3096,3834
11444,1941,2464
1648,288,330
1970,332,409
7204,1234,1538
2431,392,487
1660,291,401
3090,543,683
10583,1738,2410
3210,550,709
1287,230,278
32324,5740,7848
4874,769,1065
50252,8431,10829
7118,1255,1661
84509,14331,18106
18183,3086,3787
576,101,126
2942,516,655
18207,3137,3766
5177,916,1130
3498,611,778
653,108,150
2451,413,548
2058,342,424
2727,469,661
7191,1265,1501
11576,2052,2475
3436,566,696
23014,3818,4791
7637,1288,1579
13968,2352,2892
7688,1267,1634
4855,819,1005
21794,3777,4511
1852,322,427
1905,320,393
5696,1008,1183
7848,1348,1682
1710,279,334
14332,2486,3112
681,121,146
5166,869,1087
521,88,100
452,83,121
17548,2859,3581
24746,4225,5148
1575,271,332
2134,335,410
1502,257,313
12136,2077,2498
11448,1937,2422
31261,5262,6526
2423,421,513
18501,3149,4027
915,160,200
1391,235,269
10597,1831,2268
4314,721,943
12974,2157,2640
6231,1019,1324
3987,706,812
969,165,198
4356,770,961
743,120,165
1623,279,352
3952,678,914
10088,1612,2171
17199,2902,3527
27036,4654,6079
7740,1341,1785
14464,2482,3164
5792,946,1171
2980,532,665
32544,5442,6990
6000,990,1295
9051,1478,1886
28428,4831,5879
5954,1004,1246
4201,700,888
430,73,84
764,135,162
1606,270,333
4595,789,1003
3423,596,782
5251,918,1130
47776,7855,9889
1878,335,425
327,53,66
2689,471,550
2761,471,624
3784,639,802
650,116,136
852,147,175
68032,11099,13381
1215,200,233
12755,2256,2616
19041,3335,4020
1279,210,314
4479,802,970
15582,2575,3517
2568,427,688
8250,1409,1792
7361,1239,1532
8550,1484,1953
7234,1176,1426
15731,2654,3252
3173,536,688
7084,1263,1560
3090,509,627
5610,996,1190
3102,533,669
6490,1074,1289
3459,624,758
19683,3374,4229
4471,739,865
4613,816,993
1730,287,374
3524,633,760
1089,195,235
6030,1019,1304
2146,372,467
6310,1036,1318
4981,865,1031
37472,6017,7522
37730,6615,8350
6040,1006,1208
13534,2330,2895
3616,609,811
792,141,188
5243,901,1028
614,104,138
1809,308,369
2928,493,623
62461,10809,13906
21850,3646,4802
6930,1182,1419
3065,495,602
1887,308,380
5401,918,1193
2679,470,581
2225,387,471
449,85,103
553,99,116
9340,1590,2123
6980,1155,1472
10247,1610,2170
1003,173,203
16987,2928,3520
2722,445,526
3692,650,758
1629,291,350
1505,270,347
29107,5043,6322
12365,2114,2644
7024,1158,1486
2239,379,477
1133,196,230
16918,2873,3469
28835,4717,6236
1404,251,315
13603,2379,3015
30840,5234,6956
11358,1924,2298
3284,543,656
4151,692,912
2928,484,658
64159,10654,13013
3238,527,733
20204,3392,4288
17122,2905,3770
21258,3656,4978
7203,1220,1579
476,84,92
10052,1667,1952
10267,1742,2217
1166,203,258
1846,301,363
6751,1171,1503
1845,308,374
23282,4040,5153
806,136,170
9035,1595,1920
10554,1899,2326
5084,878,1076
14284,2463,3284
1145,195,232
24025,4015,4912
38236,6383,8321
5627,972,1219
2029,329,415
1186,211,262
2113,346,439
9388,1557,2009
11532,1923,2436
47544,8348,10222
7927,1388,1656
2139,374,556
17928,3101,3830
4795,821,988
741,123,161
19757,3404,4229
2171,368,487
3447,619,762
4298,739,991
4109,689,857
1618,294,357
2446,441,539
1914,325,439
13917,2275,2763
1164,200,231
1804,302,344
1419,256,323
11054,1931,2383
2991,501,610
765,129,167
3997,658,826
2031,349,432
4968,802,1063
2009,342,460
2302,406,500
86422,14483,18715
32961,5398,6602
8867,1538,1842
2386,419,500
4027,702,859
4429,729,941
26406,4665,6438
2786,478,617
8993,1528,1906
3224,549,667
7180,1267,1605
3363,590,756
30266,5024,6055
907,151,182
2720,473,558
46182,7733,10432
39958,6617,8207
2843,484,620
12159,2024,2516
8776,1468,1978
836,143,197
36939,6152,8148
704,124,137
8612,1420,1689
16384,2763,3350
37050,6155,8209
4270,752,1077
2090,336,415
15498,2651,3428
39206,6804,8342
11712,2095,2534
22545,3931,4838
44179,7607,9520
24725,4135,5751
1646,274,342
17278,2845,3792
9195,1581,1949
4216,742,893
25550,4264,5328
17734,2994,3689
11850,1948,2393
8417,1512,1855
14749,2520,3019
20968,3641,4687
12850,2257,3040
14127,2384,2929
3083,520,715
4678,777,986
10678,1854,2328
12516,2171,2603
10596,1783,2220
5124,898,1051
23303,4058,4885
40521,6723,8620
13504,2347,3030
5700,990,1274
11166,1876,2307
4315,720,909
2533,433,610
2461,434,536
2275,386,504
13481,2249,2841
558,100,122
7009,1167,1468
9099,1565,2035
3917,659,865
4734,834,1075
6116,982,1226
4688,803,958
2068,355,457
4724,803,1096
3106,519,608
1805,321,415
19339,3076,3949
3908,677,823
2046,355,462
1846,325,398
5943,998,1185
19621,3315,4338
29329,4867,6315
40087,6648,8299
6659,1142,1453
31347,5372,6937
3090,527,666
3430,565,700
1056,178,242
1554,265,356
2762,457,559
25762,4257,5739
16873,2902,3401
2545,433,567
16360,2819,3389
10456,1760,2218
1790,306,388
4051,673,871
15851,2768,3588
6593,1138,1387
44235,7753,9327
5819,990,1282
935,167,198
2553,448,569
41626,7023,8669
12578,2207,2726
59624,9969,12317
7064,1155,1505
6350,1063,1302
9506,1629,2082
2709,447,652
971,168,198
17432,2928,3794
5997,1019,1334
10410,1801,2180
7300,1291,1663
1314,217,268
2244,376,451
2473,436,558
8018,1361,1738
30083,5122,6858
26524,4560,5797
782,130,152
2332,385,537
6550,1125,1462
2791,469,537
28605,4941,6331
20857,3635,4441
17048,2950,3792
28778,4988,6651
12693,2085,2924
2060,356,439
1726,294,374
12128,2101,2684
4287,750,855
691,124,147
4011,697,842
8277,1454,1867
5297,885,1169
20330,3417,4356
11077,1901,2578
3039,531,635
2175,357,436
4960,797,1106
4353,772,955
6979,1156,1518
7850,1357,1694
1652,282,342
8130,1378,1820
1530,254,305
7797,1305,1725
2676,450,611
20262,3495,4329
10093,1756,2238
11131,1937,2433
4833,847,999
2004,329,408
1431,229,301
702,113,155
2019,339,466
880,151,215
5091,879,1123
5766,992,1206
10405,1767,2205
12424,2112,2558
2332,385,538
2041,360,400
5456,897,1147
3022,513,647
6563,1093,1343
1804,327,413
6455,1082,1322
4074,683,851
6703,1140,1432
11129,1903,2289
8747,1566,1986
2741,468,599
6203,1069,1295
2811,477,603
2587,453,541
895,147,181
3488,578,697
1819,322,387
8364,1450,1891
9144,1661,1922
12451,2194,2950
1200,199,218
10492,1774,2232
4774,866,1030
3852,662,838
1464,257,311
6324,1068,1432
16736,2905,3685
4753,768,1168
8162,1331,1694
7968,1334,1645
19071,3270,4323
1835,304,418
4064,711,846
106133,17867,22557
8677,1468,1783
991,170,213
1219,205,247
22746,3844,4969
4838,831,1116
9635,1694,2515
1748,281,389
4959,815,989
9663,1661,1984
10444,1749,2253
22011,3617,4894
16089,2820,3559
31748,5523,7042
23751,4009,4903
11707,2061,2608
1424,246,299
4712,839,1004
1646,273,339
707,114,148
42622,7581,9549
16614,2884,3534
15863,2738,3559
23507,4005,5161
2305,386,546
24354,4157,5078
3922,662,851
14103,2475,2985
13816,2368,2963
5237,878,1114
13536,2344,2768
9186,1545,1916
5587,947,1227
13107,2232,2822
2377,410,537
1239,211,294
162,32,45
1062,193,244
1468,237,298
13843,2367,3090
3453,611,697
21470,3729,4552
854,141,180
88216,14948,18759
11640,1916,2399
15302,2617,3456
7154,1238,1549
35111,5992,7223
2060,355,470
901,149,198
1188,219,265
5776,937,1178
7027,1250,1502
21715,3699,4624
21750,3759,4561
3604,642,771
1557,266,333
11444,1942,2486
3419,552,673
11471,1945,2513
2127,374,498
5269,875,1065
7755,1330,1603
13736,2373,3376
11929,2031,2554
22648,3869,4853
3387,586,713
9825,1702,2216
1386,211,279
4107,692,826
15107,2534,3103
15970,2630,3335
869,145,169
56563,9515,11968
12030,2203,2827
21045,3569,4440
799,121,166
28031,4658,5568
33531,5497,6568
10246,1773,2090
28016,4659,5500
7216,1187,1470
8217,1454,1808
14042,2321,2868
5011,861,1196
2558,425,544
3070,531,686
1182,214,250
7913,1305,1673
16814,2950,3688
12122,2112,2540
5244,901,1209
5122,826,1034
5564,928,1170
5747,988,1222
14259,2461,2894
1603,283,385
38306,6419,7998
2623,467,570
10417,1810,2176
1166,195,241
1483,250,313
7155,1252,1583
21128,3679,4583
15767,2633,3252
39266,6525,8181
13998,2338,2922
1662,280,353
21126,3682,4573
9991,1709,2016
45,7,10
2918,504,703
5431,927,1096
4483,745,1006
9143,1545,1896
19606,3287,4107
19524,3322,4179
4637,762,1020
930,155,185
1262,224,305
4533,755,943
10167,1768,2238
4912,819,979
14123,2439,3122
8590,1493,1794
21845,3736,4835
15018,2546,3146
3956,680,903
941,161,203
11361,1934,2466
3046,528,635
1533,266,309
1925,333,400
4353,739,850
2330,381,487
5587,945,1121
1187,205,256
1784,286,411
19969,3375,4063
6197,1046,1311
8896,1527,1946
366,60,94
16600,2965,3569
10942,1922,2425
13820,2347,2868
11417,1928,2428
19220,3199,3752
2896,508,580
1500,252,321
25617,4366,5395
4959,840,1169
5786,1027,1233
1640,266,343
5828,1023,1322
5466,874,1161
48312,8333,10361
1597,257,304
4624,781,957
1097,195,241
10719,1856,2292
385,62,89
1863,295,382
9200,1508,1850
2165,375,466
1218,194,227
7985,1404,1744
597,99,137
4014,667,887
1728,287,357
3278,541,693
7187,1230,1536
5558,971,1222
4380,759,975
17922,3167,3883
18510,3174,4053
8735,1476,1870
7272,1288,1671
4069,665,919
7565,1255,1460
2370,376,515
1656,296,381
35843,5902,7083
15848,2688,3392
2552,436,527
18797,3189,4172
3056,521,690
15779,2670,3349
14973,2561,3085
10524,1778,2192
677,121,139
5996,1045,1201
4712,764,921
2168,365,437
6359,1029,1282
10274,1747,2152
8566,1427,1768
13000,2100,2605
42275,7140,8989
29465,5061,6179
7586,1379,1759
3520,595,717
4786,833,1013
6206,1040,1338
16688,2884,3565
3910,649,860
29911,5019,6644
25528,4400,5529
9304,1611,1849
4658,767,965
6781,1122,1335
19369,3330,4151
1827,317,404
31914,5569,6741
8482,1375,1778
7405,1265,1784
1745,285,387
3212,555,687
36028,6219,7613
5107,873,1063
21202,3539,4604
24198,4177,5389
2974,486,601
5030,889,1162
1267,224,278
4828,820,1116
1323,217,279
993,178,211
1682,277,326
9338,1582,1899
4876,857,1059
896,152,193
2781,466,589
3034,501,617
5102,886,1022
46423,7813,9678
24027,4177,5360
9484,1623,1967
43666,7374,9422
18095,3189,3875
4617,801,1076
9263,1596,1865
1881,322,400
8120,1431,1688
6165,1056,1490
2481,418,534
4436,782,968
5413,890,1165
4090,679,883
18709,3227,4069
15404,2634,3202
8907,1492,1860
3946,643,842
4415,764,1014
2451,413,463
1154,192,247
4797,774,1045
843,135,172
15002,2572,3280
19131,3272,4300
1371,234,320
4500,768,910
56686,9404,12067
43031,7608,10254
11980,1907,2734
11525,1914,2248
19242,3467,4054
11213,1770,2385
5895,945,1204
3932,681,897
21328,3459,4653
4877,872,1044
1562,281,350
2163,377,471
2775,503,605
16418,2828,3498
17323,2943,3698
3761,654,873
2032,380,469
3322,582,715
8527,1457,1816
2916,492,597
16315,2822,3478
1327,223,262
5194,896,1123
1427,236,301
6730,1097,1384
1440,259,339
434,80,97
2700,456,559
15740,2787,3381
10839,1779,2452
11334,1982,2493
5249,864,1104
2869,503,616
879,147,178
7547,1243,1478
7350,1278,1744
2209,389,464
2451,391,485
1485,268,389
8916,1551,1951
1002,157,188
3990,684,807
818,143,190
4177,709,807
1359,236,287
30442,5403,6519
6752,1166,1454
1888,315,387
604,104,121
41673,6968,8925
22613,3851,4871
14749,2511,3010
25316,4415,5618
665,117,147
2277,353,439
10137,1727,2315
9290,1578,1902
18468,3125,4575
2288,384,451
12360,2150,2710
206,35,48
3119,536,700
2963,534,634
1609,284,352
27163,4664,5769
31373,5402,6523
17679,2908,3611
1667,285,406
69091,11718,14622
25573,4328,5591
5298,916,1080
667,112,141
2979,506,649
44505,7605,9196
1200,196,251
1649,269,367
39884,6845,9532
14968,2529,3215
5208,924,1475
3140,520,696
7125,1185,1523
24151,4113,5163
2746,442,531
19161,3307,4003
4379,709,877
9892,1600,2129
16742,2875,3363
5422,979,1189
21912,3659,4405
48061,8220,10050
11239,1923,2489
2409,423,485
840,145,176
3301,540,699
14312,2350,2757
13127,2123,2699
7452,1287,1625
940,159,194
18238,2988,3966
7841,1333,1645
1287,214,256
1116,183,245
2914,480,580
48193,8055,10457
6777,1193,1572
6431,995,1223
5825,972,1240
43715,7183,9002
5198,865,1135
10814,1878,2313
5054,864,1166
1662,278,323
966,160,204
2187,360,495
106372,17839,22201
4366,751,998
3052,531,620
2952,472,638
24998,4379,5686
9403,1593,2036
3690,636,856
2257,384,489
7765,1264,1519
3196,532,628
2323,385,485
6653,1128,1433
3471,604,733
2832,496,645
7712,1330,1706
94619,16060,19920
2587,453,541
2266,391,527
4435,729,954
31979,5288,6814
5942,1060,1289
13270,2343,2831
5984,1014,1296
1065,182,203
7358,1255,1588
4398,744,912
3359,553,746
2834,481,664
24532,4202,5191
2554,426,506
678,117,169
158681,26629,33602
3352,580,738
7329,1199,1622
1465,262,361
4603,779,908
21666,3699,4583
1983,346,458
2283,384,462
15708,2702,3452
27449,4714,5965
4734,798,986
14936,2586,3439
20578,3544,4866
12367,2152,2756
7425,1271,1543
23992,4097,5630
15746,2710,3444
7568,1305,1699
14377,2515,3015
4520,826,989
8597,1478,1880
7236,1250,1637
5383,953,1343
36987,6550,8094
5731,951,1433
785,136,154
3346,565,722
4196,707,964
4270,743,914
2107,346,442
14603,2419,2993
3464,559,774
11370,1951,2417
485,82,103
4763,797,1044
2909,476,611
1105,189,235
4395,792,1011
3210,554,743
1974,333,447
8245,1392,1686
11339,1840,2359
31165,5142,6147
22784,3758,4755
6552,1112,1387
4492,741,1019
1979,339,443
6395,1074,1296
3151,553,644
9126,1599,2006
11443,2005,2363
5507,917,1098
5265,935,1237
1000,166,202
50389,8552,10786
12203,2075,2578
4986,845,1002
1649,289,367
165,25,44
25086,4234,5894
16905,2856,3764
3760,651,776
3723,645,817
6149,1081,1326
16140,2685,3196
4978,835,1054
4315,758,897
198425,33037,40596
3909,642,857
212223,34397,42061
8485,1456,1774
10704,1834,2260
1813,313,396
6817,1083,1346
888,151,199
371,59,67
8904,1493,1845
2630,460,574
13926,2356,2826
2700,468,584
4632,827,993
32409,5611,6914
7257,1240,1489
13864,2403,3021
8728,1455,1899
4057,724,936
1472,267,317
1900,342,424
1947,346,438
10366,1737,2243
3472,580,745
5874,940,1174
9143,1655,1989
7552,1342,1569
11914,2030,2585
10294,1737,2132
8992,1432,1937
3447,609,808
3211,572,708
510,87,104
6366,1076,1468
21232,3431,4411
9144,1560,2028
12058,1998,2409
9152,1563,2035
17702,3006,4080
9597,1656,2000
508,88,104
550,95,122
25059,4189,5740
2634,451,543
32135,5577,7345
3906,659,803
1696,300,393
5972,1001,1355
824,134,178
10297,1686,2387
15255,2599,3301
1491,255,324
21486,3660,4642
6935,1193,1533
7574,1304,1648
15267,2681,3321
1687,290,378
53157,8453,11194
8788,1504,1906
17383,2935,3799
8539,1465,1899
25872,4345,5776
7326,1276,1627
54995,9207,11384
5551,957,1186
7311,1276,1612
9899,1723,2116
4815,787,997
4502,743,921
4546,771,977
9654,1640,2023
14088,2384,2973
11148,1809,2377
5323,914,1087
11034,1922,2481
1782,296,350
1551,266,315
6350,1124,1304
571,100,129
1143,203,248
7532,1235,1626
3188,526,654
14589,2530,3152
13803,2464,3109
11767,2031,2754
1255,208,282
1968,335,406
34066,6112,7579
12810,2058,2832
8831,1483,1893
4534,777,1022
7297,1256,1703
7224,1218,1569
20729,3566,4404
6626,1106,1400
12864,2236,2669
13602,2305,2954
9053,1495,1872
7169,1225,1684
1213,207,283
2708,470,619
6107,1103,1371
2244,380,526
25036,4061,4947
9454,1598,1852
9896,1658,2057
9704,1591,2064
1478,239,328
3217,539,692
49175,8347,10406
33886,5848,7259
6551,1121,1485
7113,1187,1518
6190,1014,1369
25261,4317,5339
1798,327,440
9269,1549,1882
33656,5774,7304
25733,4265,5261
1036,184,243
763,128,169
756,128,167
795,134,182
13309,2258,2693
5775,957,1225
1200,202,294
27814,4687,5695
1373,237,309
54817,9457,11613
9696,1671,2085
8633,1510,1839
10068,1675,2060
17067,2978,3563
6453,1095,1549
5865,990,1262
34913,5806,7173
10252,1718,2093
11277,1905,2433
14925,2589,3165
3313,572,749
14334,2447,3026
6269,1088,1263
2127,363,460
2953,514,635
7740,1298,1618
3110,451,651
5239,895,1213
4899,901,1158
20457,3533,4326
7133,1226,1587
3820,676,852
2745,453,529
839,151,180
1673,291,380
40239,7090,8630
4907,861,1060
2263,387,476
22729,4038,4811
11638,1972,2425
1605,277,326
2565,442,616
800,136,175
5997,1017,1218
3206,551,722
16429,2737,3276
10682,1849,2416
1982,324,462
8605,1500,1928
12288,2097,2778
4361,762,1008
3750,639,974
20796,3542,4353
17135,2920,3438
3239,544,693
16634,2866,4020
515,92,99
4848,863,1040
1496,259,345
14184,2368,3063
15920,2865,3471
10366,1767,2238
25205,4348,5725
15650,2656,3403
21050,3529,4576
5794,934,1207
8458,1446,1849
1711,311,366
7993,1346,1791
1701,311,412
3956,651,815
4019,686,855
10856,1859,2190
33266,5651,6911
3473,574,775
10513,1808,2175
7409,1285,1705
2638,456,640
4756,826,1025
43043,7561,8987
881,157,185
4201,700,888
3811,665,962
1934,317,416
843,151,174
5630,946,1194
4112,685,888
3229,555,740
7180,1199,1571
3998,684,843
9723,1651,2219
61778,10149,12643
20872,3538,4353
10867,1907,2714
18077,3059,4470
31338,5264,6232
3996,685,841
11929,2031,2998
5620,965,1222
16543,2702,3786
68366,11736,14372
8333,1398,1735
6185,1087,1373
10927,1880,2380
2528,426,489
916,153,189
2917,491,617
6715,1134,1544
3755,625,757
8907,1467,1966
35162,6097,7602
10578,1853,2296
4040,656,830
14862,2563,3350
1164,201,245
858,146,183
18480,3115,4032
1347,224,271
643,112,138
63220,10618,13230
3648,641,728
31056,5251,6762
23143,3804,4945
15884,2601,3240
18126,3097,3903
41267,6838,9067
4128,720,915
4191,725,1006
18867,3201,4063
9317,1609,2000
5675,943,1239
13111,2282,2701
18600,3202,4202
25318,4272,5332
16121,2764,3312
5798,1012,1205
1268,200,290
6588,1090,1423
162,30,40
1178,214,283
2299,399,486
2146,369,474
46946,8146,9603
1280,216,284
11796,2094,2672
5220,915,1205
31415,5118,6149
7658,1284,1591
5877,960,1250
5157,915,1138
1148,201,247
1751,294,352
4056,657,810
252,46,52
12377,2067,2515
8581,1446,1803
404,61,93
1040,192,237
144,25,30
16439,2845,3380
16950,2742,3384
4445,738,904
1427,246,326
956,159,197
5032,888,1069
1311,234,282
5632,1024,1281
10343,1791,2161
10156,1721,2004
1090,184,234
2365,412,499
4414,774,1012
7353,1253,1702
14441,2526,3195
1608,261,337
11846,2087,2667
690,130,144
990,168,213
772,135,164
670,112,145
7949,1362,1642
11402,1977,2534
16482,2727,3434
1195,220,279
1522,269,357
1063,158,232
1474,243,320
8088,1305,1692
2065,341,412
3611,615,846
4688,744,925
3220,567,809
8151,1411,1982
1653,289,402
211,36,42
22873,3907,5010
5809,978,1188
2763,478,595
12243,2128,2573
5098,882,1054
47343,8076,9953
2058,340,474
5060,895,1020
3452,590,755
8041,1435,1853
6889,1172,1413
1340,220,272
1906,310,374
824,133,185
1237,200,274
834,142,181
17507,2897,3604
1752,298,384
1298,222,274
1242,220,273
8914,1474,1931
37629,6235,7924
15105,2540,3162
8939,1511,1882
6789,1188,1518
9575,1599,2022
141,26,33
2762,465,618
13323,2329,2982
5371,913,1092
2264,390,505
1195,205,263
1039,181,234
13574,2347,2920
7373,1215,1552
8865,1444,1857
13369,2235,2727
31471,5411,7164
2998,509,635
338,60,74
2665,448,564
2155,367,443
3517,605,791
1638,292,353
9602,1650,2095
4129,703,920
15234,2632,3402
9522,1620,1952
7001,1192,1517
1304,232,287
27412,4552,6597
6326,1087,1278
12320,2095,2571
1720,297,381
3084,513,611
7735,1294,1614
3058,532,660
98597,16599,20727
3204,590,719
17052,2990,3742
3864,669,881
3992,704,879
12047,2008,2488
7775,1339,1756
7463,1274,1590
12576,2137,2635
5021,867,1190
1559,263,335
7465,1280,1556
24664,4112,5161
12563,2140,2638
5032,881,1210
7862,1291,1582
10772,1838,2163
8892,1519,1941
9211,1549,2189
665,115,135
9657,1635,2026
23789,4129,5112
1784,299,382
5048,866,1108
953,155,198
24311,3987,4813
12309,2144,2790
11086,1875,2345
5445,938,1127
12953,2282,2817
14563,2542,3681
2581,418,508
1324,220,273
500,84,137
3565,607,760
3018,509,623
445,74,99
1071,188,230
1149,199,253
1131,197,256
1775,296,381
2386,391,483
2633,461,551
1429,242,282
986,174,217
3386,589,762
3404,580,675
376,63,91
23697,4129,4967
1500,260,315
5804,996,1258
636,109,126
3622,568,706
390,69,81
6083,993,1264
104643,17750,21959
6101,1022,1382
8269,1352,1788
21053,3477,4451
8431,1450,1836
1220,217,275
3051,511,645
1317,232,292
607,105,122
21416,3699,4494
56737,9414,11464
49533,8506,10957
59293,10042,12544
1432,244,298
991,167,213
2022,335,409
1947,342,445
884,146,215
4092,680,821
11656,2084,2679
8766,1464,1797
1876,320,427
51014,8590,11080
7194,1179,1404
10157,1686,2197
2706,456,590
829,148,207
6695,1147,1463
792,146,200
4154,667,942
2076,361,438
1320,228,270
24343,4286,5739
21697,3721,4504
10023,1733,2135
9959,1760,2198
1681,298,353
1019,176,210
13848,2356,2930
34757,5845,7196
14637,2581,3168
25343,4376,5869
2558,434,582
515,88,102
4500,780,986
26575,4550,5670
19894,3290,4020
901,157,230
38252,6294,7669
12902,2142,2619
18252,2984,3787
2504,433,530
1776,303,383
993,167,201
30518,5184,6724
15352,2421,3109
2190,389,513
3233,576,728
7087,1186,1456
3801,643,771
5654,981,1199
992,176,226
1565,264,334
4614,779,1034
1164,184,239
1367,227,284
1120,203,250
1121,190,231
34454,5824,7297
16465,2883,3550
2609,423,541
12999,2169,2840
3772,609,754
3894,661,810
17615,3042,3706
82838,14280,18306
30701,5403,7195
5555,928,1177
3295,551,715
2238,352,463
8777,1516,2040
5673,972,1159
2395,414,462
3415,562,671
2321,381,473
2207,362,452
2856,490,603
8011,1380,1717
2232,357,514
23298,3797,4709
3916,668,866
2022,367,442
1531,258,321
2227,372,484
3493,562,693
12424,2153,2634
4870,853,1068
36706,6484,8433
1500,264,375
5388,951,1168
712,121,149
4014,686,870
4411,730,947
6191,1101,1543
7020,1200,1450
16098,2730,3450
5853,976,1243
3165,519,651
1156,202,242
7213,1191,1517
1617,274,324
1573,251,312
13348,2319,2799
12746,2163,2969
4081,693,847
3401,593,692
849,153,215
1549,258,312
1010,176,230
1381,233,281
5022,796,1090
1433,240,303
2072,340,428
2176,360,474
1962,347,405
4644,774,950
8031,1348,1682
7288,1255,1537
14189,2425,2964
17130,2885,3644
3093,534,707
8351,1421,1957
10303,1811,2278
1979,348,462
1270,209,286
2832,465,549
4957,862,1044
13245,2173,2743
8235,1419,1804
1224,229,275
8060,1407,1729
6218,1025,1231
3268,587,784
3584,579,713
4307,698,910
2159,376,453
4482,736,990
971,170,220
4790,790,1036
1667,296,359
10855,1838,2255
4470,743,991
4501,728,958
4653,806,923
2386,392,489
1289,211,256
1358,232,350
2033,360,436
16917,2720,3535
26505,4499,5981
7169,1181,1526
655,116,184
8662,1474,1826
11497,1869,2401
47622,7658,9502
1029,185,230
570,93,109
1133,192,235
2630,456,556
6656,1135,1374
28996,5092,6360
8447,1440,1830
8794,1500,1953
2035,349,437
9271,1619,2131
16730,2870,3579
6024,1037,1261
36537,6104,7669
12257,2082,2592
2017,323,398
50023,8177,10521
5894,1026,1234
20137,3241,3965
14637,2483,3059
36101,6233,7549
20107,3402,4309
1168,199,270
18098,3070,3835
58127,9800,12940
11563,1976,2517
11900,2058,2450
89556,14901,19658
2139,369,464
6952,1214,1592
28012,4641,5732
12458,2199,2870
3289,551,715
4392,753,1016
3643,607,873
52738,9108,11048
5485,921,1180
2559,450,561
1215,211,259
3712,627,767
1056,180,214
839,145,181
1594,268,328
1583,286,343
5191,876,1157
12832,2114,2485
1958,318,390
593,101,151
65249,11413,14026
14956,2585,3222
13678,2444,3361
4397,732,919
25948,4443,5830
28497,4869,6581
1119,196,251
3603,613,771
307249,49561,61949
12908,2204,2820
15991,2744,3505
16047,2715,3587
34206,5854,7463
42115,7097,8878
1664,269,359
1343,217,298
214,34,46
2492,421,530
2025,346,409
13359,2280,2994
56617,9956,11884
3292,540,702
7716,1275,1668
1084,182,218
1756,308,369
1065,185,236
1251,219,284
1562,258,338
1588,260,297
1903,325,387
3289,552,895
8546,1460,1842
9604,1702,2289
5607,926,1134
2961,510,581
1254,196,244
3250,533,643
1088,190,226
3196,528,702
434,70,77
1080,186,216
1115,194,225
2529,434,530
5342,925,1104
7292,1174,1446
12794,2195,2857
2913,478,584
7005,1227,1535
2871,494,628
27100,4420,5420
616,106,138
3456,582,733
2472,423,574
996,173,242
12190,2056,2862
15369,2755,3460
1533,254,308
2927,482,632
4930,825,1066
2859,497,632
8675,1522,2007
1592,263,391
9472,1645,1985
29076,4920,5823
3969,676,819
8298,1398,1730
31643,5431,7029
1101,190,221
3881,665,779
569,93,142
16434,2820,3566
63268,10571,13615
13758,2191,2723
14701,2456,3047
437,75,91
11696,1999,2367
5225,868,1219
1220,210,239
3278,576,703
9586,1653,1918
2059,354,427
4465,723,944
1087,176,217
10921,1876,2249
16548,2740,3201
1202,201,253
16478,2812,3463
8446,1407,1683
1152,188,231
4836,816,1002
16132,2657,3284
11241,1842,2381
53283,8670,10655
12069,2022,2471
18344,3121,3908
2122,323,518
1197,209,281
1200,213,251
2093,369,436
14175,2505,3220
1770,296,357
4287,761,945
4446,748,999
1898,342,397
10443,1823,2111
2557,442,585
16641,2812,3477
6465,1080,1348
7787,1263,1569
9834,1715,2173
15057,2561,3217
8354,1501,1880
345,62,90
325,61,99
1263,213,293
7143,1268,1480
30450,5173,6349
1396,231,287
4608,783,1068
2388,410,537
1531,269,332
1578,270,312
10577,1780,2251
27558,4617,5386
31081,5431,6604
16527,2875,3579
3978,664,802
8735,1509,1796
13448,2364,2885
942,170,198
9389,1539,2179
3310,579,720
2961,494,680
1127,197,234
1971,334,405
402,73,85
33049,5743,6909
3958,686,907
4630,763,977
25098,4172,5316
25537,4324,5175
2895,493,613
13030,2247,2849
8037,1425,1818
4823,800,1011
3464,563,706
1178,189,243
722,126,163
2089,328,402
1803,312,428
768,132,187
5083,834,1110
513,89,107
2034,348,435
1037,171,204
1217,203,242
1749,301,362
14416,2424,2914
21066,3553,4236
8950,1532,1938
5363,895,1184
1173,202,287
466,82,99
5530,957,1279
1391,233,294
9357,1517,2047
3395,571,780
4411,704,879
1042,180,209
1693,303,381
31860,5178,6318
19282,3210,3980
9604,1622,1956
8285,1446,1872
15137,2547,3190
2652,461,604
7806,1312,1730
4018,690,938
7995,1332,1733
6862,1176,1446
19532,3346,4377
5198,879,1090
60913,10169,13151
1151,192,231
3528,582,662
258,48,54
5261,883,1117
4675,770,954
9116,1562,1855
13825,2321,2768
606,112,138
6784,1162,1481
16352,2789,3589
19497,3184,4142
7530,1338,1586
59543,10095,12561
2995,511,604
4541,798,951
9201,1549,1881
7328,1249,1557
7106,1251,1563
4990,847,1027
5725,929,1222
28793,4719,5912
7761,1376,1629
2857,460,614
1490,264,332
12444,2233,2742
5949,1032,1377
1269,202,226
13644,2310,2801
5667,940,1226
4931,867,991
22603,3870,5292
2640,453,573
49868,7962,11003
20404,3510,4540
763,135,163
7466,1303,1835
9348,1621,2043
5103,845,1112
20369,3540,4508
1022,168,200
258,47,59
3407,580,724
700,120,136
5079,872,1123
1783,298,362
1017,182,246
6461,1041,1441
34544,5844,7075
2215,373,476
15689,2635,3341
40020,6803,8299
1763,292,383
1011,167,200
3073,519,644
5331,913,1092
1139,201,239
1335,229,255
2076,350,447
4947,872,1043
2732,456,575
5685,961,1312
845,152,188
776,129,150
16114,2803,3587
1348,231,261
19064,3213,4156
1454,249,278
36476,5935,7264
1119,200,229
5502,922,1073
32761,5503,6809
6201,1037,1251
4737,835,1075
21376,3620,4555
989,175,250
1125,200,229
1605,281,396
1895,320,394
4812,843,1070
8333,1390,1860
17274,3059,3852
13159,2243,2769
31248,5512,6921
21539,3602,4349
21264,3588,4397
1031,184,236
2930,503,662
1434,240,299
7441,1196,1565
11233,1991,2646
3092,514,661
5738,941,1143
29431,4975,6344
9323,1639,1995
4271,708,896
1845,306,382
44554,7388,9534
4590,762,1013
22862,3993,5229
594,101,132
4604,772,958
3084,549,678
11189,1988,2517
24067,3964,4676
9948,1576,1996
1685,289,357
18501,3123,3906
21404,3651,4460
22045,3527,4367
2411,394,481
11186,1945,2343
7192,1237,1640
25705,4200,5060
2613,431,535
10212,1742,2066
2441,420,564
4458,680,867
6797,1182,1429
7856,1359,1730
30665,5381,6407
5448,949,1180
8633,1479,1858
1810,312,366
37936,6355,8059
595,94,132
8480,1473,1787
4424,724,892
1045,179,237
5517,952,1088
5398,898,1193
10942,1897,2294
24153,4077,5274
4229,728,968
46360,7715,9294
10424,1830,2506
4489,765,993
7445,1246,1636
18639,3234,3889
3263,585,757
3338,596,761
21675,3732,4642
15866,2673,3724
14551,2535,3400
30787,5262,6560
8804,1426,1951
30889,5059,6822
18519,3173,4011
1829,300,384
968,169,211
24133,4117,5000
745,130,156
1432,241,286
1129,191,244
919,150,189
1235,210,272
860,146,198
1132,196,276
8553,1440,1727
901,161,215
2456,410,488
1118,201,283
3842,668,798
4759,841,1077
7221,1292,1578
3334,556,781
19857,3370,4213
29531,4891,6431
1607,271,347
2515,425,578
19396,3298,4120
2576,436,644
6363,1148,1577
3747,642,766
3612,640,783
2352,396,500
3074,532,631
8879,1591,1942
3316,574,712
3746,605,823
2407,403,473
2041,341,439
169,32,39
11887,2095,2592
3268,565,789
3178,529,666
1880,343,424
11470,1995,2512
6963,1199,1531
4124,701,852
10193,1737,2054
749,129,175
21277,3485,4502
17474,3010,3778
1273,219,261
1301,223,346
5618,909,1185
3833,715,909
534,84,111
1102,186,248
1344,233,266
13736,2379,2987
11108,1852,2438
28655,5061,6138
4879,838,1030
1246,203,263
25638,4307,5614
47137,8100,10627
25628,4359,5679
32377,5411,7018
975,168,192
2559,439,592
903,155,204
3645,612,755
3727,656,768
4681,827,1010
8436,1399,1712
7338,1247,1599
7488,1298,1519
11641,2026,2446
3808,647,905
4780,819,1000
1254,221,257
3725,616,850
1329,233,312
1714,289,370
2646,481,611
1890,321,411
9191,1544,1877
8187,1415,1691
2188,368,487
2168,370,497
5833,1007,1242
4106,737,928
4855,833,1037
2350,418,494
10747,1825,2253
8548,1505,1797
11797,2033,2626
914,156,190
9689,1721,2255
3430,581,730
1759,305,371
4254,742,1013
884,146,175
237,39,56
3578,590,768
1055,196,263
3830,649,842
2287,378,476
1465,246,305
4471,768,932
526,90,117
3015,524,687
3346,554,674
9429,1574,1960
13687,2275,2825
1538,255,356
5565,966,1162
5028,825,1008
1191,192,256
5453,955,1288
15508,2624,3220
8675,1502,1914
26410,4548,5418
1177,204,245
6385,1087,1469
9716,1698,1983
4398,723,876
7197,1193,1567
14152,2421,2942
11484,2018,2607
5377,895,1129
1417,245,295
2804,504,600
10420,1761,2190
14369,2511,3092
8187,1436,1811
8029,1433,1862
10827,1865,2557
5332,932,1161
35222,5913,7305
57886,9928,12087
5311,893,1133
28609,4785,5926
22384,3954,4883
18471,3163,4042
1041,178,213
2293,370,544
10540,1866,2315
22797,3745,4853
13918,2317,2810
20938,3537,5095
8843,1564,1875
28905,4759,6279
22830,3751,4911
7968,1339,1633
12761,2166,2734
8941,1537,1966
1613,294,337
1431,248,310
2807,471,562
1869,320,397
2839,465,602
2129,358,451
2068,358,519
25161,4309,5388
4849,791,953
1026,172,261
11112,1841,2352
774,132,175
9940,1669,2076
31865,5518,7377
7246,1178,1501
6263,1090,1340
459,77,100
10890,1945,2503
11550,2066,2604
24487,4287,5683
1938,317,438
1375,244,290
1629,277,327
9641,1558,2167
1587,278,314
20790,3591,4412
9690,1568,2155
12005,2026,2548
14033,2401,2996
12162,2046,2688
24246,4222,5525
2766,450,588
2393,403,475
1408,245,309
9564,1569,2129
18392,3129,4136
2928,515,625
993,183,214
10179,1745,2229
2506,430,534
31828,5370,6972
13062,2217,2788
14732,2515,3398
1617,294,354
18800,2963,4442
2915,486,611
5015,859,1155
6273,1099,1437
8203,1402,1743
8015,1390,1771
2633,443,630
3390,581,696
11568,1954,2357
858,154,188
4956,870,1040
23198,3984,4841
9829,1696,2112
18879,3238,4170
244,42,65
21440,3785,4537
1398,246,316
2536,435,548
1887,319,413
1235,222,266
6085,1053,1318
13051,2252,3041
1628,272,349
6373,1139,1317
1953,353,460
1166,200,249
19385,3297,4421
3691,601,802
2250,382,452
1471,255,341
1496,254,332
10243,1735,2294
1152,202,241
2129,382,472
1980,358,430
7384,1192,1542
9431,1616,2048
12098,2099,2721
7625,1316,1567
9662,1682,2099
13457,2308,2959
1849,303,419
1632,283,366
2615,454,629
8937,1421,2045
2179,362,508
8147,1398,1619
32080,5300,6458
11404,1992,2662
10574,1869,2654
8414,1408,1741
2264,390,476
9904,1737,2247
24711,4045,5304
1398,242,287
1474,253,304
1102,186,217
2447,407,528
26490,4619,5637
27641,4678,6211
50073,8526,10437
12599,2188,2717
2379,399,539
1609,281,375
1751,291,352
973,173,216
1042,184,220
1139,186,251
950,161,200
1174,194,240
3903,684,864
10716,1827,2366
1033,176,241
8084,1376,1649
2852,461,655
1351,221,265
1923,320,385
4590,780,992
6308,1050,1376
328388,54445,64776
14544,2479,3082
10305,1727,2120
23323,4049,4760
15118,2654,3239
9020,1567,1918
5492,930,1146
1269,221,292
794,138,172
4919,851,1060
750,124,142
1055,179,213
1446,247,345
2521,431,525
17599,2867,3468
946,162,231
6104,962,1329
65891,11061,13702
10670,1808,2201
4398,751,934
7054,1176,1532
2773,460,578
8998,1511,1879
6160,1080,1469
673,108,135
1115,191,236
1057,171,248
4694,806,991
854,147,183
624,102,143
1844,320,381
2165,374,454
1703,274,349
2969,468,692
2225,384,503
740,133,159
951,170,207
15918,2753,3558
374,66,78
15079,2550,3084
56117,9784,12459
1016,177,233
16991,2939,3633
16697,2756,3214
10133,1652,2243
31363,5436,7016
12958,2188,2620
17492,2971,3852
20945,3743,5005
2250,380,502
3875,649,858
12196,2172,2746
7625,1319,1552
5521,944,1127
11586,1971,2370
35302,6130,7287
2660,457,560
6079,1047,1382
1359,240,300
1078,185,218
5634,988,1254
1971,316,398
1299,206,247
929,154,218
1729,290,347
54627,9478,12404
6854,1182,1499
5330,904,1141
4269,730,873
11700,1908,2524
54493,9462,12393
14268,2320,2993
9262,1523,1863
29874,4998,6359
3899,634,790
3346,565,727
4258,714,838
18454,3165,3898
20510,3525,4258
2278,376,500
4281,748,969
1563,251,355
1271,224,292
18832,3328,4657
24911,4289,5314
18375,3162,3823
19849,3444,4182
13472,2394,2980
24037,4008,5122
3939,699,929
5657,954,1177
1978,331,418
857,156,185
430,67,81
1652,272,327
1351,236,303
17333,3014,3769
8005,1363,1747
20045,3281,4188
5826,992,1258
1097,177,241
968,172,207
2528,442,576
18636,3180,3987
31351,5228,6456
711,114,145
1542,254,316
2796,457,536
7172,1205,1541
3705,645,771
9955,1662,2191
19669,3314,4192
740,128,176
1295,220,266
6160,1079,1554
1371,227,279
3157,532,742
946,151,175
1829,313,379
5689,968,1378
5008,856,1039
4958,843,1104
41775,7215,9600
25627,4422,5637
15245,2587,3473
6454,1048,1311
6854,1214,1520
7856,1337,1630
1552,272,359
494,85,103
6970,1177,1412
6521,1061,1370
6822,1210,1510
1990,344,472
1559,271,357
12565,2112,2800
1486,245,310
6981,1154,1459
11691,1936,2315
7572,1284,1686
3798,627,787
20088,3286,4346
5599,938,1141
17867,3112,4066
14932,2559,3179
5582,966,1228
10332,1789,2203
2008,344,474
3987,666,806
3398,567,667
28136,4835,6231
3359,570,742
4752,789,1056
28689,4939,6423
11413,2025,2478
6567,1123,1384
14887,2476,3059
26347,4593,5905
5127,857,1059
1809,320,381
2598,430,523
3119,524,677
5004,837,1038
8231,1395,1777
9054,1580,2012
905,154,241
1251,205,297
752,125,176
2151,375,480
2013,355,422
24904,4300,5390
22862,4058,5481
43995,7692,10464
49136,8474,11305
1521,263,346
1149,196,251
514,89,101
102338,17820,23259
34129,5443,6982
11581,1990,2599
10392,1770,2200
13589,2266,2693
10986,1774,2367
39847,6676,8208
11210,1907,2602
16378,2714,3346
5447,896,1150
11312,1834,2235
1094,187,229
1140,177,222
2112,366,447
3245,550,689
2187,380,473
1079,189,238
867,138,178
1019,181,223
49159,8163,10503
13652,2317,2792
1928,308,442
1160,195,266
2821,471,572
1660,287,359
506,86,120
757,129,151
28823,4888,6161
9691,1653,2065
960,174,210
14403,2470,3060
5025,826,1009
1870,322,394
11568,1882,2474
65037,11395,14326
32110,5587,7135
10911,1941,2574
29610,5263,6695
2294,378,464
24021,4164,5063
6358,1060,1456
3482,595,794
8334,1402,1802
3651,626,745
13669,2305,2834
9599,1630,2001
6842,1184,1449
1223,209,248
7473,1298,1629
13919,2383,3052
3677,626,749
1598,251,337
1443,232,285
812,141,190
11530,1985,2569
3937,649,941
1184,206,252
1463,245,292
719,120,150
1776,291,340
1476,248,284
39973,6624,8293
6835,1172,1464
19935,3319,4066
18474,3187,3785
4046,703,987
32370,5475,6722
20066,3417,4059
59536,10064,12332
3638,630,815
8792,1508,1740
8222,1366,1689
14008,2377,2854
6511,1000,1546
30047,4957,6586
2049,350,453
4705,726,897
5851,1043,1320
27152,4712,5834
16611,2911,3682
30115,5106,6344
3294,547,697
6061,1066,1387
6697,1121,1574
15509,2746,3943
18725,3150,4025
9098,1519,1822
28514,4955,6112
23842,4188,5500
33251,5885,7169
18146,3026,3564
17082,2874,3448
38199,6541,8017
458,80,99
11561,1990,2451
27442,4754,5770
3617,612,822
24134,3973,5282
1376,221,273
20488,3530,4180
13218,2375,3090
2646,452,589
1715,300,376
1660,284,348
18391,3139,3781
21743,3765,4598
12525,2262,2814
19007,3301,4054
1193,201,259
4997,857,1081
454,77,101
900,151,190
1709,279,385
2589,440,576
1788,305,365
897,154,227
758,130,188
958,168,215
3160,555,694
1237,211,251
12852,2133,2803
8827,1457,1792
1787,300,354
1403,246,329
3766,624,837
903,147,188
1491,258,299
1504,262,349
4123,717,966
3766,654,794
14022,2379,2853
16842,2719,3564
21953,3638,4718
993,172,208
4341,739,956
6201,1034,1292
8552,1423,1755
7557,1322,1562
3242,520,627
3177,553,698
4086,697,810
932,157,208
15711,2756,3424
1741,302,369
2384,403,502
4678,756,1120
3371,556,631
14666,2538,3324
4395,707,904
6457,1106,1515
13678,2262,2927
5862,977,1246
1051,177,227
2921,517,610
2827,494,663
7034,1184,1489
17655,3074,4159
5754,990,1230
11744,2087,2760
8821,1524,1836
18107,3095,3652
6526,1161,1453
6554,1144,1352
35853,6082,7889
4816,841,1132
1209,202,276
3135,531,657
2011,333,420
2051,358,416
2769,459,562
2552,455,547
1440,247,293
24654,4131,5059
7602,1345,1689
8438,1473,1927
816,139,192
17049,3046,3832
856,150,180
801,147,176
4797,803,1075
1207,201,245
20614,3512,4476
12410,2137,2650
22996,3833,4705
19480,3276,4098
20013,3288,4311
3501,587,745
1464,257,335
1583,271,381
1940,343,395
1236,207,250
2983,494,684
717,115,163
16233,2846,3315
19039,3293,4024
15316,2502,3242
3812,650,847
1753,309,403
52902,9048,11715
44699,7593,10234
3580,613,773
9151,1548,1906
21738,3713,4504
16706,2870,3621
9899,1697,2042
13846,2446,2902
29039,5012,6026
676,107,146
9297,1646,2000
19748,3379,4461
49882,8427,10791
469,77,86
13583,2305,3088
7718,1271,1815
10814,1895,2400
5281,898,1128
13599,2388,3097
13645,2316,3068
2249,383,508
694,125,152
3379,604,804
834,151,192
10839,1864,2354
12686,2125,2679
10366,1747,2301
33530,5634,7246
33612,5646,7260
16483,2765,3495
12598,2115,2633
16916,2837,3546
39091,6626,8915
11069,1967,2547
7179,1178,1509
38197,6077,7599
9616,1673,2111
19619,3333,4332
11020,1834,2209
2011,361,462
12749,2143,2625
11986,1992,2819
1999,316,428
1497,272,333
431,71,95
9072,1491,1916
3499,576,735
23655,4068,5061
1983,328,404
28116,4830,6185
2355,386,456
2651,423,512
887,156,199
3260,547,714
1300,221,275
25854,4501,5456
3183,530,728
9671,1656,2003
3255,545,748
1901,312,364
1478,255,308
10108,1772,2264
1479,250,315
8658,1535,1884
1878,308,359
1760,311,359
3553,604,871
5948,1009,1389
3255,554,754
51853,8963,10698
23159,3877,4695
12675,2141,2631
1668,293,382
17669,2962,3574
2075,332,402
3073,512,646
1119,186,221
5506,936,1159
5377,897,1040
5299,903,1108
1770,305,392
1859,311,364
1099,197,261
16087,2751,3273
10386,1709,2254
45848,7789,9625
5636,976,1308
6406,1127,1485
13533,2273,2753
5740,1002,1307
2562,393,524
23725,4084,5213
10985,1872,2332
13477,2261,2719
7872,1324,1736
4948,868,1094
3908,636,824
3606,608,724
2831,485,621
1386,236,316
1280,228,288
8122,1353,1680
734,123,170
1031,173,224
2957,512,619
8238,1352,1756
1242,211,272
3498,602,851
6358,1078,1473
20311,3364,4249
21718,3646,4357
4072,727,895
22880,3850,4749
5933,1006,1219
3819,668,873
2267,378,487
22515,3862,4965
3908,653,980
7984,1372,1830
23976,4080,5138
3304,555,738
4621,800,1059
9762,1662,2184
11020,1871,2548
4560,731,876
2762,470,583
1272,203,245
15591,2684,3441
9542,1654,2257
55395,9556,11721
11372,1955,2573
3395,570,684
24689,3944,4802
32102,5199,6445
24578,4304,5252
2215,385,453
2248,374,511
21471,3662,4536
12064,2051,2575
20808,3658,4796
37741,6226,7715
14894,2525,3151
16492,2788,3427
18476,3122,3848
9288,1582,2178
6252,1089,1307
22721,4049,5022
1265,224,270
19284,3128,3747
2721,467,580
9405,1665,2095
22548,3997,4951
4418,769,967
14428,2318,4539
10002,1746,2105
20891,3597,4555
5480,960,1292
54248,9406,11609
3800,600,778
6824,1140,1566
2441,439,546
8695,1464,1794
5599,956,1166
15203,2599,3306
11021,1823,2305
30602,5383,6972
15908,2688,3182
83558,14225,17798
20411,3423,4181
9484,1534,1817
58766,10135,12495
1528,256,327
6090,1029,1338
17555,3127,4020
649,110,145
5416,929,1060
5985,986,1201
34989,5903,7560
15399,2690,3396
10729,1852,2379
5298,888,1220
13101,2251,2814
3260,545,731
4128,702,868
1352,217,283
11178,1833,2510
9428,1595,2024
13001,2246,2645
2903,499,618
7651,1392,1877
9522,1665,2149
25120,4324,5166
17796,3050,3810
26027,4513,5308
11636,1849,2408
21365,3598,4613
9589,1586,1970
21100,3678,4442
12142,2064,2645
2754,482,596
2605,446,546
74947,12536,15353
1403,244,297
1745,292,357
71323,12003,14478
785,132,163
17912,3131,4085
5240,923,1149
35422,6102,7464
14360,2384,2840
5298,869,1219
2135,365,457
4338,759,865
67940,11529,14038
5990,992,1247
3164,548,702
28377,4618,5528
15062,2526,3293
129,23,27
8420,1398,1696
18360,3262,4082
4784,834,1071
4362,730,953
2153,371,472
5340,861,1193
2465,413,508
2154,373,473
71413,12086,15224
9743,1672,2035
16315,2878,3644
49792,8337,10332
7393,1217,1496
1043,185,240
14069,2478,3217
4542,767,956
5126,870,1090
8504,1476,1875
15786,2758,3289
10461,1795,2230
9184,1610,2028
9898,1706,2146
22622,3896,4809
4122,698,915
50771,8409,11626
4163,691,958
6393,1093,1602
2957,528,619
4470,767,959
6417,1140,1441
5233,931,1259
8798,1446,1713
3927,654,802
6524,1112,1500
4794,820,1035
162,30,36
27425,4715,5973
24777,4170,5176
1358,232,302
7621,1348,1715
87363,14859,18341
3612,618,867
4895,840,1153
7124,1203,1565
83296,14198,17467
24372,4151,5096
5774,964,1247
12538,2128,2557
5578,948,1160
25043,4272,5395
244,45,51
772,138,161
3373,580,861
12181,2088,2702
87627,14941,18492
74326,12455,15017
13900,2342,2851
5059,827,1103
16066,2713,3391
16071,2806,3690
11758,1930,2327
21032,3622,4660
11581,1937,2524
8287,1394,1738
1159,196,217
454,83,101
10771,1810,2254
1118,190,215
2683,449,560
2651,442,552
1070,176,231
8543,1440,1722
4881,820,987
20433,3597,4532
16150,2709,3432
16365,2788,3499
15900,2689,3442
5331,902,1095
17272,2922,3640
31866,5425,6682
7705,1267,1661
5351,904,1116
14530,2534,3216
1507,262,332
15003,2508,3261
5988,1027,1344
22660,3737,4636
4433,745,1082
2801,482,555
3916,649,883
3709,667,847
21830,3702,4297
17984,3054,3883
14124,2398,3230
7411,1295,1592
15626,2655,3292
11532,2023,2503
3044,495,623
608,104,119
20781,3595,4475
16725,2837,3623
3729,631,833
16035,2714,3367
3375,580,779
12741,2134,2657
8508,1444,1753
17422,3061,3876
586,100,126
4145,718,875
107123,18625,25502
24299,3965,4943
11124,1965,2464
21079,3490,4322
18719,3208,3993
3150,534,695
2503,418,480
6387,1124,1488
22603,3800,4672
13876,2321,3085
4866,841,1076
12484,2186,2892
15323,2604,3102
17407,2980,3776
8227,1301,1838
2263,387,457
1158,187,251
1195,204,251
2069,345,445
548,102,149
2288,381,474
576,87,125
3056,522,639
2457,416,659
8714,1468,1822
8394,1477,1798
39901,6513,8425
5128,880,1122
8292,1393,1752
15472,2659,3304
3836,642,763
3703,646,811
3846,635,846
11969,2071,2469
7851,1388,1804
2517,419,523
1943,352,479
33208,5529,6977
13937,2452,2969
4025,685,856
6058,1058,1417
7867,1333,2039
998,168,217
20508,3542,4619
13451,2297,2876
10767,1849,2265
13768,2223,2667
10484,1727,2234
16737,2858,3310
7873,1306,1559
4505,750,933
15542,2724,3293
2539,428,567
4594,779,964
12257,2028,2512
8342,1449,1865
2634,459,595
1463,263,317
4376,743,891
27341,4465,5553
8372,1457,1854
25828,4377,5423
1357,247,300
1688,292,354
7788,1261,1634
13166,2204,2765
7552,1300,1726
15925,2752,3598
4774,791,1006
6313,1080,1388
5193,912,1066
7372,1282,1555
1085,184,234
10635,1768,2294
9030,1613,2088
46330,7865,9613
7353,1271,1684
4025,715,897
21064,3594,4303
27563,4661,5800
4801,804,1093
7080,1193,1660
12083,2053,2514
5414,941,1171
6569,1135,1359
8574,1476,1904
5049,881,1200
13941,2398,3027
3393,575,713
7690,1345,1598
15461,2629,3362
35486,5808,6889
10266,1768,2266
12497,2107,2720
117427,19347,23863
20106,3571,4434
4346,686,884
4310,683,967
2961,509,731
11193,1961,2583
34979,6116,8199
25221,4110,4871
5750,974,1277
1544,264,308
1614,273,314
4836,825,1070
49646,8639,10693
6581,1113,1415
17406,2971,3619
25412,4334,5152
1303,216,275
2807,460,565
6371,1068,1294
2387,394,490
498,87,113
7082,1216,1470
4902,864,1046
24777,4041,5031
62686,10402,12470
25504,4306,5324
24536,4222,5387
164,31,36
1003,181,222
24878,4251,5586
6428,1129,1528
3238,572,709
3885,653,863
4319,703,859
10256,1794,2176
1928,338,419
15225,2615,3118
5699,1018,1189
10515,1771,2190
8657,1488,1851
67149,11406,13685
671,117,150
5883,1014,1228
6655,1095,1323
2016,357,465
1050,182,236
13223,2294,2708
3992,695,903
8510,1410,1823
12653,2055,2556
19763,3321,4216
43686,7273,8786
2836,460,622
709,119,174
2801,458,559
6557,1108,1499
7411,1186,1497
5873,1014,1320
615,100,122
19229,3335,4479
23959,4132,5080
22210,3823,4641
2048,350,444
8043,1364,1767
5275,827,1085
10041,1776,2236
2655,448,685
11628,2025,2585
6654,1154,1364
9003,1604,1958
42892,7306,8922
9570,1635,2123
10445,1790,2220
13626,2344,2824
8572,1441,1881
2924,497,620
1164,197,237
996,179,222
9938,1736,2047
18146,3136,3738
11244,1817,2215
1065,193,256
5379,938,1110
3846,670,905
5019,855,1208
941,142,197
2950,501,685
22095,3854,4589
2945,510,695
11053,1948,2355
11146,1965,2401
2535,427,534
1112,184,243
873,143,176
2285,398,512
1857,315,379
2827,509,657
15869,2629,3214
21059,3667,4447
24305,4114,5055
5427,903,1182
2103,352,419
4986,841,1050
10621,1821,2309
3186,567,724
29642,4997,6433
30177,5360,6684
1985,341,458
2194,385,462
6151,1076,1386
40697,7031,9250
1478,248,316
3655,611,746
4492,768,1072
9427,1648,2085
3239,555,728
7186,1226,1810
3209,548,677
14311,2412,3319
2761,486,591
3394,551,667
24479,4069,4948
15901,2715,3315
27779,4739,6047
15808,2606,3149
11759,1992,2669
34120,5698,7061
1316,215,264
1783,311,392
2921,503,670
1611,293,337
3981,711,871
3463,603,710
2668,436,551
2134,355,441
5209,879,1087
3068,526,652
8597,1503,1953
35930,6186,7657
13567,2344,2769
3001,521,707
1826,310,442
3218,533,648
2532,439,581
10364,1609,2033
7382,1228,1662
1871,310,425
5737,870,1077
20838,3495,4173
8693,1478,1811
9783,1607,1981
8814,1543,1894
5174,864,1106
7294,1245,1672
4938,815,980
159924,26890,37724
1797,295,379
925,147,200
2322,405,486
1512,263,340
1167,212,297
293,50,56
3513,596,730
8509,1471,1854
22182,3804,4702
36001,6146,7541
5184,889,1128
17980,3089,3864
10286,1826,2257
5347,893,1070
2151,353,425
17821,3060,3855
2038,361,458
5340,857,1121
2950,472,579
16200,2679,3320
17817,3008,3874
12039,2118,2581
9865,1616,2149
13285,2311,2644
2167,370,462
6336,1035,1246
3131,528,669
1698,281,346
11822,1923,2389
24306,4208,5681
28240,4741,6129
3132,528,670
4375,758,998
977,176,218
1624,280,347
7280,1185,1475
3337,612,740
23826,3962,5275
4865,789,938
15121,2583,3184
19402,3332,4159
15827,2641,3431
12711,2159,2700
10440,1763,2224
9885,1645,2025
4317,742,972
1145,196,229
91763,15726,19646
23511,4038,5102
14776,2470,3128
12540,2091,2475
4772,818,1035
4338,763,984
2965,500,575
23152,3846,4705
2277,396,499
4353,749,919
33404,5622,6813
2334,412,541
8230,1398,1693
42135,7151,8902
1234,220,301
6858,1160,1464
44542,7824,9518
17989,3130,4042
84267,14160,16814
12926,2203,2654
19195,3326,4371
12370,2088,2510
18867,3135,4025
14136,2442,2943
3397,578,731
1121,199,259
4376,737,946
3195,557,830
11922,2005,2503
1181,199,245
542,91,111
1020,166,209
811,140,164
2448,391,518
3028,532,649
2662,461,609
3800,656,889
3884,660,838
17789,3127,3824
6904,1193,1567
16405,2786,3458
9217,1525,2026
24352,4186,5088
17298,2900,3621
6585,1097,1390
2727,468,533
6904,1170,1525
10278,1774,2157
40356,6977,9179
3193,559,661
20422,3643,4702
1326,214,272
8696,1433,1807
4371,733,930
2740,494,621
23515,4068,4814
19052,3263,4105
1717,276,362
29208,4981,6168
7607,1296,1558
620,106,132
3450,585,712
17006,2942,3490
55298,9072,11240
16953,2618,3761
2693,457,554
3219,551,690
4680,785,987
19089,3310,4356
5144,805,996
25335,4390,5243
3143,530,693
1331,217,264
3118,531,733
2419,365,537
2673,433,620
75193,12759,15793
7834,1306,1569
25071,4289,5320
11012,1844,2320
39376,6824,8254
16426,2841,3289
12129,2117,2790
6470,1132,1553
6018,1069,1453
7327,1271,1635
14080,2407,2900
6337,1080,1359
1685,295,380
5641,945,1217
1070,189,227
4779,786,1002
10522,1775,2104
15943,2780,3381
5579,984,1160
22605,3770,4735
4312,724,943
41465,6945,8551
7079,1164,1398
4224,751,1012
1798,299,374
2951,502,612
730,118,148
10444,1776,2158
10204,1713,2105
3577,581,750
9941,1595,1961
27676,4702,5802
42631,7547,9221
4781,797,1046
4700,834,1007
1993,333,412
6048,1043,1401
19417,3292,4454
15877,2628,3422
10970,1860,2264
10593,1866,2275
9487,1677,2063
10341,1770,2275
9930,1758,2223
4294,721,949
2878,482,737
5437,894,1134
3753,647,778
69731,12055,14809
24865,4214,5700
7138,1221,1431
2407,409,508
1168,197,256
1965,347,416
1884,303,378
1095,189,234
6370,1115,1517
1022,182,213
24383,4216,5321
29959,4920,6305
27773,4432,5586
13387,2231,2681
18759,3239,3839
3650,637,952
2826,473,580
11679,2015,2544
2098,352,463
44408,7497,9670
11603,1968,2567
3300,564,726
1875,317,435
8495,1435,1839
11072,1740,2383
4166,691,882
14736,2553,3457
407,63,89
3058,505,609
5558,991,1211
12772,2130,2590
28221,4800,6086
5662,949,1199
20440,3367,4318
11763,2024,2531
3496,546,710
16409,2621,3356
8618,1480,1927
1485,262,322
5693,939,1263
65136,10986,13588
21966,3865,4917
5782,948,1196
22916,3946,4708
3100,512,686
3655,621,766
8593,1369,1887
871,150,180
24185,3985,5211
19921,3417,4183
8487,1412,1802
110189,18716,24164
1244,213,265
1432,245,315
3293,554,639
20307,3619,4672
17730,3097,3872
589,104,129
6960,1161,1462
1179,206,250
43123,7397,9343
24674,4211,5188
12213,2088,2834
11100,1926,2318
16825,2782,3303
7483,1300,1691
6932,1180,1509
708,127,146
8902,1579,1958
10481,1730,2187
11438,1926,2357
5456,926,1101
15729,2692,3352
10582,1882,2221
5770,988,1187
10574,1778,2233
965,177,200
1897,326,459
11952,2015,2446
14774,2512,3104
10102,1752,2328
4340,735,920
26108,4544,5471
26855,4303,5513
1978,354,466
5531,954,1156
1404,245,286
1207,185,235
9248,1540,1966
4353,737,936
6169,1017,1304
11182,1907,2537
41382,7284,8829
31518,5065,6258
9955,1718,2211
6288,1042,1419
9960,1716,2082
12409,2158,2776
34247,5948,7059
4791,787,1102
7334,1320,1781
1605,269,355
10895,1811,2352
1162,203,243
1358,231,304
43759,7526,9366
753,136,155
11338,1803,2333
9072,1563,1962
4850,840,984
3641,603,742
1249,215,273
2017,349,467
3527,597,750
5486,878,1110
3675,611,730
2020,361,449
3238,537,630
11389,1938,2290
26179,4494,5513
9121,1533,1827
44341,7546,8956
11728,1991,2431
26770,4559,5430
13814,2409,3086
1123,191,249
15534,2626,3435
4539,767,1035
3047,510,645
27444,4683,5978
3775,642,859
2896,485,628
3282,548,679
1353,211,302
20126,3436,4429
30606,5140,6165
10445,1784,2127
31512,5328,6976
10429,1782,2220
34330,5776,6935
9430,1676,2115
12836,2204,2842
9691,1657,2169
8733,1520,1953
3042,516,620
2219,363,443
6909,1186,1444
27116,4431,5373
9700,1627,2086
14331,2500,3179
17717,2925,3652
533,91,114
1567,269,358
15416,2519,3060
3154,538,632
25283,4280,6003
8002,1299,1687
5178,871,1131
14355,2347,3028
10924,1817,2259
37348,6349,8366
8822,1514,1745
20277,3407,4261
4017,682,850
8105,1392,1938
11767,2050,2507
16258,2785,3360
18387,3182,4038
12786,2239,2730
4747,827,975
39567,6791,8006
5491,912,1190
8365,1459,1839
28642,4823,5955
2293,386,530
11362,1959,2522
526,89,110
2336,392,489
1857,315,425
75663,13269,15918
8338,1421,1775
1942,326,441
2968,523,662
3184,537,689
1671,289,382
2609,449,551
20129,3380,4193
10667,1838,2209
31395,5315,7050
9507,1703,2088
8183,1409,1646
19916,3422,4328
13151,2223,2883
10112,1791,2259
11926,2103,2805
2148,362,483
10566,1666,2042
4262,733,860
9822,1611,2070
22892,3811,4573
10863,1887,2278
35039,6044,7589
9236,1563,1917
2626,465,574
15112,2633,3508
15293,2586,3311
15903,2711,3312
88179,15075,20043
14427,2419,2941
30249,5146,6508
34504,5718,7324
14499,2465,3005
4961,798,1006
54249,9131,11719
12280,2043,2488
1093,199,265
4179,729,969
23079,3807,4660
4492,785,1042
1236,216,278
2169,376,471
1881,306,398
2509,404,481
9416,1735,2117
33555,5682,6849
737,134,182
5633,933,1207
4421,762,956
4716,795,1028
6840,1173,1549
17924,3130,3917
322,56,71
5845,1023,1262
69374,11517,14493
510,89,112
4758,800,1016
2776,488,642
11640,1992,2537
543,97,120
4507,745,906
8372,1402,1800
46011,7819,9751
1926,329,385
2784,467,635
6011,1086,1392
10307,1747,2199
14083,2329,2940
13246,2267,2745
17934,3090,3954
7897,1399,1919
33159,5822,7029
2313,400,496
4609,788,971
7058,1135,1581
4279,747,974
7226,1211,1531
18191,3152,3979
31142,5353,7175
6491,1098,1354
8835,1427,1908
9644,1649,1994
10609,1824,2374
25021,4138,5094
11243,1943,2480
4051,688,851
12173,2044,2694
307,56,71
241,41,50
21933,3791,4684
4733,777,946
4554,795,1065
8887,1520,1988
1302,225,272
10667,1801,2098
11638,2044,2631
2930,496,601
3466,572,768
9489,1585,1973
10091,1696,2190
2822,519,670
3550,623,811
59801,10343,12554
8469,1344,1662
21750,3857,5417
14045,2423,3075
9882,1712,2177
4945,854,1081
6683,1130,1477
5832,991,1309
3124,544,685
3767,633,776
9860,1684,2040
25241,4371,5493
4344,718,932
3825,659,801
2971,505,619
3146,514,752
11098,1821,2253
7920,1335,1548
19322,3362,4172
18477,3032,3906
13484,2307,2742
16040,2760,3476
19121,3313,4132
2517,445,552
8606,1394,1804
5210,904,1064
9412,1597,2128
17609,2859,3543
7607,1335,1637
49606,8677,10681
5877,988,1304
8791,1502,1998
1967,331,412
10581,1613,2324
2985,508,617
4204,722,848
7571,1243,1577
7028,1209,1453
10849,1876,2360
14754,2511,3247
3130,551,717
1580,275,311
7366,1263,1643
5995,1053,1334
639,110,128
16438,2836,3590
7085,1192,1432
8246,1414,1701
2492,416,477
3572,586,772
2055,334,469
2303,392,477
1469,248,292
5369,915,1114
7133,1243,1598
3859,702,842
5017,869,1131
2990,520,667
693,122,153
4604,817,1032
13549,2349,2939
9181,1494,1983
6053,1009,1198
54478,9357,11443
16423,2790,3458
47533,8138,10320
8428,1444,1736
33631,5671,7147
2719,453,557
3390,568,817
12418,2071,2510
11287,1823,2257
12035,1982,2392
6858,1087,1307
6111,1003,1399
15036,2604,3236
6071,1074,1337
66560,11216,13684
2450,426,500
25676,4362,5436
2609,434,537
22942,3891,4768
2641,473,691
16746,2834,3454
49097,8125,9856
4893,844,1074
3750,641,717
9113,1543,2031
8832,1457,1780
31860,5290,6629
52344,9109,11441
3546,629,866
6216,1079,1416
9676,1626,2099
6106,1064,1356
14607,2521,3393
12710,2109,2820
3551,618,853
13280,2219,2938
3456,603,765
5893,979,1236
1711,274,318
927,158,196
14948,2519,3215
12568,2219,2642
1393,248,327
15968,2788,3727
3980,674,806
11676,2010,2389
2257,385,501
3140,521,654
15026,2576,3083
31726,5453,6652
19586,3380,4177
10881,1883,2429
18909,3118,3738
26243,4241,5455
43622,7418,9203
15103,2572,3110
17984,3141,4012
9584,1613,1981
25161,4297,5179
5005,840,1141
1451,254,300
4536,786,994
7980,1336,1651
8578,1410,1770
30068,5132,6571
5619,957,1157
11862,1994,2718
28546,4891,5811
21874,3690,4551
6200,1023,1260
4602,819,932
4775,768,1078
15539,2671,3302
6564,1045,1326
157729,25666,32039
18079,2960,3716
3811,639,897
16375,2826,3434
30635,5177,6270
20282,3301,4022
1501,253,346
11346,1916,2598
767,127,211
41509,6860,8467
6077,1087,1292
8350,1450,1814
6415,1143,1431
14186,2355,3150
14696,2496,3080
11862,2013,2547
8040,1341,1664
20498,3566,4394
9267,1540,1924
15496,2704,3364
28436,4716,6138
13761,2353,2993
7541,1265,1627
15291,2674,3339
5663,976,1254
3162,512,610
13387,2291,2746
8743,1427,1818
12141,2053,2718
4493,749,909
10159,1736,2153
4721,791,951
3021,525,674
3803,632,757
7715,1314,1792
9788,1590,2075
722,127,163
10927,1809,2239
6666,1144,1537
8971,1478,1858
4791,790,917
7543,1280,1757
4696,791,960
6737,1151,1552
1589,278,340
2326,405,512
5521,928,1234
6624,1142,1412
6569,1120,1508
2246,410,527
1470,244,303
1737,283,325
3742,643,841
5786,927,1189
85398,14710,17951
1979,338,437
13870,2380,2966
26023,4441,5839
5564,939,1138
3396,585,746
3666,615,799
15282,2708,3462
1128,198,238
5569,949,1268
11301,1933,2443
9428,1559,1917
3588,599,796
8200,1406,1661
15376,2671,3332
1487,238,314
9994,1731,2104
8941,1401,1752
16647,2734,3367
8761,1515,1897
13391,2386,3294
13236,2185,3027
23634,3910,5275
15571,2692,3330
63785,11351,14713
6458,1133,1456
10349,1801,2367
2563,442,524
23237,4074,5172
18281,3183,3852
4465,761,980
28370,4673,5741
5611,966,1249
1476,254,302
2754,461,552
1705,295,340
2440,422,519
3980,678,800
4422,725,847
4753,816,997
8517,1469,1795
10203,1569,2228
14033,2392,2923
13653,2305,2765
34010,5842,7219
33685,5333,7297
6334,1061,1300
3531,625,777
1976,339,399
6244,1036,1271
15822,2656,3275
8575,1509,1852
1415,238,345
1661,285,386
3604,616,775
26282,4535,6136
10613,1752,2366
59424,9851,12028
2376,410,526
12804,2289,2701
4594,807,1027
478891,74024,97003
11292,2044,2420
10620,1876,2330
202,37,42
3570,586,686
2467,437,519
17132,3003,3959
5721,1012,1382
4066,715,849
3729,657,820
5350,943,1111
11422,1791,2710
12157,2050,2554
24930,4128,5201
10412,1850,2166
3022,496,626
35794,6265,8143
793,138,168
5004,879,1051
5204,884,1089
5079,890,1157
40560,6982,9083
13671,2341,2941
32243,5547,6891
19813,3561,4298
5715,1003,1262
7272,1295,1620
21610,3696,4563
5306,884,1169
3834,655,789
9117,1537,1921
3324,586,731
5192,899,1112
2605,444,632
1405,229,309
3412,596,784
3695,615,840
12161,1946,2501
4819,841,944
20948,3505,4424
5535,947,1176
11505,2001,2646
3921,673,879
31419,5482,7727
9377,1627,2128
2027,347,449
4547,770,1019
31207,5467,7645
11364,1992,2533
3031,525,592
15464,2659,3159
3527,588,800
20024,3436,4391
4396,736,943
1965,328,425
5122,882,1152
3143,523,653
793,135,179
880,144,231
837,146,178
726,126,161
19799,3346,4328
310452,53246,65275
7660,1299,1776
10556,1765,2280
551,96,111
650,113,127
253,41,61
3058,495,598
7649,1323,1738
3835,623,856
7207,1213,1444
22930,3893,4917
5417,931,1279
27239,4478,5839
6145,1022,1304
9374,1630,2210
5728,1000,1242
11022,1826,2329
3790,647,835
1384,229,389
9452,1535,2037
12795,2221,2790
2756,491,579
3852,662,918
591,94,131
322,54,70
8265,1429,1723
3719,621,852
12121,2065,2618
10318,1757,2157
7771,1290,1551
6001,1052,1308
3372,603,747
6426,1057,1390
2158,375,504
447,74,91
10478,1737,2197
2453,435,583
12465,2070,2578
7992,1361,1779
19505,3326,3915
4801,840,1042
10358,1731,2208
8692,1546,1907
4726,804,1146
14105,2397,2964
12495,2167,2682
2295,391,458
2018,332,449
79436,12796,15725
14307,2369,3391
16664,2944,3791
6004,1034,1225
4793,841,1125
21192,3702,4413
4190,678,959
5616,960,1175
1294,208,254
8982,1605,1961
3601,642,769
4799,823,1104
13997,2277,3005
1818,303,401
16501,2870,3620
622,104,154
7116,1198,1455
5376,920,1146
11010,1910,2436
13078,2204,2765
11227,1846,2367
5745,1017,1214
3988,713,950
31797,5422,6977
31089,5322,6981
28299,4913,6104
10095,1714,2127
46722,7926,9691
18781,3168,4146
17056,3016,3817
17991,3162,3991
16840,2904,3384
21257,3724,4481
7710,1337,1782
9384,1640,2172
2945,480,598
31791,5336,6734
16848,2994,3943
458,74,111
14241,2377,3061
35943,6034,7926
4993,800,1015
6762,1168,1394
8966,1557,1890
6792,1152,1465
9072,1563,1976
8343,1442,1930
1647,275,335
6007,962,1212
33891,5825,7599
22697,4067,4925
4660,788,959
24197,4081,5044
20786,3630,4696
11457,1943,2607
10007,1733,2266
6641,1150,1500
13960,2448,3165
22099,3753,4525
3389,583,822
7126,1178,1458
21762,3603,4551
6738,1199,1463
17737,3200,3826
3708,633,917
13522,2333,3025
17683,3130,3899
25128,4271,5398
12698,2124,2679
10873,1986,2458
24566,4115,5126
9836,1608,1996
5735,969,1263
19095,3303,4129
6300,1077,1306
25255,4410,5556
2901,478,602
3116,520,658
8598,1476,1786
36572,6116,7804
6537,1070,1534
7977,1419,1781
25722,4572,5652
19673,3268,4164
72124,12332,14604
2048,334,450
11210,1900,2386
100147,16735,20804
1872,314,394
15134,2656,3230
10168,1795,2270
33743,5838,7128
18583,3285,3934
48655,8480,11021
2472,385,636
73437,12616,15606
22116,3755,4786
7077,1213,1591
12168,2016,2952
3918,673,836
36774,6193,7517
5729,980,1220
83629,13819,16789
10444,1700,2203
7145,1228,1401
12247,2093,2520
9843,1561,1957
21034,3558,4433
1150,201,251
11816,2092,2581
4506,776,920
12234,2126,2838
2681,445,625
3578,600,825
2378,403,541
6432,1097,1526
28548,4784,5978
91682,15687,20128
20082,3449,4294
20072,3210,4199
9316,1611,1895
6435,1095,1473
11961,2146,2793
17630,2982,3807
9691,1762,2173
6519,1035,1362
11721,1999,2440
7897,1369,1829
12883,2207,2833
21364,3578,4437
13270,2253,2994
11353,2088,2566
2672,460,569
9265,1521,1933
4414,722,911
30173,5043,6569
10545,1738,2346
10077,1744,2194
2115,369,445
22529,3665,4561
8037,1405,1638
7444,1244,1581
33999,5741,7087
4757,844,1066
6366,1105,1368
14634,2624,3076
4441,738,932
2548,425,548
6358,1055,1357
1449,235,300
7683,1327,1541
41602,6974,8529
13964,2399,3013
26690,4555,5994
9943,1685,2035
13208,2339,2934
6715,1097,1351
3161,558,726
5911,1035,1287
2201,369,434
458,83,94
2979,499,611
8138,1439,1642
42206,7539,9772
19108,3219,4079
3973,668,798
3521,613,844
86,17,24
8456,1450,1806
27114,4664,5680
4160,705,854
11981,2000,2705
9457,1634,2034
4943,838,1042
1098,189,250
2565,429,567
7362,1280,1582
9612,1526,1910
3040,514,689
15568,2747,3710
10043,1757,2125
4021,693,823
22684,3823,4505
7737,1318,1603
3503,609,775
5108,890,1114
3075,517,657
6771,1171,1422
4638,758,933
15637,2582,3198
35946,6292,7760
14533,2470,3255
5128,891,1156
6327,1082,1464
8855,1479,1780
2711,461,562
4367,709,861
39636,6879,8121
11502,1920,2505
6043,1066,1260
9973,1730,2240
1544,259,350
15870,2662,3422
14270,2371,3045
1450,254,346
3009,513,639
8259,1416,1691
18516,3004,4098
7872,1362,1806
3558,587,732
4686,795,931
2600,412,537
2958,509,615
19909,3334,4308
6484,1131,1442
9866,1694,2149
13999,2448,3037
2613,431,526
837,142,199
6483,990,1385
19496,3413,4253
23239,3962,4859
7589,1332,1628
14384,2538,3272
16054,2748,3344
2503,437,600
18005,3056,3709
2880,487,641
33836,5275,7436
1363,231,279
3431,576,703
3207,529,717
2078,356,437
9151,1440,2121
13851,2309,2865
5835,929,1269
14793,2305,3007
32609,5022,7264
3386,575,700
10460,1764,2158
3606,617,803
1996,325,404
3159,510,747
19429,3314,4098
5052,825,993
5015,819,1022
21299,3320,4730
27266,4336,6086
12670,2229,2731
4558,757,909
28906,4648,6427
6679,1114,1369
945,156,186
7465,1335,1709
13760,2293,2826
14371,2408,3023
7694,1408,1851
6426,1088,1359
15392,2697,3542
4331,715,921
2051,364,464
2777,459,573
1221,208,264
12708,2192,2816
7205,1184,1526
2745,434,544
21234,3613,4940
293,52,103
5976,1081,1300
15718,2607,3244
14528,2502,3045
14867,2515,3138
22383,3658,4665
2853,479,555
1143,194,266
5786,983,1230
3274,559,777
3996,679,867
4645,767,978
6870,1149,1402
25588,4287,5357
8001,1393,1695
8983,1531,1938
19360,3181,4238
5377,928,1190
19769,3355,3958
1601,261,330
3346,574,681
12063,2001,2568
2916,509,645
24542,4096,5130
14806,2512,3017
6200,1070,1343
2246,354,431
17181,2904,3446
11626,1998,2655
9385,1588,1934
6808,1166,1409
14851,2525,2990
12607,2123,2474
10295,1802,2198
6758,1192,1560
3340,574,762
5064,855,1061
11051,1932,2567
6675,1145,1368
9743,1646,2056
22018,3670,4591
74760,12503,14967
14552,2358,2861
5335,880,1124
4504,788,1000
26850,4448,5349
1481,250,311
4533,770,891
5112,844,1047
7002,1183,1509
13236,2246,2563
28725,4925,6343
1052,183,221
12915,2144,2756
10746,1858,2370
10301,1769,2136
24767,4059,5080
2765,475,595
9213,1473,1871
2627,438,542
9183,1543,1897
3329,545,681
21485,3648,4532
3014,512,651
5518,922,1150
6859,1126,1390
11333,2051,2539
11698,1942,2518
7578,1195,1397
37311,6298,7771
4426,756,960
5205,897,1156
47195,8154,9849
8771,1401,1723
17898,2942,3621
7184,1242,1630
12713,2224,2696
18160,3137,3888
22623,3830,4603
5413,904,1160
12753,2121,2578
16197,2776,3465
12325,2176,2674
10601,1834,2156
21406,3245,4566
20168,3492,4437
5997,922,1968
2444,397,496
2170,367,476
32333,5292,6582
7728,1215,1761
9840,1672,2402
7903,1316,1747
3434,579,729
23133,3929,4816
3521,624,788
2800,501,647
5738,945,1222
3990,669,818
933,169,209
3043,477,637
866,153,187
928,151,224
5148,860,1100
40126,6800,8767
15628,2537,3358
9179,1518,2124
1234,217,283
47414,8089,10174
4596,774,1013
14233,2409,2880
9019,1457,1892
23222,3802,4561
7498,1287,1620
5897,1065,1349
2715,465,629
4646,798,1006
26922,4514,5596
916,159,213
3955,693,854
2532,399,525
7029,1192,1527
18308,3041,3795
6149,1010,1368
7529,1249,1567
6180,1082,1316
766,135,168
7439,1271,1603
3415,613,789
9647,1620,1998
17253,2929,3734
23307,3919,4877
15010,2504,3071
19383,3172,4441
77128,12117,17260
25894,4317,5522
3014,529,673
2198,365,464
3730,662,805
22816,3986,4957
7654,1257,1555
10185,1501,2219
15212,2555,3182
20169,3345,3982
2773,453,615
19010,3069,4119
7008,1045,1561
1182,204,262
2156,369,486
9989,1810,2285
27065,4601,5713
1015,174,212
4590,762,948
14927,2507,3379
17105,2940,3721
12887,2204,2853
461,65,117
18634,3025,4346
627,111,136
3457,611,801
7795,1227,1619
2208,379,465
13445,2204,2973
2850,470,592
3235,548,651
38486,6475,8335
2696,445,578
9142,1508,2303
2981,503,668
6448,1121,1416
1924,329,399
24258,4086,4906
6047,1003,1138
18412,3185,4171
18889,3098,3867
3010,486,648
6281,1092,1296
3380,569,687
1363,226,284
3995,665,847
58426,9228,12812
9452,1648,1978
12655,2041,2747
3117,507,623
761,127,164
30686,5183,6431
16176,2674,3546
6153,1042,1262
3154,515,637
8399,1443,1807
2744,464,584
2173,373,437
8055,1304,1577
6023,1027,1265
2787,463,629
15159,2528,3291
7103,1177,1534
34562,5654,6834
15781,2744,3263
15263,2651,3369
57693,9789,12303
11051,1836,2245
31648,5522,7089
2793,470,587
14529,2530,3052
110231,18824,24148
6257,1027,1519
8915,1522,1899
13169,2135,2612
12634,2107,2613
57171,9474,11799
102787,16642,21171
13388,2343,3076
3826,673,855
21210,3493,4654
1919,319,385
1114,195,240
1971,344,394
465,79,100
22876,3691,4535
5570,942,1204
950,163,214
3042,516,702
21836,3812,4727
851,148,185
1435,258,325
36110,5882,7734
7951,1376,1759
5343,951,1125
919,154,203
11911,2041,2544
1132,193,259
2241,371,472
3625,596,775
1406,240,277
3490,613,731
3173,536,720
1685,277,347
3800,622,767
965,173,226
90250,15325,19926
1984,335,440
2517,387,509
2746,458,546
2992,479,577
16110,2635,3273
45341,7651,9401
4449,739,912
10054,1756,2174
35762,6156,8167
36934,6364,7802
10740,1874,2256
3212,498,717
12606,2141,2592
4313,730,900
3834,655,915
8086,1408,1728
12204,2043,2481
4670,838,1074
31221,5285,6549
27150,4598,6152
13364,2283,2879
9431,1602,2117
2636,455,599
2944,511,590
26956,4559,5576
15624,2712,3427
22945,3973,5176
17072,2984,3447
7526,1265,1501
11930,1910,2387
43580,7537,9276
13627,2270,2640
22461,3703,4609
18542,3042,3741
16406,2703,3436
3481,584,749
2413,417,593
5356,870,1050
1528,256,327
7132,1198,1649
10712,1809,2365
2169,369,445
13734,2384,3137
11628,2000,2307
15034,2620,3134
19270,3268,4311
3276,550,712
11240,1851,2240
13111,2185,2892
20627,3569,4485
2222,390,473
5658,971,1216
4414,668,1025
1119,200,233
76735,13339,16021
11772,2053,2450
18996,3215,4186
3763,643,828
4521,799,989
8450,1519,1776
3891,677,842
6829,1180,1447
6614,1148,1363
3838,684,832
4406,742,921
846,140,199
2190,371,455
1015,173,218
2034,359,461
30215,5341,7053
11384,1955,2584
7685,1353,1651
15213,2551,3292
10194,1699,2054
1788,311,380
4497,738,1006
6059,1039,1366
65203,10585,12909
10494,1825,2229
30392,4989,6516
7521,1202,1521
5182,896,1091
2756,473,592
1816,321,398
21105,3568,4382
8764,1524,2003
17904,3065,3852
18694,3245,3930
11110,1864,2465
12670,2252,2986
9502,1618,1971
25037,4013,4904
3103,516,645
21308,3514,4157
7715,1308,1725
10254,1778,2129
6013,1055,1343
8006,1365,1715
22615,3877,4823
12771,2146,2730
9931,1661,2077
12215,1882,2993
15685,2626,3361
1394,241,308
64690,11358,14740
16177,2643,3349
28835,4889,6177
2720,457,650
82420,13378,17996
8300,1411,1750
6094,1054,1323
28590,4736,5776
23213,4009,4894
54786,9194,11488
10694,1788,2171
5038,818,1079
20109,3479,4341
47750,7850,9649
39588,6654,8346
66301,11266,14065
5040,896,1217
46763,8070,9950
7772,1255,1535
144425,24166,30038
772,122,166
1364,212,267
31306,5420,6853
9200,1567,1982
15839,2701,3512
26979,4635,5745
38568,6614,8048
31285,5400,6846
8010,1299,1719
14809,2653,3359
15940,2732,3347
1977,331,413
59157,10230,12360
29006,5026,6458
770,136,166
1545,268,321
16652,2833,3518
17016,2815,3403
27310,4362,5161
14117,2438,2999
17145,2944,3901
2922,503,629
14734,2610,3342
31989,5534,7160
16562,2765,3389
9085,1461,1785
23999,4081,4917
12495,2094,2798
1313,223,271
2431,402,534
4820,839,1050
41716,6968,8527
8915,1493,1891
31258,5319,6738
1669,268,335
21215,3571,4417
22220,3845,4845
5853,994,1229
25738,4428,5422
25278,4124,5147
20289,3523,4291
15062,2452,3023
5842,1011,1264
2740,482,578
7189,1167,1575
8491,1402,1844
2575,465,591
13630,2487,3263
2676,463,580
1195,204,253
822,144,176
21232,3582,4499
74273,12475,15222
10722,1886,2329
11129,1864,2437
4612,803,1021
3344,571,690
9557,1665,2077
8081,1411,1727
19340,3353,4081
5812,1011,1354
21213,3710,4468
7075,1078,1596
5234,896,1150
5680,948,1296
4563,797,1052
9240,1612,2011
10381,1763,2192
25527,4311,5305
2325,396,555
23597,3878,5120
1722,304,370
21274,3807,4711
14778,2577,3182
6264,1085,1324
13500,2371,3071
8899,1552,1856
3123,563,703
10311,1787,2284
5564,994,1136
71312,11794,14116
11592,1945,2420
6026,1007,1301
15517,2829,3488
1386,232,317
4397,770,976
15390,2640,3466
12678,2202,2712
5113,888,1080
4133,724,877
8780,1464,1865
14628,2499,3199
26056,4236,5196
5191,908,1134
7688,1274,1527
9138,1575,1890
10432,1790,2115
19613,3434,4350
14387,2522,3015
17707,3135,3903
10236,1759,2137
8316,1400,1805
20993,3562,4385
12184,2130,2619
5112,889,1158
27700,4778,6095
14799,2601,3469
28805,4810,6738
7870,1309,1617
3379,578,707
5730,986,1147
14748,2515,3143
7465,1324,1648
10441,1811,2178
2252,400,470
902,159,200
473,79,123
6463,1116,1458
6554,1167,1418
2381,420,526
957,159,206
1005,172,221
6649,1202,1456
33488,5811,7481
7711,1257,1611
88,16,20
7230,1337,1560
3202,562,676
3595,625,773
4697,842,1046
4214,740,940
702,115,154
2265,355,467
1206,210,319
1151,192,258
1421,247,318
3047,505,615
309,53,66
16832,2870,4033
10019,1731,2140
33251,5401,6548
4647,816,1006
10166,1780,2303
6321,1037,1419
10975,1926,2288
12495,2181,2701
21584,3570,4380
16919,2900,3985
24124,4256,5258
7776,1397,1730
2458,451,550
3557,592,886
11564,2028,2435
6544,1093,1404
17815,3058,3747
3961,634,804
4061,660,783
6992,1273,1674
40369,6782,9431
21408,3654,4909
6122,1126,1312
5062,839,1096
5619,1001,1279
9501,1648,1985
1772,310,363
959,166,224
1919,320,405
47768,8287,10718
5342,883,1165
19731,3482,4343
3640,603,745
415,72,80
10547,1726,2195
24126,4221,5390
8960,1549,1830
2039,349,411
3488,612,776
3555,633,767
8253,1271,1952
15318,2632,3369
30248,5292,7253
3815,657,885
3821,667,805
13950,2416,2970
4284,760,880
792,149,174
4336,738,868
18453,3238,4220
3736,646,883
3937,641,739
10378,1790,2386
6938,1208,1739
17866,3089,3792
4979,903,1168
16524,2791,3418
7225,1212,1561
19757,3299,3983
4589,754,932
17736,3022,3890
3089,567,696
1491,260,343
17104,2911,3645
5887,994,1219
10358,1763,2191
2790,482,620
1433,245,293
3393,604,789
2277,393,524
6310,1139,1474
23793,4043,5092
10872,1838,2467
2754,457,621
4569,758,898
28373,4948,6209
10713,1913,2410
5701,993,1191
1044,174,219
1498,256,316
27219,4750,6112
9710,1609,2004
10848,1837,2258
6992,1165,1482
1820,293,403
12931,2232,2727
38719,6765,8526
71422,12068,14923
25198,4486,5830
11904,2040,2608
2102,371,424
10048,1817,2338
3628,626,808
1301,219,271
10512,1751,2413
2370,396,501
6520,1118,1348
15454,2797,3401
6659,1160,1433
9040,1518,1983
9944,1725,2264
6925,1195,1418
2560,463,563
6454,1138,1558
5406,894,1101
4022,680,874
4415,733,905
11948,1824,2483
18818,3394,4117
12097,1938,2374
5555,961,1157
4694,762,970
1176,204,245
21730,3861,4750
21332,3640,4522
39577,6768,8354
60238,10264,12949
719,134,148
2001,333,418
26292,4591,5728
793,138,168
8039,1283,1530
11493,2017,2559
1665,287,353
10261,1746,2283
3045,529,711
7476,1182,1624
4017,652,967
23346,3567,5461
14604,2553,3338
14622,2446,3198
35602,5740,7207
4467,710,843
5938,1000,1155
6465,1181,1575
5383,915,1090
10445,1799,2311
21495,3738,4688
20862,3607,4402
24754,4199,5183
7403,1229,1418
4903,826,987
4995,801,1012
7619,1306,1467
43464,7405,9422
8804,1549,1949
53603,9215,11066
3591,597,715
6368,1089,1414
7198,1105,1623
5439,910,1095
17904,3173,3961
6754,1154,1442
9284,1527,2235
5848,1002,1223
6210,1095,1433
14861,2634,3360
14801,2416,3082
7599,1271,1604
12241,2186,2666
35970,6314,7671
12710,2168,2776
10681,1783,2381
6095,1011,1443
20973,3511,4333
9887,1663,2137
11182,1878,2285
14242,2430,2887
7587,1305,1637
10886,1827,2534
15419,2472,3882
8585,1448,1789
10250,1774,2237
2439,398,499
17619,2894,3854
4840,797,976
4273,698,823
7871,1312,1662
2976,532,662
7665,1331,1573
10766,1875,2163
5095,880,1083
12530,2195,2731
11688,1962,2709
3158,538,637
9612,1545,2070
14271,2405,2991
7598,1284,1658
1267,198,308
27249,4531,5559
12874,2247,2652
11071,1905,2442
107690,18198,23519
8523,1527,2347
74515,11608,16788
24558,4192,5574
13456,2126,3309
15479,2484,3393
6943,1177,1478
6321,1135,1429
8421,1445,1975
5728,981,1158
4084,673,887
17361,2948,3767
23525,4120,5158
11948,2078,2858
4875,794,972
11444,1963,2454
11447,1957,2329
8452,1439,1727
3853,640,911
11531,2022,2573
16062,2577,3660
9438,1656,2110
33539,5281,7674
24003,4157,5296
23887,3675,5466
4939,879,1103
13598,2302,2766
20483,3254,4953
872,154,199
3287,562,781
3138,528,728
22597,3676,5230
43013,7160,9017
50644,7881,11389
8143,1278,1860
115472,19746,23848
11821,2048,2469
2995,524,653
3274,553,654
3071,523,663
4482,781,980
5379,916,1162
7879,1390,1730
5295,886,1188
21387,3790,4757
14164,2162,2947
24904,4218,5223
22375,3495,4860
25008,4239,5299
13570,2377,3024
2564,449,570
35514,5780,7718
2102,353,463
7815,1331,1692
13747,2241,2786
11588,2020,2402
4517,739,1053
14137,2386,2964
13749,2239,2763
1863,302,404
5546,929,1159
19633,3302,4043
6993,1187,1574
35320,6041,7337
9603,1709,2337
13303,2132,2971
9723,1647,2101
5817,1000,1242
3227,494,759
5311,926,1106
12909,2289,3106
12845,2133,3001
14035,2346,2929
15972,2609,3051
20698,2938,4764
6283,1070,1304
7737,1360,1714
10693,1856,2209
9762,1689,2173
947,165,213
3414,565,789
1688,265,400
30292,4575,6601
4055,682,858
14482,2520,3316
204,35,50
603,99,124
43932,7367,8927
26032,4493,5705
43120,7098,8814
7404,1186,1565
22173,3613,4631
13845,2345,2965
26900,4491,5383
53655,9074,11099
9137,1501,1823
10304,1779,2209
16350,2876,3780
46006,7737,10326
5000,829,1008
26123,4363,5569
18080,3086,3991
1676,278,340
20349,3418,4256
17017,2845,3743
20788,3471,4315
12524,2150,2726
8865,1516,1931
62320,10457,13550
2469,403,547
17587,2936,3904
33461,5823,6974
4339,736,951
4892,849,1029
24976,4103,5067
30019,5134,6358
124443,20867,27138
289990,48644,61823
32552,5628,7092
3126,503,609
7382,1243,1525
9062,1541,1988
40595,6865,8474
14029,2240,2934
17605,3066,3780
650,105,132
9076,1558,2023
90944,15150,18964
11839,2022,2679
15617,2605,3145
87855,15285,19626
14962,2591,3294
21544,3706,4501
24911,4378,5628
17872,2966,3653
15645,2696,3495
11967,1995,2443
5358,945,1171
1282,212,266
1107,181,221
18447,2959,3725
13213,2176,2622
17198,3006,3658
37171,6328,7659
31744,5376,6550
19127,3307,4071
50894,8357,10500
13158,2194,2638
7498,1253,1447
38355,6559,8020
26383,4404,5456
11236,1932,2393
16996,2926,3644
15375,2569,3347
10709,1835,2448
4723,786,1045
14268,2286,2912
15188,2530,3137
6351,1107,1472
1201,201,255
2566,440,595
11119,1913,2637
16049,2668,3358
16887,2830,3477
21657,3578,4422
9813,1688,2088
9405,1631,2161
26836,4583,5641
9442,1638,2131
36236,5917,7725
2691,447,659
39466,6644,8387
14052,2464,3034
18708,3140,3854
22898,4012,5004
5208,866,1141
5142,888,1015
25166,4316,5206
9354,1542,1879
1987,355,482
7018,1223,1521
32814,5625,7247
24524,4105,5329
12730,2208,2794
7277,1263,1553
10393,1827,2350
6229,1062,1321
25776,4417,5777
17801,3007,4005
51789,8798,11037
6810,1162,1653
13390,2140,2735
15402,2607,3327
26265,4432,5664
15267,2576,3520
6438,1107,1392
21070,3483,4235
16764,2885,3500
19562,3324,4510
33341,5621,7164
25358,4321,6111
21874,3540,4459
9147,1533,1867
4893,806,969
76690,12695,16111
6423,1062,1367
26012,4466,5538
13429,2351,3073
39803,6595,8583
3412,579,667
8000,1346,1706
3662,634,746
10568,1737,2302
1184,210,257
22574,3848,4939
11275,1939,2315
13982,2383,2873
30158,4937,6593
12760,2130,2776
5576,942,1079
10576,1838,2565
10288,1687,2223
8896,1507,1989
1503,226,331
4619,769,1009
13336,2295,2975
62326,10681,12357
10725,1897,2301
17851,3148,3620
9586,1684,2078
23142,4037,5065
19648,3329,4168
4839,823,1060
10993,1940,2275
3054,530,663
12312,2138,2810
4840,762,883
10508,1820,2217
13947,2379,2991
30798,5330,6964
6845,1167,1519
12216,2123,2677
16010,2645,3444
5592,942,1191
6487,1107,1333
491,83,124
23320,4070,5038
280,52,59
42949,7261,9475
23893,4089,4881
21749,3771,4527
16129,2612,3597
65533,11067,13741
37136,6047,7317
40985,7140,9029
11774,1990,2546
12803,2166,2758
4341,730,925
6408,1072,1427
12471,2166,2662
13456,2257,2666
12059,2134,2784
7367,1263,1580
23356,3993,5131
9336,1515,1810
25575,4599,5733
11934,1989,2446
22138,3681,5092
9486,1627,1947
3971,658,785
4327,763,1005
7891,1355,1664
20094,3418,4282
10729,1846,2324
28316,4862,5929
25600,4415,5515
17728,3225,4104
5231,888,1138
7382,1269,1591
9290,1543,1823
5349,899,1077
28045,4681,5874
36316,5755,6769
8075,1406,1845
17319,2814,3479
24286,3907,4900
13137,2227,2714
22741,3984,4821
16779,2998,4068
28577,4727,5837
28834,5037,6257
20166,3423,4333
12587,2063,2602
12230,2124,2628
747,130,164
9325,1538,2003
5544,960,1190
20094,3452,4341
9063,1588,1961
2005,352,424
30948,5309,6695
6359,1117,1509
30768,5305,6795
7803,1358,1738
68519,10873,14137
16905,2704,3494
25845,4314,5497
27469,4386,5679
922,160,187
12308,2081,2567
6577,1083,1361
4780,821,1178
9456,1604,1895
19287,3411,4047
7921,1347,1756
13697,2276,2803
17745,2883,3918
37874,6384,7899
35569,5926,7774
27895,4835,6180
18438,3201,4545
18762,3098,3765
79492,12952,16153
35291,5803,7235
15470,2587,3431
43145,7158,9413
13126,2286,2846
13460,2294,2909
10365,1797,2115
5706,1010,1351
19159,3104,3923
12556,2120,2791
30067,5230,6391
6364,1056,1417
11330,1922,2360
9486,1584,1984
17049,3008,3702
5837,914,1317
14845,2600,3341
3593,602,708
8945,1543,1893
21608,3809,4835
27921,4664,5490
14244,2495,3082
14388,2490,3242
2133,345,465
17208,3053,3931
1606,271,378
12799,2219,2841
8404,1407,1852
14614,2414,2965
9338,1576,2000
20857,3249,4531
2560,435,511
1468,253,356
8323,1412,1831
15680,2506,3139
29609,4894,6022
10580,1710,2245
9519,1588,1926
937,164,200
3657,631,798
4599,761,974
6934,1186,1516
13383,2217,2777
7766,1284,1598
38010,6674,7868
36354,6117,7503
82102,14354,18082
14176,2293,3009
2380,421,609
26223,4256,5506
17668,2963,3692
3445,596,756
2886,499,627
26304,4598,6312
10210,1735,2118
14896,2572,3082
4816,803,1023
387543,66233,88234
6201,1038,1323
3992,702,825
8401,1415,1714
11773,1957,2376
32047,5414,6726
9770,1590,2275
20222,3490,4185
9905,1703,2115
10660,1743,2088
575,102,129
4438,768,871
38964,6914,8595
14220,2290,2807
23120,3982,4771
24342,4211,5410
16288,2725,3359
6711,1056,1280
2239,366,453
14251,2409,2938
42677,7279,9151
1033,185,237
2490,408,506
29653,5026,6299
770,128,175
37510,6298,8206
17403,3061,3786
11010,1915,2367
5455,928,1211
42155,7110,8825
3649,581,742
33018,5347,6730
26773,4455,5857
60046,10158,12345
35685,5826,7002
89094,15043,19057
7433,1245,1596
16537,2740,3278
16606,2769,3346
5776,1011,1227
18100,3097,3749
12548,2210,2871
7254,1174,1549
764,130,178
3682,621,866
8931,1524,2016
7497,1272,1667
10214,1649,2031
10251,1720,2162
42654,7066,9066
54668,9050,11289
30482,5091,6297
20133,3462,4119
9595,1580,1926
15043,2421,3340
6869,1133,1566
34178,5654,7056
2113,343,466
1522,255,354
6618,1131,1391
20298,3553,4189
4674,802,984
14898,2556,3115
34161,5519,6741
20653,3462,4718
30285,5252,6541
1768,303,417
939,156,212
7790,1336,1731
8191,1295,1860
2803,477,575
34411,6021,7857
42649,7245,9342
25272,4032,5535
8114,1386,1871
562,91,105
20228,3409,4268
17338,2950,3878
4357,690,963
3011,521,660
12831,2156,2765
12045,2077,2563
9223,1517,1821
3730,640,847
14702,2408,3097
9762,1729,2087
42,7,14
67480,11225,14063
23936,4126,5351
17321,2975,3670
9957,1623,2147
26144,4280,5571
17995,3072,4160
1024,169,227
14276,2401,2922
26874,4645,6070
13161,2243,2730
3866,666,819
1349,238,279
1054,188,247
5287,895,1147
37542,6321,7699
4950,773,1078
13358,2274,2848
42606,7259,9140
10565,1753,2185
13953,2273,2934
7977,1418,1727
26867,4565,6104
8020,1403,1758
3622,583,718
28560,4867,6448
7673,1309,1738
29417,4996,6348
12174,2038,2734
5044,860,1144
5726,953,1194
6757,1168,1533
1751,304,391
720,116,189
13185,2174,2736
10048,1750,2158
10322,1825,2301
8159,1412,1885
18638,3214,3966
12236,2147,2830
10524,1847,2317
1661,275,376
1188,204,251
1079,189,238
50107,8279,10605
27734,4745,5801
5518,917,1038
7647,1269,1634
5330,890,1127
2514,433,693
1806,300,437
18385,3053,3743
721,123,165
28377,4832,6850
24182,4089,5438
4676,812,1041
18303,3165,4179
16528,2864,3511
1501,263,326
8583,1505,1779
8653,1525,1866
9068,1513,1935
270,47,63
15781,2831,3667
21499,3589,4446
9830,1676,2038
15692,2825,3651
43904,7493,9191
9748,1689,2048
196,38,46
828,145,174
42533,7222,8906
11826,1988,2385
12295,2066,2604
21205,3668,4684
13750,2244,2931
36154,6169,7421
17141,2920,3475
27788,4804,5899
24338,4111,5051
10597,1739,2035
40891,7073,8907
12915,2204,2781
22902,4041,5248
993,161,250
10852,1753,2268
15739,2617,3158
30145,5179,6520
13084,2254,2768
13950,2367,2825
94362,15996,19709
14289,2446,3102
210,37,42
14030,2304,2854
7835,1325,1639
30010,5057,6154
4622,768,993
20321,3367,4063
2796,485,617
22300,3826,4628
19407,3337,4211
10004,1770,2141
9305,1617,2067
3601,621,745
19089,3438,4123
8686,1540,1832
18372,3065,3795
15539,2643,3500
28358,4975,6090
376,59,83
994,180,218
11240,1997,2552
6430,1043,1252
3536,601,837
10345,1727,2100
7986,1354,1706
309,52,62
1775,290,375
51326,8886,10313
4880,805,1017
59371,9841,12422
9251,1559,1912
17281,2992,3719
14198,2497,3221
11250,1855,2271
42589,7080,8562
1876,318,413
9013,1604,1921
14837,2578,3170
12887,2168,2786
18020,3133,4003
21449,3629,4492
9034,1612,1990
15191,2516,3169
9466,1618,1999
813,140,164
9531,1653,2030
15161,2514,3147
5664,950,1252
1420,232,301
15921,2588,3341
26187,4425,5537
4231,682,953
14587,2461,3237
1232,206,322
69759,12138,15750
5879,994,1320
10780,1865,2283
24797,4096,5394
2615,441,587
1872,311,415
18492,3162,4014
5848,1004,1269
5779,1020,1257
60182,10060,12820
51701,8894,10281
5995,1044,1240
1487,257,342
1362,222,294
18807,3233,3941
1779,290,352
1245,207,273
55069,9372,11646
1082,193,221
25615,4537,5958
4312,722,890
6791,1137,1420
5078,844,1069
19254,3287,4042
35011,5863,7241
3118,486,649
24026,3907,4763
36082,5948,7348
16662,2894,3349
21891,3596,4248
15630,2730,3519
1139,193,292
43656,7712,9097
4277,740,1072
10455,1814,2445
16359,2790,3550
3768,592,865
7392,1226,1488
25186,4084,5566
39663,6730,8382
8677,1494,1715
29064,4819,5817
63096,10303,12848
11360,1967,2450
10777,1886,2379
11017,1856,2226
7034,1189,1504
4243,716,919
2264,388,475
277,46,67
41820,7077,8659
26465,4368,5348
47480,7807,9997
18499,3182,4366
12755,2015,2440
6154,1038,1459
5400,907,1248
29001,4903,5880
34227,5789,6990
21478,3686,4723
18384,3038,4114
59596,10071,12261
22623,3865,4883
18700,3143,3926
4825,812,1068
16132,2811,3661
899,153,180
22009,3749,4546
40861,6899,8754
81364,13516,16699
7870,1289,1663
8154,1373,1693
4026,674,847
11865,2034,2404
4421,742,935
8971,1527,1907
4777,813,1038
8078,1296,1597
12398,2084,2756
21845,3556,4908
6342,1083,1328
3540,616,775
6369,1088,1353
20274,3424,4195
5238,894,1113
24178,4041,5267
20609,3535,4319
21770,3557,4597
211,36,53
6680,1140,1516
13826,2306,3065
47329,7873,9661
14181,2361,3005
41955,7103,9012
4691,812,1040
9710,1651,2095
49505,8230,9779
6988,1121,1374
15361,2657,3214
28723,4818,5783
31458,5510,6835
19549,3334,4272
1801,285,360
6970,1222,1437
4477,750,898
21253,3472,4427
4159,687,925
1441,231,281
1459,239,318
13982,2379,3005
3152,546,709
11552,2017,2485
2601,429,508
13122,2240,2802
2619,437,522
49422,8335,10656
272,50,65
14173,2295,3016
10134,1761,2162
20248,3390,4357
20120,3402,4306
13339,2228,2768
2318,386,526
9878,1637,1998
61114,10233,12375
15019,2544,3181
11274,1795,2183
2162,349,445
5365,931,1217
6288,1048,1290
16143,2811,3470
14598,2411,3070
5005,865,1103
53480,8852,11141
9635,1607,2096
6466,1037,1250
12129,2093,2644
5942,989,1325
4366,725,866
7733,1313,1790
19454,3285,4150
21535,3640,4747
27806,4723,5812
8915,1557,2051
10727,1911,2823
14017,2489,3029
12743,2050,2462
23151,4157,5132
189,31,39
4921,854,1081
2593,438,561
19656,3310,4344
1703,301,381
26616,4527,5710
19025,3264,4114
55523,9279,11540
128096,21643,29237
22446,3698,4503
19590,3444,4226
1298,210,240
7182,1252,1608
2393,414,556
9030,1507,1816
19905,3319,4130
11588,1997,2605
4665,721,1029
4199,729,956
8941,1540,1925
1004,182,210
864,145,182
8911,1577,1950
5596,965,1225
24845,4048,4979
4647,771,1061
10499,1789,2063
6131,1038,1487
1468,228,338
43802,7294,8981
11353,1858,2472
1783,307,403
891,149,191
28379,4820,5949
17846,3071,3669
18484,3182,4012
22553,3819,4878
15906,2620,3778
21887,3816,4808
899,154,178
15934,2653,3154
18839,3288,4221
12601,2181,2696
15220,2626,3444
29371,5210,6534
10457,1912,2298
10583,1760,2215
19212,3149,4019
9402,1564,1915
22515,3820,4772
7248,1220,1726
18732,3154,4312
6649,1056,1508
11611,1993,2522
9743,1663,1978
26553,4633,5828
9318,1633,1996
15002,2565,3197
17675,3072,3879
10105,1658,2196
9359,1637,2128
6159,1075,1342
7033,1180,1660
11447,1927,2380
29903,5145,6187
15149,2626,3387
15418,2549,3225
1616,274,355
2099,357,451
17535,2846,3597
43516,6854,10126
11006,1908,2456
9431,1623,1993
34891,5797,7406
11752,1983,2493
10370,1833,2395
9600,1670,2139
16628,2766,3503
3110,515,660
48486,8602,11064
22340,3937,4953
27766,4647,6253
62171,10456,13098
6369,1108,1342
36500,5895,7216
42413,7121,8874
15014,2453,3054
14949,2462,3054
14422,2411,2956
8296,1419,1839
13789,2316,2867
38220,6395,8011
62183,10449,12724
3104,535,698
17532,3031,3669
19049,3169,3865
12573,2167,2662
15965,2759,3422
5924,1041,1305
6075,990,1364
18985,3238,4030
16304,2754,3601
17222,2947,3545
10895,1965,2428
1119,200,258
19661,3449,4285
16173,2767,3554
29434,4941,6421
24321,4220,5401
95932,16060,20206
2165,377,496
5678,908,1172
12980,2256,2746
16574,2957,4166
4966,847,1088
7733,1357,1700
8245,1426,1719
10080,1642,2095
7327,1196,1547
1093,184,263
7056,1130,1502
28627,4905,6080
9376,1589,1894
965,165,190
139255,22303,27320
8434,1406,1836
38512,6446,8425
23120,4016,5104
12062,2073,2611
7203,1203,1598
8003,1372,1740
25345,4450,5625
6101,996,1158
6413,1066,1434
6065,1037,1370
5977,997,1307
5224,908,1114
6048,1050,1318
15764,2658,3412
10176,1564,2062
3999,669,851
8502,1372,1748
2398,413,506
9156,1533,2008
1247,213,236
26297,4462,5504
1679,281,325
16619,2724,3397
25563,4324,5197
476,83,119
2385,381,502
325,55,80
1093,175,242
20218,3447,4315
10520,1805,2307
41040,6954,8981
16207,2807,3438
39055,6658,8315
2257,357,455
23224,4019,5026
14049,2397,2931
5720,975,1150
10421,1827,2253
34555,6129,7747
15913,2626,3095
20522,3480,4325
26930,4595,5789
10319,1769,2221
9451,1593,2059
1420,253,319
14573,2448,2982
36651,6155,7783
17590,2847,3646
44023,7448,9676
14442,2424,2949
3239,490,664
16468,2784,3477
4043,703,946
5498,919,1100
13813,2365,2780
8679,1524,1912
2473,413,517
27638,4864,6091
12717,2271,2920
16499,2745,3409
24717,4240,5230
10595,1720,2217
29844,4999,6036
13041,2233,2845
59291,10022,12611
11095,1868,2493
4345,738,985
9179,1526,1958
14099,2372,3120
23299,3821,4577
31663,5185,6238
16681,2816,3482
4422,776,941
14228,2448,2977
72309,12306,15127
14376,2446,2954
34118,5738,7037
18177,2945,3674
4141,676,807
19421,3371,4440
30376,5304,6907
5014,837,1013
4512,767,935
8626,1449,1855
6591,1092,1419
15115,2517,3066
21629,3861,4724
25862,4615,5638
23442,3867,4990
2450,401,448
6878,1189,1406
10414,1742,2258
1510,246,356
19056,3304,4315
20179,3473,4392
19067,3017,4194
6458,1122,1415
730,128,166
38834,6715,8287
2659,456,601
4023,708,861
9309,1617,2043
5085,829,1106
15960,2743,3420
22289,3771,4819
13337,2244,2986
21684,3717,4580
20185,3502,4689
20962,3728,4949
8492,1381,1718
21107,3520,4618
13149,2251,2835
12009,2036,2690
5578,937,1184
26711,4429,5447
18557,3039,3791
4904,862,1053
7322,1263,1639
17786,3090,3959
3677,643,761
6873,1183,1451
7017,1199,1568
17683,2972,3611
10127,1770,2113
5631,929,1180
9687,1633,2117
3195,550,669
3687,647,827
18758,3277,4032
6093,1044,1309
24080,4033,5040
4987,849,1112
25399,4176,6239
10328,1807,2128
3006,512,680
19514,3314,4087
6843,1193,1538
38793,6532,7992
9576,1674,2026
20017,3413,4491
62155,10559,13701
7131,1263,1596
62341,10398,12428
36109,5983,7229
11869,2026,2478
160,27,33
19464,3295,4088
22135,3748,4993
35887,5934,7674
19048,3256,4375
20794,3538,4656
144763,24249,29866
5919,976,1238
4841,805,974
39334,6643,8746
15662,2632,3185
12763,2179,2665
13178,2313,2832
6019,1048,1294
7102,1213,1499
35276,6121,7435
31189,5269,6410
33872,5879,7497
74588,13620,17772
16159,2634,3347
42080,7042,8748
25364,4344,5600
8237,1460,1812
21819,3748,4800
46541,7686,9452
28856,4735,5755
335,60,84
35227,6112,7434
2988,483,685
18825,3176,3935
24267,4198,5638
34770,5965,8007
18446,3219,4309
33091,5670,7244
17446,2982,3687
13985,2365,2946
31291,5377,6614
10242,1703,2211
4724,758,886
1083,179,208
1524,265,359
11484,1999,2360
14200,2397,2891
14499,2496,3179
3504,545,782
974,156,190
5525,952,1260
6150,1038,1260
15187,2510,3062
1744,293,361
11126,1845,2475
13559,2346,3012
3791,644,817
3513,584,742
27371,4707,6391
772,140,153
8978,1498,1980
51197,8864,11151
16731,2918,3688
21702,3667,4734
28501,5013,6228
13940,2350,3341
42851,7180,9087
38268,6386,8399
14170,2395,2946
7165,1176,1453
11776,1980,2578
38731,6473,7926
10448,1828,2249
4792,805,983
2101,372,530
35900,6211,7659
23096,3765,5040
2616,401,594
7573,1244,1639
7794,1305,1549
38240,6469,8325
56539,9441,11902
15081,2458,3189
5661,1002,1228
18645,3149,4121
19376,3400,4228
8533,1429,1704
19957,3322,4219
24430,4110,5026
1393,248,277
5119,858,1051
8416,1428,1754
57693,9649,12188
20247,3427,4165
1710,297,350
2070,353,424
8124,1340,1580
18483,3158,4140
10004,1692,2223
4946,819,1038
13390,2264,2906
17597,3006,3733
12382,2103,2659
32382,5508,6659
29937,5200,6810
8116,1331,1652
49655,8569,10799
9863,1701,2045
14554,2469,3121
23509,4090,5240
5353,925,1101
7211,1219,1449
32621,5843,7322
83502,13529,16902
8664,1505,1958
52420,9105,10961
17627,2883,3570
5403,918,1111
60252,10461,13495
13689,2321,2895
34555,5693,7118
11586,1995,2486
4523,777,1006
2653,444,565
6546,1058,1408
6109,1039,1305
12804,2150,2757
11382,1989,2394
21265,3564,4646
11040,1914,2411
8154,1354,1678
9824,1585,2013
3107,546,645
31846,5233,7104
12412,1972,2494
14777,2332,2775
6176,1043,1390
26093,4462,5510
2828,502,605
14656,2305,2724
15923,2713,3492
13043,2205,2662
15720,2580,3268
886,140,200
1445,247,327
4544,773,934
5322,927,1170
5863,991,1350
35418,5717,7386
43717,7005,9621
522,88,106
950,161,204
1119,186,291
5420,915,1164
2690,453,558
1822,290,402
2315,363,502
4762,809,1045
1871,323,401
15646,2696,3516
12615,2076,2535
27696,4712,5947
15905,2723,3375
12556,2151,2818
16416,2717,3505
11999,2043,2593
9038,1584,2037
36224,6124,7739
55324,8988,11162
21463,3721,4689
39635,6517,7925
40498,6716,8258
23722,3658,4795
32875,5524,7474
23274,3953,5021
21025,3759,5317
11472,1959,2469
6966,1186,1661
20984,3610,4372
8134,1381,1776
13081,2286,2868
16952,2925,3990
1717,311,401
22316,3815,4677
7464,1252,1494
4186,701,927
22677,3853,5304
20465,3467,4793
6901,1102,1430
6847,1149,1471
18322,3256,3829
34765,5798,7263
9150,1582,2117
4750,838,1098
4158,713,1007
15266,2518,3309
18245,3059,3941
20603,3365,4331
12015,2004,2545
26174,4291,5205
8461,1468,1796
11457,1984,2370
3890,690,859
22364,3912,4929
2832,499,613
15632,2707,3240
56279,9649,12414
12499,2066,2803
20544,3520,4304
1435,245,287
25738,4390,6016
25319,4272,5322
30418,5266,6322
59781,9528,11522
11324,2057,2497
64432,10868,13234
4594,801,954
7470,1277,1545
2436,416,485
5515,978,1244
15406,2589,3396
3461,624,861
25267,4160,5527
28755,4941,6168
19778,3291,3930
34818,5936,7251
9155,1450,1978
27636,4566,5764
22663,3882,5021
17106,2944,3804
10229,1781,2247
15370,2543,3268
21500,3552,4459
24344,4192,5872
21544,3669,4774
1719,288,338
1226,212,259
21939,3604,4629
5854,996,1281
17188,2906,3651
6690,1142,1479
6191,1101,1400
5171,938,1194
27212,4521,5949
5915,1005,1455
4710,836,1034
12097,2042,2596
4806,821,1031
8957,1487,1918
6927,1130,1612
11400,1860,2299
7849,1357,1592
9614,1654,2139
46004,7515,9269
16676,2728,3421
12095,2147,2710
23799,4125,5005
12548,2052,2871
18000,3118,3848
30609,5023,6202
9302,1522,2078
16340,2717,3303
1174,203,269
11821,2071,2538
6638,1126,1415
14798,2610,3214
1187,194,251
1341,225,268
66136,11287,14250
6725,1106,1471
8647,1439,1911
41055,6955,8762
30575,5384,6465
9481,1644,1910
38330,6203,7946
6615,1166,1479
6116,1062,1395
16400,2733,3310
7897,1287,1657
26328,4253,5384
25051,4337,5738
3531,579,753
4698,807,975
6765,1142,1416
6876,1140,1478
8965,1524,1928
12080,1989,2527
10405,1757,2215
43059,7407,8734
37579,6566,8118
3687,613,775
27945,4702,5733
31130,5264,6512
2251,371,475
9081,1516,1935
25083,4425,5659
7262,1292,1580
7197,1257,1509
8388,1435,1861
3223,528,639
21210,3656,4426
293,54,86
3900,619,813
69972,11673,14244
20758,3531,4508
15434,2615,3206
11815,1971,2471
3353,566,696
18160,3024,3953
21549,3788,4570
9280,1604,1972
15424,2593,3186
1074,179,224
22551,3705,4754
2325,395,480
18871,3265,4164
6074,1056,1245
5971,1012,1203
6105,1039,1300
20943,3484,4431
18828,3181,3990
15408,2737,3339
8557,1449,2120
18295,2996,3725
568,101,119
15271,2492,3044
1640,285,354
7355,1266,1645
16198,2820,3724
2435,412,549
10408,1786,2190
11238,1902,2293
12614,2113,2578
26919,4602,5746
42568,6931,8635
1965,339,408
8557,1433,1849
10838,1819,2449
1105,187,256
7618,1307,1624
2158,359,456
2104,344,445
1339,225,305
10814,1815,2211
3714,636,796
38382,6575,7851
24553,4111,4934
12798,2180,2692
26320,4513,5894
12616,2178,2713
8535,1399,1756
20473,3450,4166
5389,892,1147
8918,1515,1935
13221,2228,3049
4202,721,947
31253,5324,6668
13915,2364,3172
10651,1787,2145
10483,1830,2390
14031,2393,3042
15967,2712,3588
29469,5000,6155
9538,1610,2076
4330,729,1090
20542,3436,4651
575,101,115
12606,2092,2576
69398,11843,15131
18107,3047,3894
10658,1796,2367
20272,3527,4331
12029,2054,2694
16769,2746,3343
18200,3008,3787
15107,2492,3150
11605,1978,2586
20788,3594,4407
15082,2660,3193
16758,2859,3687
9093,1626,2122
5590,910,1160
9238,1556,1856
9366,1609,2025
12744,2091,2524
14814,2542,3112
94546,16306,20145
8723,1443,1704
10993,1901,2315
14250,2392,3163
2499,430,526
9581,1721,2065
21013,3598,4468
29285,4953,6299
30988,5373,6486
7943,1309,1674
14453,2462,3065
21975,3648,4747
12826,2188,2692
22154,3851,4677
9691,1672,2089
59169,10225,12453
23113,3848,4591
4817,830,1057
5442,930,1214
10515,1792,2345
51021,8866,11257
5045,890,1056
59375,9515,11925
7279,1254,1489
10106,1703,2156
6811,1141,1496
11358,1922,2428
9228,1550,1957
8402,1428,1736
11403,1929,2468
9214,1541,1895
14385,2458,3079
33306,5733,7302
9948,1730,2223
25934,4484,5720
28782,4779,6131
3299,542,698
3507,579,797
1081,189,226
14828,2482,2985
9320,1580,1918
19066,3319,4123
11299,1898,2238
9387,1583,1945
21436,3659,4339
92851,15467,19498
4464,738,855
79119,13189,16753
6775,1120,1413
48031,7843,9521
5105,835,1072
18150,2904,3646
869,158,200
21395,3547,4402
33453,5778,7312
35055,6077,7456
20250,3478,4153
4782,817,967
4397,741,932
558,93,107
7225,1241,1553
62070,10406,13487
25547,4481,5762
20508,3593,4705
21292,3684,4574
13980,2184,2756
24158,4135,5078
19682,3415,4310
16088,2676,3182
3654,623,779
9877,1662,1959
2878,492,579
41904,7131,8953
5424,899,1083
20991,3682,4585
15613,2716,3456
1545,275,391
45854,7805,9243
19100,3297,4198
9168,1580,1909
1357,229,284
4990,858,1092
9945,1781,2270
102948,17450,21647
4220,704,884
9833,1675,2225
10633,1750,2257
32410,5382,6889
7349,1276,1716
54596,9233,11506
153347,24389,31292
7379,1228,1565
849,135,174
11840,2006,2621
31891,5338,6531
8160,1338,1726
6880,1143,1399
12310,2059,2502
14657,2557,3008
24539,4101,5247
1207,196,259
36718,6439,8211
71951,12250,16522
10319,1776,2143
1175,202,235
2128,380,465
7656,1289,1577
5365,902,1191
41048,7162,8883
14701,2471,2936
3189,535,754
82943,13728,17186
24697,4250,5161
38994,6753,7993
24786,4263,5090
1426,241,300
4044,704,851
10244,1739,2045
9101,1489,1936
9032,1517,1930
8940,1556,1851
27598,4852,5839
24012,3895,5315
15629,2649,3295
3452,614,680
46580,7577,9658
21275,3628,4436
28885,4910,6257
12295,2115,2463
16983,2980,3676
5950,995,1366
4869,829,1002
22154,3733,4653
16729,2989,3569
4182,723,1005
16226,2682,3655
4761,789,953
4408,777,1031
25341,4353,5714
23198,3785,4640
3951,661,946
3146,532,657
4696,797,954
14572,2435,3084
18312,3218,3937
5341,855,1255
29133,4852,6100
2962,527,641
15960,2767,3432
22436,3898,5069
20171,3324,4124
108300,18104,23230
15074,2606,3283
8986,1512,1802
9825,1641,2094
62244,10385,12723
19381,3283,4125
13898,2394,2991
9428,1564,1789
18761,3072,3833
31755,5348,6484
36712,5862,7657
6174,1100,1364
8649,1463,2032
4682,804,1050
12100,2040,2570
27145,4682,5981
9515,1544,1867
8124,1399,1707
3956,658,939
2081,358,421
48089,8506,9991
30256,5467,6627
1718,286,365
6034,992,1398
75014,12674,15796
110792,18768,22547
2936,479,743
60390,9866,12290
29542,4982,6487
6996,1195,1531
31613,5385,6632
19404,3204,3953
95217,16188,19124
21559,3808,4873
22236,3530,4662
17823,3033,3928
9569,1651,2176
12559,2100,2530
6973,1229,1608
21214,3737,4663
22690,3808,5032
5439,947,1154
26984,4799,6151
8734,1439,2047
2246,381,494
13095,2355,2922
10480,1898,2231
6611,1120,1415
24895,4298,5451
33130,5493,6837
7287,1218,1471
8116,1399,1705
62935,10569,13219
49883,8128,10057
35913,6310,7599
27669,4593,5847
2805,491,598
17888,3159,3925
17621,3166,3766
17838,3142,3743
12680,2081,2633
43135,7258,9658
5568,918,1104
17380,2991,3900
14742,2519,3080
18006,2971,3736
13548,2282,2850
13941,2473,3185
9938,1683,2135
7074,1233,1473
20414,3435,4151
13869,2352,2870
48434,8067,10033
17234,2794,3586
15540,2571,3221
12001,2072,2643
39622,6763,8569
1573,263,337
8637,1458,2088
5156,856,1039
1690,292,373
10399,1712,2383
4521,773,947
20263,3394,4126
19334,3285,4327
10338,1788,2271
1146,191,227
8764,1464,1794
17916,2877,3759
10934,1783,2289
11042,1903,2334
17462,2832,3570
4669,815,983
7484,1262,1613
3757,598,882
14869,2483,3373
5223,868,1129
2272,389,469
8104,1400,1626
24627,4064,5314
3577,611,715
5121,851,1107
43912,7585,9341
10740,1912,2240
4933,838,1015
3516,594,748
1064,173,218
6316,1045,1282
9076,1544,2037
72399,11850,14545
10281,1719,2437
5188,896,1116
3734,628,772
8514,1464,1720
11154,1900,2398
2865,490,656
12457,2107,2604
7836,1308,1621
20747,3594,4424
13153,2269,2903
14364,2323,3275
3925,684,821
9416,1629,2030
48948,8073,10157
18693,3160,4104
24700,4186,5515
7281,1207,1642
6207,1027,1409
72870,11700,14639
20573,3539,4696
14465,2352,2919
34379,5854,7366
12225,2058,2730
16698,2879,3491
13658,2288,2910
62932,10466,13503
7275,1252,1540
7671,1288,1598
7961,1336,1613
7944,1349,1663
8227,1415,1812
8798,1522,1758
10477,1778,2251
17399,3034,3676
17397,2899,3438
9497,1653,2054
10267,1813,2265
5063,864,1100
2559,438,603
18877,3266,4135
31324,5195,6655
16649,2823,3556
28756,4823,6078
15846,2526,3095
1487,261,332
4003,721,824
28169,4910,5934
473757,82242,101780
9684,1598,1999
33112,5701,7140
27906,4462,5603
19960,3474,4154
4566,763,910
2217,374,519
12906,2168,2609
7964,1285,1602
5034,830,987
16060,2657,3428
15876,2558,3413
36546,6152,7718
4559,771,995
10167,1798,2221
10711,1765,2245
8351,1438,1732
10318,1795,2157
228347,38905,49863
7906,1312,1651
6743,1142,1531
9544,1550,1992
15496,2652,3542
3689,628,747
10852,1733,2056
39292,6514,8055
38584,6426,8165
8814,1498,1905
13673,2443,3055
30451,5175,6307
28236,4789,6139
19360,3320,4119
14731,2407,3094
20025,3486,4278
11555,1945,2436
13392,2237,2825
31103,5242,6481
31355,5134,6329
10172,1721,2082
3875,664,874
14880,2529,3098
11897,1991,2457
9605,1585,1948
7356,1241,1612
32755,5555,7443
13451,2326,2979
22436,3819,4586
87897,14179,17270
31551,5323,6497
43019,7145,9383
25348,4373,5279
57875,9447,11910
38619,6576,8278
25800,4275,5424
49242,8226,10002
1234,210,280
63663,10557,12879
310,49,61
43183,7298,8627
4888,803,1109
22288,3652,4625
22232,3822,4801
13333,2221,2816
89088,15182,19155
10373,1791,2229
44537,7524,9604
22777,3926,4859
70204,11845,15466
54289,9601,13159
9381,1562,2008
101720,17170,21305
7921,1338,1666
10440,1850,2477
2322,372,464
3831,661,802
6623,1140,1471
5438,937,1133
2625,450,534
7348,1229,1519
12405,2168,2762
14385,2312,2884
8410,1466,1725
7787,1263,1727
3570,592,779
15325,2620,3442
9830,1597,2098
5706,954,1182
4007,712,856
6120,1003,1293
12958,2327,3067
12337,2131,2637
6836,1182,1543
15316,2555,3394
36408,5970,7689
12841,2161,2705
4483,743,956
25613,4445,5536
4724,796,1017
5288,924,1119
4243,723,899
4133,709,941
48224,8057,9923
11571,1988,2392
16038,2831,3606
10261,1722,2260
3457,601,740
12797,2197,2735
19229,3288,4419
8095,1415,1821
9709,1715,2123
6402,1035,1345
3436,595,754
10784,1902,2549
17440,2967,3759
85942,14303,17905
23743,4221,5541
6787,1156,1548
5374,923,1136
9215,1556,2231
12875,2196,2789
5847,992,1529
4976,855,1049
13310,2300,3019
18915,3121,3925
6792,1219,1543
8998,1504,1818
9724,1678,2382
5821,966,1197
8837,1528,1946
10702,1791,2163
35769,6048,7516
3281,532,667
4911,839,1077
1739,270,404
2188,350,468
9567,1579,1917
8650,1401,1845
13028,2264,2876
6673,1162,1474
7695,1348,1658
1813,314,392
3900,662,838
4522,780,1013
3717,625,795
14295,2418,3040
14163,2388,3465
7801,1319,1701
18181,3138,3694
4760,807,1032
3536,597,761
17688,2981,3664
11535,1875,2338
8692,1491,2075
5328,911,1194
3596,612,821
6326,1093,1411
13609,2339,2917
7829,1347,1721
10287,1711,2247
11231,1877,2595
13524,2276,3134
4770,780,985
14810,2542,3345
6494,1114,1332
6376,1094,1382
16034,2743,3742
11082,1787,2347
3200,518,677
7374,1224,1515
8443,1346,1894
39327,6930,8540
16034,2809,3445
7695,1309,1719
30523,5158,6402
24628,4169,5251
30503,5278,6595
9537,1580,2024
4625,791,949
1289,227,304
21767,3725,4654
10033,1624,1991
6139,1033,1351
4200,699,948
7953,1314,1711
10294,1739,2164
4180,715,954
2016,346,423
3744,636,796
5590,965,1240
3870,660,848
18862,3103,3953
8425,1447,1795
12175,2025,2691
1254,205,295
6201,1078,1353
7565,1293,1595
9490,1648,2136
7904,1398,1870
14153,2396,2950
15362,2548,3099
6101,1029,1294
16655,2910,3532
18472,3113,3880
10885,1823,2451
16927,2823,3579
18862,3277,4259
4438,740,1083
26213,4423,6284
4636,785,1008
5315,875,1127
14706,2465,3117
44439,7823,9679
5851,996,1209
6519,1107,1344
9840,1644,2026
4271,729,990
12740,2177,2763
22811,3817,4590
9389,1554,1920
7645,1291,1740
18295,3110,4363
12557,2089,2733
3694,638,883
10071,1665,2224
5632,929,1161
10198,1716,2336
15489,2609,3310
7030,1196,1486
7625,1284,1520
9572,1661,2005
10144,1722,2136
9451,1645,1954
13585,2263,2947
4075,683,909
14042,2403,2901
64312,10772,13869
56718,9537,12283
5259,883,1102
8316,1431,1737
3051,518,692
13031,2155,2788
8621,1443,1857
23650,4175,4986
28873,4927,6334
65708,10994,13481
402,72,101
7703,1340,1639
6258,1047,1341
3932,681,868
3613,627,826
34153,5823,7397
15137,2577,3370
3976,641,803
18757,3203,3882
2954,513,655
3327,574,724
3902,677,842
15822,2703,3510
2133,389,457
5867,924,1299
31999,5484,7146
18641,3072,3824
30176,5148,6717
6556,1151,1534
785,122,189
2615,445,610
1028,171,234
1828,293,407
8534,1465,1958
6390,1081,1448
18636,3133,4287
24996,4371,5327
71686,12237,15985
27954,4683,6007
27747,4702,5795
11969,2028,2562
9928,1693,2234
3374,562,682
13018,2192,2812
10696,1804,2348
6580,1139,1434
62947,10497,12566
52359,8990,11358
69500,11786,15284
16307,2834,3614
28213,4805,5739
61488,10369,12666
5362,946,1205
17283,3004,3676
7848,1345,1740
10319,1701,2149
8085,1371,1575
32103,5589,7360
6745,1156,1418
7667,1282,1590
7023,1124,1522
3417,572,757
13551,2314,2857
53006,9177,11285
21071,3672,4493
995,177,209
4374,749,1033
33628,5589,7033
15471,2658,3515
14337,2511,3164
51715,8510,11545
7406,1292,1652
29329,4960,5890
10768,1915,2495
16246,2763,3544
10113,1772,2150
23553,3934,4865
32855,5570,6876
13513,2280,3166
12272,2119,2582
10504,1759,2332
13703,2296,2848
26447,4524,5523
4119,727,919
11616,1998,2375
6116,1039,1306
14850,2452,3280
3354,565,818
78614,12843,16092
17511,2895,3678
9091,1597,1982
14965,2566,3148
3925,672,839
2057,345,429
8402,1401,1910
2882,481,587
16197,2742,3459
7815,1387,1710
17433,2973,3656
13581,2175,2799
8031,1371,1666
19143,3301,4092
7585,1276,1761
12070,2094,2690
4538,766,930
7504,1264,1624
3450,584,753
27591,4589,6054
7357,1245,1583
3617,606,784
4212,708,903
3365,575,738
47913,7976,10034
3676,616,786
7645,1294,1652
16787,2744,3394
7844,1310,1856
2393,426,518
21497,3650,4387
624,104,148
5582,977,1202
7241,1225,1572
3981,672,877
7349,1235,1578
7643,1291,1647
5933,1003,1278
31914,5248,6771
5632,946,1229
27802,4702,5751
7596,1299,1680
15246,2561,3181
25137,4296,5357
2470,394,548
12244,2062,2385
10049,1645,2018
6555,1104,1342
12302,2083,2566
13099,2160,2865
700,121,158
11407,1949,2543
269,51,73
39907,6591,8146
14830,2521,3150
27194,4682,6208
5731,966,1245
17318,2967,3754
17227,2930,3660
24626,4178,5606
20583,3493,4591
13636,2383,2961
13243,2149,2676
3844,667,846
2249,386,513
25860,4402,5569
15334,2592,3349
4522,791,1015
3617,610,894
11956,2048,2595
11811,2030,2585
19764,3435,4507
110355,18319,23319
16477,2880,3567
15440,2598,3337
11836,2021,2653
36641,6064,8528
16859,2795,3479
5928,1016,1260
35641,5871,7580
1021,170,244
7545,1259,1580
5478,874,1193
84455,14494,19532
11855,1924,2477
12611,2129,2634
22922,4016,5521
12607,2129,2634
13103,2245,2962
22637,3624,4721
6339,1013,1551
14393,2401,2796
19049,3338,4044
24886,4137,5225
41831,6979,9238
27694,4749,5926
14738,2524,3591
159299,27867,35179
15126,2613,3211
11777,1939,2380
19512,3320,4169
16361,2802,3261
11144,1855,2360
9036,1524,1917
66743,10499,12869
12116,2020,2401
9394,1577,2134
10363,1762,2286
8282,1482,1995
31726,5436,6541
10767,1818,2584
9302,1620,2000
1968,345,443
31094,5364,6862
11738,2004,2585
13658,2269,3068
25783,4414,5527
32244,5433,6720
24636,4260,5371
25616,4401,5637
16635,2767,3676
2482,395,654
10335,1749,2250
7269,1212,1541
4117,714,843
17994,3159,4192
17356,3132,3969
7455,1230,1511
60059,9971,13424
18454,3080,3817
10044,1633,2108
819,141,174
29543,5222,6419
8617,1482,1973
16727,2938,3559
39958,6827,8909
6566,1132,1398
13382,2275,2976
6867,1171,1557
18248,3154,4162
9385,1677,2311
18573,3137,3941
89082,14682,18412
18010,3049,3848
14119,2387,2960
43146,7306,8997
6311,1048,1523
8377,1464,1894
13819,2303,2865
3225,531,614
28786,4797,6302
10067,1699,2062
66510,11186,14050
17768,3002,3747
32997,5628,7611
18238,3114,4115
12600,2201,2715
27946,4791,5875
3631,629,849
16779,2936,3807
2772,466,642
14644,2497,3227
14323,2473,3141
13153,2346,3026
19439,3322,4346
21074,3469,4541
42148,7312,8754
9835,1700,2129
12449,2165,2602
18111,3243,3959
12911,2118,2755
9692,1588,2109
17860,3070,3787
14560,2467,3024
13551,2312,2757
77495,12940,16713
88367,14455,18228
6863,1154,1372
36424,6215,7439
4855,777,978
9900,1663,2027
1589,277,355
17390,2830,3959
2675,468,575
1118,187,252
1383,244,311
1859,302,391
799,135,170
1244,212,316
22296,3803,4990
10942,1848,2224
10301,1698,2153
5498,930,1126
640,101,137
6613,1044,1366
6945,1157,1467
190,34,37
14812,2500,3181
17414,2931,4068
24272,4056,4933
18562,3094,3894
9948,1618,2006
925,160,203
4617,757,993
6798,1209,1515
1679,277,384
3974,691,873
656,113,172
34160,5470,6868
100422,16072,19890
6291,1077,1309
5987,1034,1339
7987,1331,1574
38267,6775,8338
6433,1096,1366
9429,1613,2006
1489,241,346
21099,3617,4478
18324,3027,3851
7899,1319,1485
6015,1022,1256
7296,1250,1568
9557,1503,2167
19920,3329,4427
28168,4785,5951
431,73,97
3416,590,756
4809,840,1147
8223,1383,1921
7787,1273,1586
6492,1114,1365
2782,463,695
3169,550,677
822,148,210
19945,3319,4178
25893,4242,5397
282,49,71
3044,527,622
941,160,227
10536,1710,2076
27706,4736,5954
2000,331,451
6940,1183,1557
45056,7271,8834
16347,2517,3799
17738,2885,3578
13662,2236,2816
19110,3183,3822
13442,2299,2816
12003,1997,2435
9833,1654,1996
8464,1415,1711
9437,1546,1961
25588,4064,5645
10315,1684,2249
7465,1307,1640
32132,5533,6635
4179,718,928
4030,717,887
11489,1982,2279
11662,1938,2360
24442,4047,5180
985,168,211
22024,3625,4657
11752,1940,2400
3301,571,794
15662,2715,3637
1009,178,230
24152,3860,4646
19635,3223,4395
26819,4230,5261
6080,1000,1388
10304,1760,2427
588,103,140
1670,299,399
2336,396,497
3666,605,714
10709,1825,2292
10354,1787,2407
13266,2303,3243
9871,1689,2126
20100,3413,4177
4661,777,919
18371,2957,4050
20217,3395,4388
7738,1205,1584
27104,4452,5788
25229,4334,5047
14266,2268,3233
28380,5082,6046
5524,939,1167
3613,615,767
7017,1140,1426
9899,1625,2015
18136,3072,3786
4786,848,1042
367,57,88
18230,3085,3884
10771,1796,2434
8706,1518,1900
2164,365,476
4154,708,920
27836,4720,6085
3788,643,792
13499,2257,2937
7097,1206,1614
16089,2710,3584
29510,5022,6382
30925,5003,6328
23286,3823,4782
19035,3236,4092
11227,1956,2455
2171,383,428
8057,1365,1729
16323,2808,3534
12255,2135,2573
1676,278,384
3369,580,796
5930,1017,1344
13830,2311,2826
41280,7056,8639
14790,2420,3321
29739,5043,6421
69517,11827,14986
7727,1293,1701
12446,2076,2600
16028,2681,3368
16646,2821,3604
23942,4011,5086
19014,3152,4187
19826,3373,4102
24578,4224,5155
45044,7646,9512
19424,3296,4289
2850,471,658
14311,2515,3004
20992,3672,4507
2119,361,468
849,140,174
1323,236,285
10266,1746,2198
44349,7297,9224
37284,6350,8187
3793,648,801
18899,3177,3951
803,132,194
28192,4659,6196
6864,1109,1505
16558,2756,3377
3855,669,834
20269,3311,4156
15012,2551,3043
41518,6731,8601
23405,3908,4776
26076,4372,5298
14616,2486,3285
11139,1870,2314
55245,8985,11110
45772,7883,10076
9401,1662,1995
5525,939,1112
4053,668,823
16166,2645,3475
18058,3068,3993
11187,1965,2289
5396,917,1099
18772,3228,4334
23297,4052,5127
2730,462,603
4915,747,1143
7940,1403,1871
13767,2332,2934
7434,1309,1763
15376,2611,3244
113633,18826,23531
25195,4256,5281
18190,3202,4047
16779,2761,3724
19405,3380,3973
11099,1830,2424
24699,4207,5050
15389,2546,3189
46035,7569,9832
5874,1005,1316
8259,1364,1745
29289,4828,5973
41636,6824,8747
4443,746,954
15614,2570,3120
23513,3980,5236
49612,8532,10641
17219,2837,3707
6767,1158,1368
8181,1370,1767
861,139,196
591,103,135
56173,9240,11945
44415,7554,10046
18264,3032,3714
12780,2118,2607
2895,472,766
11674,1999,2566
9520,1597,2181
1548,254,338
1876,317,415
20615,3468,4322
7683,1279,1589
10880,1911,2555
20644,3478,4287
9033,1540,1902
34894,6082,7630
23725,4002,5452
71275,12673,17593
32396,5557,7100
44544,7644,9133
5254,926,1149
4366,757,1039
8156,1415,1848
81454,13582,17715
21715,3554,4911
25851,4259,5743
8619,1477,1829
14127,2328,2883
868,140,194
40474,6980,8452
19002,3236,4005
19790,3409,4299
27112,4757,5967
70160,11877,15128
7124,1123,1496
17261,2908,3706
11480,1981,2395
17949,3121,3952
19891,3463,4510
30260,4949,6356
23633,4012,5239
22438,3873,4819
1957,334,459
8647,1539,2062
45370,7409,9089
14134,2423,3166
39577,6658,8572
35980,6195,7683
17973,3087,3783
6083,992,1226
20865,3524,4522
1007,171,214
1025,172,222
2869,513,590
1330,228,337
53932,9123,11301
5906,990,1260
77115,13262,15729
23162,4099,5169
1794,294,418
1335,208,258
1990,333,481
20055,3495,4269
6181,1079,1375
9002,1505,1986
25911,4285,5233
10931,1796,2280
12102,1951,2642
8929,1377,2124
4947,847,1137
29370,4888,6195
4542,805,1022
2947,518,654
7180,1268,1664
15948,2714,3446
1666,290,363
16383,2595,3467
42866,7122,9359
26018,4409,5540
16566,2816,3620
3493,580,731
21878,3688,4530
11103,1898,2449
5685,972,1154
20549,3605,4358
35339,5989,7734
43287,7334,8571
26286,4223,5884
8990,1518,1820
894,148,175
8975,1512,1807
28232,5065,5935
971,166,251
6113,1039,1276
1138,192,251
22107,3681,4797
7335,1235,1591
1689,287,363
5982,1080,1350
815,144,165
39544,6794,8677
16840,2746,3517
23781,3948,4903
7846,1327,1706
10472,1813,2261
6211,1038,1302
7359,1239,1576
9301,1572,2116
24048,4007,4808
11043,1885,2554
7607,1327,1646
21333,3482,4232
23078,3842,4444
19053,3244,3991
16883,2899,3740
26745,4644,5890
2545,418,541
18930,3291,4000
15518,2678,3200
11649,2039,2634
73536,12474,15252
24855,4402,5388
9693,1665,2127
16171,2697,3344
4717,797,1023
17689,2897,3640
21054,3598,4550
38256,6760,8708
6214,1027,1331
10491,1693,2247
16727,2726,3348
29431,5012,6154
21207,3467,4542
4308,744,897
3883,583,858
1474,269,331
742,125,205
13595,2303,3005
56825,9226,11295
20523,3336,4170
3406,598,759
19121,3098,3861
18491,3139,3711
73432,12258,15336
6727,1118,1432
762,137,149
6112,1006,1279
14657,2466,3108
25655,4376,5517
10187,1756,2443
108902,18954,23671
9652,1640,2166
23005,3904,4703
8273,1407,1735
19918,3393,4635
8735,1477,1936
36450,5981,7886
20175,3413,4052
20840,3685,4534
13571,2229,2785
17938,3052,3691
68705,11321,14372
5970,1034,1347
60918,10202,13293
32841,5614,6902
27165,4519,5683
5501,944,1272
7210,1261,1701
10033,1791,2125
8465,1503,1932
5576,994,1264
10853,1813,2415
22173,3832,4663
24637,4290,5424
22245,3832,4676
15930,2631,3455
15591,2555,3190
10502,1678,2377
5349,931,1232
3679,624,812
666,116,133
11075,1887,2310
11639,1999,2485
16087,2793,3599
841,139,166
5923,1032,1294
61429,10042,12518
21729,3701,4892
36558,6490,8232
24380,4143,5402
6818,1125,1481
27940,4695,5660
16559,2855,3637
30543,5108,6842
3031,527,814
4923,812,1029
20579,3318,3990
9103,1522,1779
3305,574,718
84627,13999,18819
2528,416,533
8343,1420,1796
4623,804,1094
8330,1350,1808
6079,1010,1237
34414,5966,7382
47828,7703,9305
2376,401,520
7815,1310,1756
10964,1905,2368
1730,308,395
6835,1162,1470
5169,826,1104
19878,3435,4126
1610,283,372
7156,1204,1479
14248,2406,3055
15578,2580,3180
7212,1247,1476
1337,232,309
12666,2233,2759
2970,493,680
3502,583,707
3148,510,808
4583,796,1014
6646,1109,1461
19685,3271,3984
5641,967,1221
9421,1621,1955
10229,1700,2186
948,166,208
3077,522,681
10033,1667,2372
21156,3653,4452
11623,1956,2493
28984,4914,5866
13245,2287,2828
25033,4180,5169
121,19,27
4154,653,891
1230,209,292
2210,361,499
6771,1138,1401
9546,1643,2022
7423,1195,1577
23545,4009,5179
8319,1366,1788
33934,5847,7212
20761,3414,4318
8670,1443,1854
31537,5316,6343
43121,7335,8992
25561,4466,5635
9176,1605,2150
462786,78085,99370
51961,8598,11477
14842,2572,3359
69707,11656,14149
358,62,77
1779,295,355
21814,3626,4594
6044,1026,1220
15484,2614,3272
8625,1535,1874
25140,4464,5816
11571,1912,2321
7631,1247,1635
14274,2443,3069
4431,759,930
1154,200,286
2597,421,578
41831,6968,8331
2141,372,442
25258,4346,5303
8474,1366,1715
13154,2233,2749
16829,3062,3867
12710,2114,2437
58213,9639,12028
5564,924,1234
14151,2323,2955
7261,1241,1707
24002,3928,4933
26050,4240,6108
1570,271,380
163578,25888,31473
25235,4388,5535
7109,1186,1546
18979,3263,3853
20384,3405,4249
18846,3220,3878
9290,1557,1875
13985,2417,3066
6566,1072,1413
3456,613,735
1738,303,393
183,27,47
5543,902,1127
45671,7577,9223
21548,3617,4513
2245,376,516
8774,1505,1942
10377,1765,2173
646,108,147
4720,768,1079
25730,4349,5291
1540,260,331
155930,26507,34631
20126,3586,4497
11984,2005,2633
20623,3344,4589
17254,2821,3613
12010,2033,2556
17702,2832,3718
16349,2720,3264
10261,1717,2175
45161,7514,10059
90628,15706,19585
26296,4473,5500
14450,2435,3033
14172,2467,3017
3250,568,671
14916,2584,3066
47139,7704,9513
24039,4140,5285
4485,721,1055
8215,1367,1674
2446,405,514
42084,7122,9257
17361,3023,3800
7736,1354,1945
8851,1425,1773
10842,1751,2249
22044,3955,4996
3526,575,725
4785,779,958
24037,4152,5252
12082,1985,2526
9688,1583,1970
3922,668,862
10852,1869,2407
7168,1215,1527
6370,1074,1445
25661,4370,5558
4805,821,1079
13976,2286,2809
4682,772,979
15456,2518,3129
8291,1363,1662
3155,531,692
20160,3246,4128
973,172,214
11535,2013,2361
888,151,203
14714,2547,3158
8807,1577,1878
1361,241,306
3697,617,737
18834,3005,4084
48960,8133,10345
3583,613,814
10711,1890,2318
4527,752,952
12390,2081,2498
11412,1930,2538
2685,468,553
2092,360,500
17761,2762,3532
9397,1586,2147
25543,4270,5394
20951,3449,4288
3614,626,775
13753,2310,2946
26027,4340,5562
1664,298,400
23329,4200,5033
29038,4976,6245
16840,2844,3523
20442,3404,4143
530,93,111
7100,1250,1486
59764,9907,12187
7343,1224,1625
1822,302,387
51914,8642,10766
7123,1255,1493
5670,1004,1242
19897,3368,4360
6848,1182,1505
19870,3349,4329
13253,2159,3020
11522,1957,2518
15370,2551,3471
3791,633,780
53798,9133,11310
30088,5279,6095
8873,1578,1902
3423,603,915
25736,4368,5605
7108,1205,1551
18955,3310,4201
17296,2983,3550
6414,1047,1334
15784,2739,3348
30174,5144,6622
17210,2861,3360
2033,322,403
32703,5344,7091
8187,1347,1618
33374,5606,6849
41230,6915,8717
8981,1528,1957
7981,1315,1777
5014,886,1069
99248,15867,19224
23281,3906,4787
15694,2736,3338
17440,3002,3869
13418,2318,2987
1770,297,448
42948,7191,9310
11958,2086,2692
20559,3581,4283
556,96,123
5554,978,1315
17144,3085,3788
52835,8982,12041
10715,1862,2647
16816,2836,3658
48485,8249,10210
10575,1748,2348
2340,403,487
38852,6689,8618
17360,2893,3490
20162,3254,4383
45654,7755,10000
60354,10423,13076
15336,2596,3322
9791,1664,2072
15071,2618,3428
47424,7946,9563
1367,230,278
640,103,137
34151,5635,7121
40611,6755,8732
3194,570,761
11956,2064,2788
28455,4936,5911
4772,818,1039
16420,2859,3851
40326,6913,8607
20768,3623,4489
23420,4009,5057
37904,6507,8246
14924,2360,3463
27471,4636,5925
16600,2737,3528
4588,786,983
4601,788,986
4600,789,989
4365,749,968
16039,2756,3328
4670,803,1006
4610,789,996
16627,2840,3525
2533,436,512
15770,2672,3348
26273,4353,5688
61671,10686,13028
8685,1436,1849
36638,6249,7659
4675,808,1035
4572,786,1005
4610,789,995
3909,655,824
1848,307,392
4740,813,1030
4738,812,1029
4917,853,1076
52872,8696,10200
44611,7406,9015
23953,4018,5001
2587,446,530
23117,3939,5082
9243,1613,2014
14511,2489,3356
23901,4045,5085
36601,6430,8221
38302,6465,7980
13108,2177,2775
20237,3532,4519
18877,3206,3985
5398,852,1113
4374,758,984
16632,2769,3561
10624,1810,2335
19280,3229,4184
14192,2312,3125
10142,1691,2441
6105,1053,1332
14464,2524,3280
8552,1416,1853
23145,3890,5345
2899,477,647
3318,558,718
6898,1174,1468
3260,546,702
4723,811,1031
3468,593,778
30201,5147,6812
11132,1807,2379
14403,2338,2820
27796,4852,5708
28076,4866,5949
11111,1875,2477
38717,6209,8553
26255,4413,5685
3487,593,771
11998,2030,2756
23167,3886,4622
956,174,246
3629,619,822
3567,610,812
3436,581,777
4119,635,892
24270,4081,5158
6376,1079,1339
21267,3644,4786
1547,269,349
37544,6614,8017
16300,2869,3735
7270,1295,1646
22752,3934,4960
6121,1039,1286
183179,30081,38838
20022,3444,4328
9340,1552,2001
53235,8959,11579
59760,10248,12922
21652,3699,4770
182466,29912,38489
7609,1278,1669
898,145,221
10951,1850,2409
1988,305,426
2554,433,539
9226,1542,1954
16054,2806,3597
11827,1973,2539
6951,1184,1443
4765,793,1030
34909,6028,7315
5960,1002,1208
23959,4039,5216
3153,509,773
10679,1794,2305
2911,482,659
10706,1799,2308
7507,1270,1601
42468,7284,9207
10759,1801,2313
10524,1823,2402
23540,3853,4958
24772,4294,5284
11124,1899,2396
74108,12577,16393
55817,9635,12661
28988,4891,6191
18642,3100,3893
16271,2720,3329
12611,2140,2877
10384,1783,2386
11581,1912,2515
11270,1891,2463
15294,2646,3417
15370,2696,3393
18342,3065,3930
1850,328,449
20877,3392,4314
26767,4621,6023
22860,3963,5044
11627,2019,2487
16702,2724,3369
21889,3789,4665
23489,3984,5154
29556,5157,6335
11349,1975,2483
47237,8005,10452
1012,178,221
24451,4129,5591
8026,1390,1608
26142,4315,5551
18577,2998,3815
1504,250,311
8301,1360,1697
14388,2576,3308
9845,1720,2243
42083,7198,8995
11559,2017,2679
4823,793,1147
15496,2517,3177
28896,4988,6395
2253,391,494
4929,869,1062
4945,857,1104
8179,1357,1845
16391,2812,3584
7481,1252,1670
23213,3973,5091
4075,655,877
3719,668,814
11853,1985,2537
14462,2443,3009
18641,3144,4003
19990,3404,4360
14854,2436,3105
24568,4173,5284
6518,1162,1522
12655,2060,2848
11682,1923,2519
17051,2915,3728
17760,2980,3981
1579,266,348
16081,2750,3361
26927,4580,5548
9185,1590,1952
19438,3419,4116
15606,2683,3369
13833,2363,3098
4572,777,894
26147,4520,5981
28556,4949,6203
4020,684,943
10828,1823,2242
19866,3329,4567
2567,469,576
27506,4600,6307
9686,1521,2099
205269,34170,42078
5437,899,1121
11985,2019,2360
23268,3849,4991
22160,3851,4743
15250,2457,3513
35138,6032,7394
9116,1534,1945
24167,4227,5453
20536,3578,4567
11105,1826,2412
87035,14960,18647
8965,1553,1942
4587,776,953
27348,4607,6109
26028,4426,5679
36495,6158,8136
3828,654,844
8601,1411,1742
8902,1527,1891
5841,1008,1231
11989,2060,2384
6431,1065,1304
3939,661,851
8058,1394,1707
10286,1780,2113
36793,6325,7833
35585,5869,7386
7376,1226,1510
1629,291,348
30971,5316,6601
13625,2323,2883
12525,2096,2792
9563,1642,2149
23146,3822,4740
59746,9817,12253
7922,1296,1708
7535,1276,1651
63860,10552,13107
6357,1063,1341
1583,279,350
20331,3384,4572
13767,2345,3041
5901,941,1188
23044,3904,5053
38412,6450,9180
18495,3212,4107
2188,376,496
3592,595,791
23678,4066,4997
20930,3494,4545
4642,788,948
18744,3120,3851
12155,2046,2633
7905,1361,1603
2989,501,629
18365,3014,3725
15025,2470,3318
18047,3208,3698
39754,6746,8437
4940,851,1108
3594,610,727
8568,1458,1861
18262,3152,3922
4366,688,943
1102,195,261
6722,1151,1602
5710,958,1250
9377,1640,2058
8651,1423,1871
10591,1741,2373
3907,691,930
9429,1549,2017
1534,258,344
1557,267,346
1426,250,309
8453,1402,1735
8998,1437,1830
15356,2495,3744
3630,602,763
34046,5781,7286
15577,2649,3734
40660,7121,9028
32637,5532,7060
22244,3878,4852
12079,2032,2647
8085,1311,1850
15391,2535,3292
5355,882,1149
44593,7169,9351
12701,2203,2804
15738,2482,3476
26833,4412,5706
26854,4283,5703
15891,2698,3387
37963,6304,8107
16154,2694,3442
11532,1961,2512
8576,1472,1932
17041,2937,3595
11140,1852,2356
24158,4182,5472
2202,373,518
41214,6524,8155
22020,3766,4672
59431,10024,12542
22382,3824,4826
25868,4508,5327
5004,834,1069
15586,2437,3711
11096,1783,2606
25667,4436,5624
7469,1271,1590
3180,530,688
3600,634,762
117026,20174,26079
4083,648,891
3960,658,805
7063,1148,1520
70330,11626,14589
8208,1332,1803
1924,330,435
6831,1213,1548
4287,725,947
13444,2359,3009
11855,2020,2384
22503,3806,4656
4230,709,928
2667,451,673
9142,1592,2059
10566,1816,2268
5948,995,1409
3697,621,820
6379,1121,1378
136218,22610,27904
33473,5676,7369
7488,1263,1572
33823,5580,7436
16548,2849,3717
1003,166,227
1140,195,233
6967,1170,1581
4519,790,1014
13616,2317,2922
26253,4239,5689
6896,1182,1534
7883,1323,1605
3340,563,708
3160,516,719
44935,7353,9715
10929,1896,2363
28539,4706,5768
19981,3410,4429
29698,5173,6257
20962,3615,4565
5586,967,1240
5385,937,1214
54013,9232,11559
17225,2986,3791
44605,7548,9697
15629,2740,3641
2410,410,513
7794,1328,1697
16766,2910,4067
30636,5128,6615
21931,3820,4706
7728,1297,1572
99006,17025,21118
19547,3133,4037
20664,3556,4672
32474,5310,6975
35214,5806,7381
4267,711,926
24330,4049,5223
11652,1934,2423
16391,2901,3667
8744,1446,1933
16285,2795,3493
65546,10960,13619
39347,6507,8760
6299,1048,1324
9749,1606,2100
32307,5470,6804
9143,1587,2038
6265,1073,1379
10413,1772,2282
14894,2477,3176
7289,1275,1675
9808,1523,2179
18872,3056,3985
1844,303,386
16408,2732,3428
6455,1121,1356
9676,1600,2023
40248,6578,8497
94186,15859,20092
22415,3823,4770
22011,3825,4828
47554,8264,10033
41215,6613,9250
122558,20722,27264
28353,4694,5755
6864,1098,1526
59995,9917,12707
31396,5338,6875
41691,6750,8906
7354,1222,1533
41494,7176,9520
16536,2838,3570
66834,10980,13554
13958,2425,3226
13798,2412,3052
6131,1079,1412
43601,7196,9023
15934,2728,3267
18128,3147,3791
21234,3267,4985
14676,2542,3124
1543,256,350
33448,5507,7108
8398,1481,1869
4999,846,1080
5093,886,1228
10297,1631,2096
45354,7612,9669
11467,2022,2627
40696,6907,9063
2894,489,648
1590,275,340
30383,5151,6709
16905,2889,3787
7018,1184,1447
6678,1085,1424
13658,2319,2907
25896,4270,5267
11432,1952,2557
44166,7638,9656
26134,4554,6034
21913,3786,4840
2986,499,629
5091,854,1118
16493,2745,3676
7313,1195,1512
55548,9593,11659
33623,5735,7312
14856,2429,3200
12092,2002,2745
9569,1628,2034
15337,2570,3301
17931,2959,3845
11034,1872,2409
16888,2902,3638
37505,6491,7791
10289,1743,2591
15679,2634,3407
12529,2203,2925
17270,2872,3569
14278,2400,3159
12835,2107,2643
25499,4217,5401
6049,1032,1211
8140,1405,1743
14480,2448,3054
17953,3171,4234
23727,3776,4876
16798,2845,3443
11745,2016,2475
18688,3207,4018
24296,4137,5189
11889,2063,2533
2867,448,614
11551,1985,2614
15163,2605,3676
14489,2500,3236
1480,257,313
18384,3237,4207
8865,1506,1841
2628,448,539
94994,16256,20082
312,54,97
5549,954,1166
8868,1456,2331
20437,3388,4299
12511,2081,2743
70,13,18
10096,1722,2049
1763,301,394
24999,4242,5889
19495,3387,3864
789,142,171
1594,287,324
3677,619,797
9136,1514,1940
19875,3267,4320
236913,39181,50630
16710,2709,3417
8230,1356,1971
10763,1873,2349
16101,2729,3578
19911,3304,4399
21885,3608,5542
14520,2586,3167
9807,1494,2275
711,123,166
7020,1175,1431
8695,1523,2044
28188,4678,6135
9226,1604,2273
16855,2792,3565
14572,2447,3089
11058,1917,2533
11470,1968,2475
14005,2260,3003
22204,3869,5070
2278,386,460
5913,1011,1263
36780,6096,8179
3837,623,864
47785,7836,9867
59635,10036,12448
30766,5290,6714
15684,2795,3438
2749,481,617
4925,832,1083
18469,3036,3620
27228,4723,5799
55616,9204,11786
22737,3808,5124
5135,891,1194
45261,7415,9237
46264,7958,9845
5397,897,1221
8886,1481,1960
31954,5504,6951
38469,6642,8325
21930,3659,4784
46296,7583,9423
14867,2588,3147
19912,3415,4327
90715,15724,18986
3310,539,809
28738,4891,6415
22943,4041,5488
15595,2664,3376
1186,195,248
2433,422,514
28539,4704,6109
6850,1106,1425
8396,1469,2011
10576,1806,2188
21091,3449,4703
45074,7388,9384
13772,2291,2901
39198,6474,8032
9645,1660,2178
112876,18550,23893
9525,1594,2064
6914,1219,1475
7413,1247,1595
13980,2350,3132
99314,15886,19685
7870,1372,1757
16106,2760,3456
58049,9540,12539
11799,2023,2562
11426,1963,2605
18553,3143,4017
13351,2320,3160
6868,1164,1512
26516,4524,6366
22166,3793,4942
9157,1597,1993
8990,1539,1904
17187,2943,3782
41727,7015,8930
9608,1630,2024
6965,1197,1525
19388,3280,4372
26251,4496,5803
8140,1435,1872
16992,2763,3408
9847,1654,2090
18754,3113,4265
17154,2861,3674
11386,1825,2639
12236,2087,2752
6970,1202,1521
22116,3832,5335
12176,2132,2719
16962,2891,3723
35457,5978,7639
30018,5215,6618
27745,4751,6362
26259,4487,5809
1002,167,238
1778,297,382
84094,12959,17832
9522,1638,2081
16375,2723,3522
20949,3429,4434
23583,4075,5274
30680,5309,6943
7259,1231,1797
39105,6452,8508
18228,2955,3830
33303,5648,7146
31761,5264,7164
15101,2602,3244
2305,396,623
5562,938,1220
12807,2101,2727
14955,2497,3083
628,103,124
10476,1813,2230
14564,2426,3176
23131,3697,4692
22819,3758,4923
12052,1914,2558
10302,1769,2223
44261,7649,9459
35078,5932,7638
13038,2120,2724
3817,651,771
20313,3479,4346
3568,631,845
26747,4403,5793
9364,1687,2042
17681,2989,4212
6650,1077,1491
71976,11766,15738
9390,1581,2166
4301,639,926
4596,767,924
57645,9469,11696
7285,1220,1410
8377,1412,2000
23588,3900,4815
16181,2594,3334
16624,2767,3600
14607,2465,3322
9008,1490,1831
22586,3780,4812
27743,4847,5945
12504,2048,2600
14866,2659,3328
18231,3099,4010
16720,2873,3507
8012,1370,1912
12027,2069,2629
4493,767,943
25802,4248,5513
18930,3246,4082
13391,2271,3012
3999,704,865
9863,1728,2240
25634,4209,5275
26,4,5
27263,4675,5742
30902,4998,6520
9596,1646,1991
13993,2223,3055
6578,1106,1513
13066,2200,2815
10172,1757,2238
9881,1629,2064
25718,4257,5349
13386,2240,2766
52863,8772,11264
15342,2624,3457
43069,7245,9260
2575,442,532
24502,4177,5385
66900,11022,13614
45251,7576,9451
45121,7839,9449
5136,899,1145
14512,2506,2964
15428,2611,3375
4581,840,1087
18549,3057,4165
10353,1830,2462
14536,2554,3294
10838,1842,2318
3811,631,777
12598,2183,2663
11355,2040,2490
19935,3274,4110
21091,3383,4425
17504,2893,3753
40695,7009,9021
29360,4979,6021
12926,2229,2804
136855,22613,28098
2922,495,598
19294,3324,4241
18892,3161,3852
18858,3293,4250
6524,1142,1434
20471,3398,4472
4815,808,1027
7169,1199,1499
12133,1974,2528
24225,4140,5028
110888,19377,25976
12306,2063,2737
25331,4469,5769
14083,2435,3183
20947,3665,4436
31471,5243,7166
10182,1666,2238
17823,2858,4038
23624,4129,5131
1822,307,421
25984,4436,5456
14876,2399,3078
11287,1757,2147
30930,4983,6502
122048,20812,26131
7800,1294,1723
36477,6124,7991
23228,3844,5120
38246,6228,7761
28246,4623,5692
10398,1674,2162
21012,3628,4403
22650,3776,5060
8340,1397,1843
11048,1768,2475
14775,2513,3167
919,163,207
123103,20741,27211
30084,4994,6388
7694,1310,1670
27670,4652,6200
21538,3735,4493
17487,2938,3862
14430,2532,3006
26804,4537,5573
16753,2740,3430
45577,7919,10444
24214,4270,5216
49517,7784,9577
41729,6995,9035
14922,2496,3404
13785,2296,2764
26639,4703,5917
12552,2050,2508
15816,2690,3594
27817,4883,6062
6580,1148,1412
21460,3749,5080
9167,1534,1990
9641,1613,2074
25319,4281,5277
29026,5017,6289
47349,7843,9803
19043,3207,4051
5653,928,1234
9630,1610,2045
15194,2520,3442
11478,1884,2591
11904,2065,2837
6645,1092,1457
8259,1313,1628
7187,1142,1485
3284,557,737
5462,935,1170
9188,1571,1929
4719,799,1047
6377,1132,1507
6973,1172,1596
32665,5337,6806
75318,12518,15908
9765,1640,2225
7942,1243,1636
12934,2100,2740
4405,712,924
39080,6282,8253
58226,9683,12607
64183,10759,13988
6098,967,1341
23803,4205,5102
19228,3335,4120
34170,5704,7499
17194,2932,3791
10498,1774,2223
38216,6773,8385
8046,1336,1756
18021,2986,3704
5456,936,1204
3036,522,655
15056,2607,3299
5533,937,1143
2420,402,470
10796,1820,2482
12938,2097,2678
11141,1933,2435
6601,1070,1445
7616,1248,1677
14402,2486,3039
6255,1038,1282
7615,1276,1691
17609,2914,3684
18438,3019,3955
15417,2624,3265
40455,6837,8619
21556,3562,4509
13985,2461,3239
36979,6543,8251
10183,1721,2223
12468,2030,2529
14971,2591,3583
13397,2250,2762
39554,6681,8519
8022,1339,1754
14648,2494,3956
25467,4253,5262
16705,2624,3597
21883,3727,4722
4430,742,969
13431,2201,2767
4247,689,929
23337,3832,4914
4813,811,1047
24952,4092,5365
8121,1365,1773
6037,1053,1292
1452,248,300
6290,1081,1249
10631,1759,2280
31374,4892,6290
4412,724,895
7454,1246,1597
3978,668,778
7032,1193,1462
9605,1665,2151
5863,1017,1266
3905,657,792
7170,1196,1694
48345,8494,10897
42354,7263,9203
73008,12107,14940
518747,86524,106268
4949,829,1114
5253,917,1167
15132,2546,3142
2142,352,433
11643,2044,2735
7807,1326,1659
14861,2493,3010
4322,684,826
12820,2160,2572
16947,2806,3448
8604,1460,1869
2339,391,502
3336,549,798
22350,3828,4980
7167,1211,1597
11922,2054,2557
9902,1563,2102
9956,1701,2096
3948,669,847
660,109,145
11065,1852,2506
8411,1428,1703
15104,2498,3051
4235,723,866
32154,5472,6888
3159,515,703
14494,2405,2858
20151,3351,4151
19628,3293,4179
18031,2973,3595
3867,618,796
74332,12699,16373
2492,419,574
4272,713,908
1907,342,505
5687,932,1225
8656,1426,1786
14858,2477,3165
8935,1444,1803
6083,1009,1355
10178,1643,2488
11050,1899,2310
32450,5584,6774
10781,1791,2187
16065,2604,3232
18293,3159,3992
13792,2401,3316
43245,7218,9430
8254,1248,1701
6982,1212,1437
62096,10819,12994
6861,1197,1590
15706,2510,3148
3383,551,698
7824,1334,1726
11550,2015,2505
51912,9172,10974
12660,2107,2759
15263,2451,3420
6512,1062,1407
52018,8657,11409
6579,1076,1323
14060,2326,3102
5136,856,1137
7036,1175,1493
8118,1392,1764
40334,6698,8691
13848,2402,3128
15344,2585,3533
4978,848,1044
7000,1229,1504
15923,2808,3455
10906,1806,2238
14666,2540,3294
15761,2596,3328
13487,2345,2852
15018,2463,3156
4309,732,922
7369,1217,1766
8422,1400,1967
8453,1355,1834
9934,1777,2108
9227,1551,1998
11163,1873,2349
15942,2722,3424
15222,2726,3478
14777,2552,3043
13409,2350,3088
14811,2563,3052
31665,5546,6686
15405,2565,3183
1812,303,372
12287,2148,2530
860,145,176
17259,3019,3688
19952,3406,4292
30495,5248,6457
38317,6443,7945
17409,3058,4418
10589,1772,2231
12554,2061,2858
7181,1179,1463
20385,3298,4182
16874,2749,3704
7275,1207,1597
23655,3867,5179
11482,1913,2370
34403,5756,7312
6424,1080,1383
23481,3877,4806
22274,3775,4562
37666,6308,7884
10801,1751,2342
69307,12087,15063
28381,4797,6681
17580,2930,3720
27694,4752,6165
25510,4412,5387
17574,2911,3734
18836,3242,4496
9923,1572,2006
27807,4713,5934
18618,3054,3884
9132,1587,2079
14788,2502,3154
28942,5129,6285
12484,2138,2777
7484,1262,1570
32144,5544,7588
29628,4851,6477
15897,2665,3185
22379,3825,5370
35676,5810,7061
21800,3528,4696
32417,5336,6678
13000,2161,2620
46806,7453,10287
17594,2871,3394
12668,2099,2679
36132,6022,7965
23981,3963,4873
105867,17799,22691
365828,60505,73362
16037,2644,3307
20406,3432,4582
14637,2486,3104
18270,3110,4042
7701,1339,1625
3951,662,859
70315,11170,14095
3524,577,806
7222,1193,1507
10164,1625,2325
5676,1003,1344
19195,2994,4057
23926,4101,5208
17403,2897,3780
18560,3210,4106
12539,2111,2630
21977,3799,4790
11508,1980,2412
13758,2335,3010
76932,13111,17129
8090,1378,1735
18028,2991,3835
3865,672,953
13832,2213,3053
9871,1690,2289
30992,5200,6382
13580,2347,3024
7120,1202,1507
10968,1905,2362
9532,1548,1902
46548,7837,10062
1946,319,476
20231,3451,3934
79944,13260,16894
59934,10047,12378
103000,17386,21752
25284,4290,5318
13980,2363,2952
4386,718,900
6576,1106,1396
15434,2687,3380
3017,488,584
6585,1096,1338
5861,981,1363
10940,1730,2177
31419,5230,6619
26847,4725,6081
7704,1321,1708
5842,964,1275
17110,3007,3885
22737,3781,5362
7919,1312,1647
4405,739,995
33846,5571,7225
19042,3179,3938
9270,1564,1995
8954,1487,2150
31828,5568,6785
4685,807,1009
9020,1535,1904
8375,1291,1893
15306,2546,3353
29120,4936,5850
16799,2839,3675
2135,357,447
31701,5725,7142
36011,5852,7304
10670,1777,2310
40662,6678,8148
23701,3921,4904
12469,2123,2810
9182,1460,2001
10639,1889,2509
4608,778,1019
8659,1491,2085
6204,1068,1399
4815,788,940
28964,4873,6187
9091,1516,1992
9829,1678,2124
9350,1500,1868
7180,1216,1610
18825,3179,4174
13826,2280,2907
15821,2624,3448
26628,4498,5968
3414,565,781
47862,7645,10838
16407,2868,3596
18761,2903,3792
18211,3072,3877
10298,1735,2301
7977,1335,1690
4285,754,992
3533,596,767
13360,2208,2809
18372,3021,3911
43321,7138,9233
76312,12565,16018
16553,2881,3675
14735,2484,3115
9397,1571,1970
14752,2446,3234
16124,2704,3599
16090,2723,3531
14403,2450,3165
3070,512,716
11909,2021,2558
11901,2019,2593
15096,2562,3441
10850,1788,2608
2567,416,573
3919,634,797
8762,1534,1927
22859,4096,5117
12632,1978,2566
3469,571,748
3367,569,723
7172,1206,1737
14682,2613,3325
5588,949,1240
51627,8447,11195
1473,250,309
6233,967,1368
32874,5175,6150
7286,1285,1670
15861,2711,3256
7188,1186,1456
8741,1461,1752
9444,1561,2019
13157,2200,2740
41711,6802,8216
13128,2023,2599
17005,2890,3827
3154,534,760
23923,4061,5196
42105,6900,9362
47100,7896,10208
17304,2919,3775
9196,1550,2037
23417,4056,5238
10807,1827,2264
23915,3926,4857
3498,594,705
28732,4667,6163
13713,2397,3122
22034,3641,4523
4861,841,1030
117401,20204,26173
12348,2045,2721
8462,1476,1840
31921,5565,6989
10981,1934,2687
13582,2287,3064
14644,2448,3276
14321,2367,2932
22234,3924,4701
44799,7804,9776
9350,1544,1958
14358,2509,3198
19743,3466,4489
20877,3643,4742
7929,1311,1747
47958,8318,10639
19571,3279,4096
13916,2375,3010
11062,1805,2246
27337,4682,5720
11577,1964,2628
16339,2841,3725
15353,2564,3440
21283,3715,4873
7756,1327,1687
15105,2604,3445
7465,1191,1502
41359,6866,9446
9487,1574,1957
4284,653,957
35592,6164,7885
19674,3273,3927
16597,3049,3430
68250,11355,14194
20429,3444,4148
56789,9568,12008
31169,5237,6139
5496,896,1238
8859,1454,1903
21098,3382,4347
3480,580,740
2870,478,602
26770,4613,5831
26139,4490,5355
7024,1180,1415
4154,704,916
5164,856,1189
24256,3901,5299
5630,971,1248
24915,4348,5320
18990,3111,3959
32002,5668,7218
31022,5200,6749
3626,625,820
2210,386,469
22819,3730,4825
6718,1193,1559
51080,8671,11621
21880,3862,4800
26462,4588,5980
30761,4966,6390
9845,1626,2065
12000,1974,2545
16949,2816,3905
9974,1718,2166
10269,1679,2073
17792,2971,3709
11726,1945,2587
20577,3468,4709
14555,2503,3282
11311,1720,2355
26811,4608,5847
30713,5166,6506
27154,4621,5542
13027,2289,2971
22555,3702,4780
8772,1437,1811
19943,3406,4551
30215,5123,6208
63539,11214,13451
25419,4205,5227
22403,3940,5051
8670,1506,1861
9415,1645,2218
4695,752,986
16669,2846,3391
7941,1296,1858
16618,2915,3512
9727,1568,1987
33532,6052,7162
18621,3124,4111
34226,5888,7305
24418,4221,5518
5137,866,1138
45358,7713,10320
34245,5571,7319
16523,2832,3611
7049,1176,1435
32484,5442,6997
11013,1837,2447
5338,896,1166
6424,1073,1406
13657,2324,2949
7806,1218,1647
51648,8818,11576
23936,3924,4956
20714,3477,4161
17178,2838,4116
3330,549,701
8617,1385,1786
17450,3049,3919
16803,2766,3808
36870,6143,8006
8943,1554,2163
2790,490,600
14150,2409,3225
7509,1278,1711
4601,715,1029
42792,7138,8864
61175,10113,12892
15568,2648,3648
5305,862,1232
26904,4451,5474
50114,8415,10832
12655,2179,2749
41760,7018,8781
15625,2666,3293
20310,3214,4240
15559,2619,3422
11211,1865,2433
11161,1854,2338
9780,1656,2082
12341,2109,2657
13150,2226,2780
8349,1410,1780
16155,2701,3546
28863,4597,6127
2876,481,608
19568,3106,5110
7731,1322,1727
22443,3953,5059
31556,4926,6659
42162,7031,9566
25809,4277,5583
18035,3079,3948
124980,20457,26171
19267,3184,3976
52192,8669,12014
10927,1784,2190
28955,5055,6251
6073,1038,1373
1737,295,395
7357,1211,1630
114396,19117,24142
32497,5606,7011
30035,5266,6738
8263,1425,1824
21636,3695,4812
5833,929,1198
5272,877,1119
7759,1331,1515
12689,2127,2840
18380,3153,4107
13387,2230,2998
45882,7601,9811
17518,2911,3563
15757,2681,3433
1713,280,388
7728,1333,1683
11721,2040,2548
3595,589,794
17118,2838,4206
21995,3768,4409
25729,4280,5380
15850,2748,3395
26447,4267,5517
52343,8725,10848
10167,1624,2265
22601,3836,4903
23285,3840,5174
16895,2903,3779
30864,5219,6519
12103,1909,2864
16506,2704,3217
22131,3763,4691
17033,2941,3781
18192,3124,4167
6707,1142,1462
10947,1909,2471
18885,3120,4041
7909,1331,1761
21740,3758,4663
29610,5015,6590
11384,1930,2709
45430,7583,9830
16488,2699,3553
18777,3179,3859
6979,1144,1399
8162,1357,1674
10731,1889,2375
9758,1616,2095
11962,1993,2489
4532,754,1035
13321,2110,2719
18788,3182,3899
9059,1453,1984
15025,2534,3180
6802,1030,1505
27719,4660,6111
2406,398,506
2739,470,589
18981,3251,4052
13970,2359,3284
18981,3257,3950
17268,2777,3505
25049,4188,5279
45170,7589,8944
23498,3954,5117
18697,3116,4057
11350,1905,2466
17443,3058,3762
29100,4827,6012
8539,1403,1769
4001,666,933
19609,3315,4533
28067,4843,6217
3313,540,693
44769,7601,9648
11648,1997,2442
11240,1846,2370
12033,1933,2642
23906,4166,5441
12271,2099,2701
6200,1047,1321
1633,277,370
7325,1159,1714
2801,463,607
41341,6805,8529
17542,2894,3903
9864,1587,1957
9776,1703,2083
3383,545,675
30749,5229,6739
16025,2599,3267
22440,3359,4355
43391,7406,9403
19488,3274,4081
23533,3899,4950
18309,3068,3982
12046,2036,2583
7222,1234,1509
17968,3118,3949
18158,3056,3963
28493,4601,6165
23338,3716,4811
6054,1033,1399
19137,2970,4415
66672,10525,14577
6036,1020,1387
15084,2492,3263
1480,248,327
17029,2828,3588
4610,766,951
8082,1394,1750
3881,636,810
15092,2574,3242
14539,2439,3050
8120,1356,1743
5509,949,1153
7449,1259,1579
38592,6362,8195
2896,514,649
6050,1019,1288
8329,1463,1882
5156,881,1105
16713,2906,3796
18782,3263,4211
7440,1179,1624
12359,2081,2511
14978,2535,3458
9158,1525,1954
13735,2211,2696
12656,2209,2561
3968,666,825
7038,1188,1471
8249,1419,1756
24107,4145,5072
1769,314,394
12903,2227,2942
14694,2491,3271
26086,4475,6113
5914,975,1149
17137,2860,3559
20061,3314,4274
28938,4790,5967
5984,1006,1247
11531,1946,2370
15358,2653,3311
22677,3836,4783
4453,771,1008
14269,2349,2931
14486,2453,3134
2940,492,640
17741,2926,3892
7400,1279,1756
12700,2193,2869
8667,1454,1783
12191,2105,2794
13379,2245,2768
16526,2790,3553
29711,4992,6536
6776,1151,1585
7691,1303,1649
2683,437,555
2940,513,647
6777,1144,1566
14322,2453,3022
1809,313,383
32806,5405,7473
6395,1062,1436
14130,2321,2868
4205,694,914
69984,11598,14518
29388,5150,6614
10291,1769,2157
5274,889,1241
18067,2903,4307
11466,1933,2509
8240,1380,1661
7948,1346,1838
8165,1361,1765
5591,926,1115
7580,1308,1681
7222,1182,1590
31729,5198,6868
3415,575,751
27683,5072,6013
599,96,157
1296,221,277
1564,274,353
15946,2657,3436
17526,2731,3691
9412,1578,2056
19281,3227,4055
9951,1637,2103
27649,4513,5671
15784,2630,3347
42404,7165,8848
16858,2847,3523
13851,2294,2886
9232,1556,2018
6891,1148,1513
15006,2427,3064
7251,1285,1788
16948,2889,3610
10211,1741,2200
11896,2061,2659
12101,2049,2612
17396,2986,3692
1139,186,241
5110,856,1086
5055,854,1095
11283,1907,2404
15179,2525,3328
7720,1289,1627
12939,2177,2825
276,47,68
18857,3132,3871
21732,3698,4708
16230,2749,3867
181,32,37
177,31,36
8647,1462,2020
8142,1391,1737
16128,2845,3539
10291,1701,2186
11126,1942,2448
6699,1150,1407
5132,879,1177
1495,255,347
18173,2937,3857
5046,810,1003
10729,1887,2288
21059,3322,4418
41983,7109,8672
13836,2315,3048
13868,2241,2978
44994,7587,9703
18939,3252,3960
8697,1439,1823
30579,5315,6738
18847,3240,3903
40901,7106,8757
12566,2139,2737
14729,2416,3119
7129,1239,1543
15378,2594,3500
38791,6523,8527
37955,6510,8462
6684,1171,1572
8135,1399,1862
4499,717,947
17636,2921,3710
11323,1985,2791
10034,1695,2297
4993,818,967
1269,219,281
2107,355,457
28348,4993,6438
18801,3153,4120
17193,2845,3528
28168,4657,5596
27239,4550,5917
49212,8249,10426
16768,2874,3711
11667,1949,2440
9484,1623,1958
16747,2800,3569
12987,2171,2739
21789,3641,4682
17875,3101,3928
40254,6556,8491
11628,1981,2782
19574,3091,4298
18458,3248,4175
29558,4967,6313
18112,2957,3858
17495,3041,3891
5497,944,1158
7705,1241,1509
13084,2065,2813
13640,2302,3060
12585,2189,2690
5420,948,1162
33302,5875,7528
7341,1299,1584
5289,889,1116
18731,3120,4041
6763,1182,1475
5699,947,1314
2310,379,528
12166,2063,2666
8439,1363,1726
14888,2530,3454
12855,2085,2705
7568,1292,1666
24922,4186,5494
19642,3303,4183
7257,1182,1710
15465,2614,3367
5996,1025,1301
15492,2603,3322
21081,3638,4774
27226,4553,6237
23098,3766,4891
45394,7750,9529
12962,2168,2778
17882,2918,3797
2699,464,629
9508,1664,2134
7571,1302,1759
19351,3237,4138
18792,3086,3887
27885,4938,6539
3734,601,859
6238,1042,1304
10232,1751,2183
16374,2878,3665
7492,1252,1616
21939,3769,4755
4960,828,1060
23306,3922,4926
15114,2504,3335
14839,2590,3232
16691,2724,3678
3806,636,765
549,95,133
32547,5601,6949
20010,3202,3969
796,140,208
20100,3501,4481
29055,4869,6582
16066,2717,3497
6091,1012,1265
14714,2363,2858
12673,2187,2750
4038,701,851
18864,3165,4123
19171,3315,4027
1902,335,453
8699,1491,1956
14388,2453,3186
744,134,195
30497,5250,7022
7522,1290,1511
2702,476,569
27352,4652,6232
10208,1628,2148
11353,1896,2457
1790,312,387
1746,292,412
15003,2476,3287
2988,494,668
6967,1177,1510
22959,3943,5176
7781,1284,1587
6149,1067,1335
4507,774,1013
4048,705,981
9284,1552,2033
20824,3382,4280
3137,508,713
6528,1097,1676
1469,245,337
17408,3003,3713
47672,8075,11647
116,23,28
116,23,28
6799,1092,1480
13616,2284,2935
47236,7759,9639
21608,3403,4426
24787,4302,5214
3114,545,669
1709,287,350
4926,860,1041
9647,1596,1975
6888,1125,1373
8235,1418,1799
2841,477,624
29044,4716,6177
9240,1527,1957
29229,4795,6064
11003,1947,2492
13772,2375,3105
11747,1964,2683
3501,584,706
3992,674,910
1868,319,400
21408,3534,4399
4444,773,984
16696,2857,3771
8772,1458,1945
21842,3635,4636
7865,1292,1739
4174,673,892
10963,1805,2341
6379,1009,1370
23127,3891,5060
13246,2295,2772
5412,883,1097
11918,1905,2409
10567,1854,2261
13665,2303,3120
3571,597,842
3341,558,683
32539,5350,7244
7032,1189,1617
9774,1645,2160
7957,1409,1795
2702,396,589
5015,863,1090
16022,2675,3468
81353,14079,17284
10222,1708,2625
11003,1899,2447
12968,2157,2877
20394,3410,4365
10104,1687,2180
22141,3891,5015
24752,4219,5434
22598,3883,4819
8039,1338,1758
12110,2007,2577
576,99,129
282952,46226,57890
1457,235,280
10643,1782,2386
3357,566,761
5663,973,1167
11009,1929,2440
18115,3084,3727
15217,2634,3386
8930,1517,1950
17545,2927,3710
24212,3866,5681
16469,2849,3638
14693,2484,3028
19723,3296,4312
2889,458,651
11325,1910,2406
9280,1606,2143
2466,396,510
13526,2318,3038
10974,1799,2342
12539,2096,2907
21167,3445,4625
5390,844,1310
10366,1755,2451
13039,2235,2800
13649,2226,2956
12366,2120,2556
15873,2697,3456
7191,1205,1526
324,57,83
27578,4464,6321
11476,1902,2667
9608,1652,2091
29248,4980,6166
3859,695,917
7844,1349,1600
19503,3150,4233
8333,1408,1876
5196,914,1143
15581,2569,3406
5730,1015,1393
7733,1324,1684
15926,2658,3476
15127,2563,3330
8719,1426,1797
16517,2827,3384
19904,3378,4288
657,115,154
7683,1278,1649
11282,1982,2578
15475,2768,3880
5351,829,1321
22237,3831,4884
6881,1167,1531
8840,1448,1944
7390,1242,1642
11729,1979,2416
4668,795,997
10448,1812,2170
34408,5837,8197
4720,765,981
8082,1332,1786
37974,6439,7921
7411,1287,1501
7715,1333,1747
6477,1126,1457
24855,4089,5170
12315,1923,2635
6472,1073,1416
8002,1262,1679
3668,583,755
15164,2489,2999
17618,3115,3919
10219,1775,2221
14040,2377,2957
12247,2066,2813
16284,2791,3695
5034,831,1015
13496,2287,2997
12588,2084,2613
13796,2300,3031
6883,1206,1567
14472,2458,3104
4670,746,933
12283,2025,2725
13760,2396,2928
23269,4043,4913
7816,1298,1750
11955,2034,2685
13606,2367,2992
1790,318,374
6322,1037,1401
5835,958,1369
7665,1228,1560
30746,5054,6182
13044,2083,2771
28048,4527,5655
36655,5950,7334
8048,1335,1630
10808,1868,2241
26983,4671,5981
23620,3902,4726
6123,1010,1348
3908,673,819
8815,1445,1927
10523,1753,2347
16064,2725,3494
20005,3411,4285
7581,1279,1700
7545,1291,1719
4922,840,1085
1545,251,320
384,67,88
1030,179,235
7348,1253,1617
30662,5412,6834
8969,1521,1943
23415,3961,4840
61756,10186,12810
5724,969,1313
6329,1122,1434
8029,1316,1793
17880,3036,3821
10959,1940,2415
26468,4475,5813
11431,1913,2466
15985,2793,3458
9151,1561,1972
50132,8300,10462
25046,4264,5514
9372,1613,2197
536,89,127
28967,4764,6177
9297,1533,1939
25392,4104,5405
19491,3279,4175
18318,3119,4750
18911,3222,4265
128785,21101,27449
4116,675,916
44213,7472,9074
8527,1459,1873
15584,2660,3399
11484,1841,2337
9124,1584,2010
8053,1396,1751
26,4,5
7942,1378,1829
24308,4172,5160
2968,492,625
29265,5095,6385
6040,1060,1471
8617,1483,1898
2437,428,517
21291,3538,4568
13939,2299,3015
13893,2253,2832
13039,2205,2653
38539,6536,8326
42930,7235,9180
42044,6824,9110
6031,1000,1269
68571,11592,14782
38492,6327,8283
17047,2844,3666
18713,3065,3771
18067,3118,4092
12987,2215,2970
15543,2640,3390
44372,7407,9053
1231,217,285
23202,4149,5033
8224,1344,1696
4317,722,935
5195,871,1105
11001,1871,2514
9901,1689,2083
8163,1373,1753
12630,2122,2663
3209,515,640
28571,4796,6076
14172,2442,3318
5855,948,1221
16802,2954,3660
20313,3399,4307
6735,1177,1579
14494,2491,3228
13015,2201,2890
13079,2122,3007
16740,2867,3618
4597,775,993
8165,1347,1722
23353,3965,5007
11122,1829,2396
3298,527,705
8193,1416,1796
23060,3822,4737
9848,1652,2094
3559,585,806
4633,749,1055
20776,3550,4424
6618,1091,1387
15906,2723,3339
15819,2618,3703
22598,3613,5029
11053,1784,2098
40141,6735,8944
7636,1309,1662
3364,530,716
7201,1205,1598
13916,2329,3101
10602,1889,2215
73939,12756,15985
14893,2448,3175
71768,11985,15666
1281,230,286
4309,682,1013
5227,918,1120
3013,506,671
10265,1685,2037
9614,1614,2026
12696,2133,3053
14222,2391,3220
77138,13534,17225
43599,7379,9154
13535,2293,2906
1569,263,341
4018,649,868
2955,496,716
12800,2157,2665
8501,1458,1909
22256,3801,4764
7853,1283,1778
14905,2533,3277
5669,934,1240
7458,1241,1561
8496,1421,1831
15368,2701,3391
11618,1946,2438
14499,2514,3355
8849,1490,1959
2791,463,665
24507,3869,5209
12826,2141,2737
13618,2321,3056
24648,4108,5331
6422,1088,1463
11806,1972,2498
4987,824,1048
14765,2537,2904
12868,2193,2685
23983,4113,5067
11144,1810,2148
3526,567,778
15989,2745,3424
10364,1753,2169
20211,3240,4070
18575,3224,4091
18239,3140,4074
9548,1646,2039
2993,510,675
10098,1660,2070
11931,2042,2467
10760,1684,2219
46478,7837,9879
5905,1000,1352
4581,778,969
11531,1884,2565
19877,3281,4078
16893,2755,3824
14877,2478,3089
18059,3106,4127
6775,1143,1503
9625,1594,2023
11929,2030,2542
2557,434,553
6561,1065,1409
11692,1925,2571
13575,2223,2672
38526,6399,8172
28270,4822,6960
14071,2423,2973
17633,2983,3897
9412,1559,1909
37327,6424,8032
32356,5366,6808
58409,9647,12119
37360,6307,7942
15223,2644,3285
4584,708,1090
59715,9762,12213
4705,847,1004
6592,1183,1569
3870,650,833
21576,3629,4352
24252,4049,4999
20903,3549,4502
6069,973,1383
5294,916,1117
10996,1769,2502
8582,1504,1761
11783,1932,2511
16392,2699,3502
6064,1033,1287
73660,12010,15204
18250,3126,4477
7704,1329,1584
18155,2898,3581
11929,2014,2544
14513,2437,2991
14109,2365,3058
11906,1952,2546
7865,1325,1615
3591,584,906
3093,511,620
6518,1049,1194
5954,965,1193
10905,1859,2383
31306,5309,6809
43320,7389,8577
14292,2376,2767
11633,1991,2843
36122,6043,8017
2640,432,583
13887,2297,2951
3376,588,803
29189,5094,6500
21519,3647,4669
43310,7468,8857
33054,5671,7196
628,100,141
4438,756,943
102217,16885,22109
3066,525,634
7806,1326,1744
4413,718,847
4713,778,932
3405,588,762
42237,7155,9058
11789,2016,2638
25149,4225,5232
12517,2147,2743
8143,1365,1742
34838,5809,7441
11553,1969,2612
14053,2498,3311
16141,2793,3515
5282,886,1207
16693,2841,3537
7169,1234,1590
14332,2339,2946
5546,906,1204
17642,2926,3808
19493,3363,4120
7365,1283,1626
3706,622,854
18415,3036,4479
29521,4944,6589
801,129,190
8805,1482,1922
2503,406,553
5571,909,1225
38757,6840,9074
3652,628,838
7128,1235,1609
653471,108015,132001
11120,1917,2324
59168,9965,12833
751,122,184
877,149,197
22384,3705,4742
21868,3763,4885
32034,5469,6504
42,7,14
32665,5596,7044
40618,6845,8754
3190,556,749
2625,412,512
6643,1110,1415
8786,1490,1898
1879,318,440
5657,975,1187
13509,2192,2861
33158,5755,7435
10423,1728,2334
5169,883,1127
32302,5503,6994
18494,3204,3831
10424,1691,2337
49309,8153,9966
35443,5992,7640
28002,4652,5991
7673,1316,1758
24527,4027,5052
4602,781,998
14289,2533,3200
54647,9860,12687
14326,2356,3245
1499,254,284
4923,811,1031
5859,979,1344
5098,766,1088
9763,1632,2170
10421,1769,2206
22951,3877,5733
8111,1339,1657
5100,807,1118
19033,3257,4125
6305,1057,1396
11767,2000,2580
6644,1107,1492
17965,2926,3814
2530,426,538
3919,645,826
6515,1104,1329
36210,6417,7985
14268,2285,2952
21659,3519,4881
21465,3566,4849
5790,1034,1367
40791,6803,8049
6157,1035,1321
22758,3799,4733
3127,539,699
12393,2109,2575
34374,5427,7504
32096,5444,7027
125880,20600,25630
712,120,147
7777,1302,1634
2670,454,560
14707,2369,3015
9587,1573,2182
11326,1841,2770
1568,261,363
13759,2227,3085
24302,4097,5296
10281,1748,2155
50884,8360,10310
35965,6131,7556
615,108,132
2360,403,484
3267,541,696
4764,824,1039
4107,664,924
3447,584,701
5244,874,1097
12427,2088,2598
19316,3001,4627
7999,1324,1642
14622,2335,2879
6786,1111,1399
15065,2497,3314
5506,781,1355
11206,1868,2604
12191,2086,2605
17186,2975,3641
10862,1836,2336
56925,9650,11846
25062,4159,5239
13777,2167,2949
11344,1957,2435
12557,2117,2648
13617,2383,2922
3027,478,704
39152,6887,8214
18669,3451,4119
11138,1919,2549
6598,1090,1364
23787,3906,5492
31976,5093,6284
26459,4394,5876
18433,2962,4218
16672,2698,3487
7951,1374,1816
6130,979,1362
45345,7663,10083
28057,4535,5777
7554,1349,1736
4208,722,973
24500,4210,5455
13720,2327,2800
11758,2029,2512
26501,4700,5568
12799,2166,2790
12550,2071,2784
18656,3016,4112
9500,1599,1990
11571,1939,2408
10104,1811,2286
20525,3419,4506
13258,2046,2908
13836,2343,2878
29730,5108,6225
23421,3855,5526
6589,1126,1358
21783,3647,4427
8296,1367,1721
11017,1826,2254
6161,1047,1326
14143,2510,3329
53438,9241,11814
33602,5795,7928
13946,2331,2922
22393,3809,4863
15795,2671,3528
13917,2455,3276
2082,351,487
16258,2775,3454
9714,1653,2119
11119,1875,2500
7851,1282,1654
5428,878,1146
7611,1319,1678
9935,1696,2212
12119,2014,2630
4979,843,1007
35242,5718,7017
7301,1230,1786
6635,1107,1439
4728,803,1112
15829,2529,3376
14353,2519,3066
11837,1957,2528
7200,1152,1454
11258,1951,2423
9701,1700,2091
17122,2889,3670
6172,1088,1298
7665,1300,1706
8760,1520,1844
17526,2934,3544
8553,1417,1832
18703,3126,3930
53175,9091,11229
5021,843,1018
4381,711,850
20232,3418,4227
12119,2144,2796
48014,8248,10814
11398,1840,2289
9281,1641,2095
20631,3423,4793
17026,2931,3789
7820,1275,1793
6407,1068,1352
60153,9574,11943
14229,2334,3012
12851,2147,2756
13199,2264,3045
7602,1272,1720
7909,1301,1653
17986,3090,4124
18738,2849,4240
26581,4524,5428
9806,1604,2132
24026,4096,5359
8102,1393,1650
11555,1924,2357
24654,4239,5060
24306,4233,5302
8819,1518,1989
21228,3621,4670
5383,914,1142
21682,3551,4681
7442,1145,1700
13075,2152,2573
16954,2906,3529
33181,5386,6689
17188,2845,3663
8737,1511,1953
7866,1380,1750
20333,3293,5332
13550,2359,3076
25266,4394,5360
8591,1427,1896
41815,7064,8994
8596,1455,2137
6691,1136,1501
17856,3037,4227
28579,4654,6012
14080,2419,2947
18160,3041,3827
20444,3461,4735
41980,6900,9204
14883,2595,3291
17808,2978,3663
3955,671,866
3811,630,893
14108,2348,2940
43145,7130,9602
23358,3837,4967
14380,2323,3084
3981,674,880
16907,2653,4223
12626,2082,2620
22591,3791,4680
21571,3434,4395
12348,2131,2633
18398,3200,3891
14858,2626,3533
39357,6756,8742
26332,4408,5628
41772,7421,10286
7104,1198,1643
27057,4563,5999
24787,4280,5254
20563,3511,4524
8869,1466,1787
9772,1609,2010
11509,1855,2389
12728,2251,3046
13279,2225,2865
27965,4824,6402
16664,2837,3597
21411,3600,4547
9946,1724,2264
11664,1997,2607
8768,1488,1994
14868,2541,3252
8244,1477,1907
18948,3215,4204
23036,3891,4784
6770,1130,1428
9909,1651,2074
6598,1119,1534
11526,2017,2468
6893,1175,1631
7817,1283,1693
6296,1105,1575
16772,2827,3541
1473,243,359
19776,3365,4857
17447,2894,3750
17308,2854,3582
2176,377,495
13524,2167,2826
15247,2555,3431
38159,6568,8228
7812,1316,1635
40994,6542,8388
18470,3203,3943
15516,2467,3792
2098,364,496
21214,3634,4512
3263,528,677
15716,2719,3703
12153,2109,2705
23854,4122,5314
10400,1733,2155
26822,4469,5873
21881,3560,4503
767,118,152
23865,4071,5134
35034,5875,7048
4863,819,1003
4326,769,956
64480,10956,14379
11795,1906,2631
4003,657,961
10116,1731,2189
3505,565,814
32994,5440,6846
7836,1311,1805
9040,1586,2106
5282,929,1160
33088,5602,7030
4238,709,1029
10281,1718,2161
19737,3261,4026
6711,1059,1365
18574,3193,4075
16929,2910,3851
3815,643,868
25457,4262,5594
14839,2526,3141
17822,3125,3859
935,146,194
9711,1642,2176
10643,1794,2303
20077,3428,4733
6979,1217,1659
8312,1360,1661
10788,1841,2272
18064,3036,3884
18443,3166,3987
6977,1143,1469
9120,1527,1944
4431,759,950
12522,2140,2954
12306,2074,2586
20855,3643,4593
17997,3089,3978
18023,3088,3797
19787,3308,4064
20094,3275,4027
25137,4135,5278
37302,6123,8523
8707,1476,1915
84572,13965,18472
13869,2426,3087
8755,1435,1767
9480,1533,2047
11052,1906,2378
19679,3263,4133
17433,3005,3693
20177,3316,4451
13581,2310,2833
16809,2798,3551
22774,3880,5062
8003,1351,1758
23977,4145,5252
8490,1477,1920
20569,3518,4356
24313,4132,5037
9504,1645,2036
3663,607,822
9466,1734,2149
7490,1205,1676
15205,2566,3226
4032,647,811
39759,6473,8127
29399,4588,5725
28132,4597,6029
28306,4573,5773
6180,1066,1340
32510,5538,7207
10946,1764,2563
50177,8439,10377
29831,4888,6614
42694,7275,9191
6294,1102,1378
2484,407,638
61304,10088,12470
132385,22247,28817
15648,2815,3736
19913,3341,4295
9641,1756,2171
10046,1746,2104
80082,13269,16646
29780,5062,6476
4363,758,878
1686,284,355
23640,3984,4890
40311,6656,8451
20878,3495,4511
37214,6206,7716
21852,3756,4873
26167,4473,5813
22585,3944,4875
21369,3625,4529
785,140,170
9874,1577,2196
64800,10903,13478
42419,6876,8725
15509,2579,3102
6343,1082,1366
14562,2535,3245
3917,639,841
14269,2348,3027
1124,189,247
16075,2719,3604
34103,5665,7127
42725,7348,9219
20446,3494,4260
12861,2208,2832
38666,6354,7930
25796,4265,5893
15562,2461,3327
18413,3207,3937
6752,1168,1539
20949,3592,4661
33629,5656,7242
4369,747,1083
17565,3015,3672
14570,2315,2927
11616,1907,2394
13270,2178,2893
20293,3489,4434
7181,1188,1582
28785,4796,6104
291,45,57
21493,3581,5174
25829,4181,5273
1209,203,298
20008,3385,4183
12940,2257,2897
22438,3917,4739
50719,8537,10638
17844,3039,3820
34119,5953,7719
25637,4486,5864
23269,4042,5274
72463,12103,15686
6761,1155,1483
12781,2203,2807
7287,1180,1606
7880,1320,1721
6835,1128,1470
5978,1047,1352
2059,328,423
13750,2256,2653
17156,2843,3791
95338,16196,20321
1933,322,408
12344,2098,2535
18080,3062,3881
17114,2974,4003
17108,2816,3622
28416,4740,5905
37413,6497,8095
11782,2043,2542
23627,4087,5279
28903,4874,5913
26119,4545,6073
6709,1147,1382
17133,2796,3884
5727,885,1326
3004,500,626
9602,1592,2171
11838,1960,2474
8092,1397,1896
4785,820,1033
23958,3992,5261
14619,2505,3236
11518,1936,2635
7925,1352,1730
24142,4029,5089
22534,3712,4810
7795,1347,1771
4378,723,1014
5337,886,1196
23527,3840,5083
20809,3654,4676
9285,1463,2015
7333,1300,1676
27193,4384,6039
4720,829,1034
34243,5460,7400
7983,1324,1718
1959,337,409
4344,728,935
14127,2480,3063
15140,2592,3294
4583,770,1017
6602,1156,1523
10109,1716,2164
2559,441,532
2890,468,573
2847,470,612
11435,1947,2459
6129,1051,1443
13856,2397,3004
13956,2386,3023
8592,1463,1901
906,151,190
12051,2116,2524
3497,593,766
8805,1457,1743
4166,722,889
2141,372,500
12418,2187,2601
5854,992,1349
4808,793,1074
9111,1501,1973
11510,1923,2494
9643,1622,2113
4681,801,1028
4900,834,1102
5323,929,1172
10337,1693,2374
16859,2875,3594
7386,1272,1618
6188,1033,1359
7061,1211,1642
8449,1483,1960
17144,2910,3638
6236,1068,1331
10018,1719,2177
16477,2687,3353
2750,452,561
42463,7129,8592
19360,3279,4274
6787,1173,1476
6261,1084,1395
6466,1103,1498
9216,1591,2080
3384,562,758
8516,1452,1846
9409,1599,2149
10818,1831,2514
60142,10377,12303
33099,5656,7212
6340,1082,1452
20293,3406,4228
9236,1544,2150
41382,6815,8901
24738,4135,5111
16907,2814,3330
17651,2983,3732
15758,2768,3327
18476,3221,3788
7908,1311,1896
27843,4832,5907
2315,415,491
6586,1073,1395
114,21,24
9515,1674,2052
33299,5669,6966
29043,4832,6241
21821,3720,5278
17708,3042,3651
3758,652,919
4579,783,1027
8105,1358,1896
32477,5394,6512
6508,1109,1375
18526,3263,4039
3605,600,743
5437,906,1119
13207,2221,2904
3243,559,706
3902,653,867
5613,915,1113
22623,3805,5092
9032,1574,1913
11060,1852,2566
10233,1736,2256
2931,502,641
6344,969,1527
29431,4987,6108
3866,651,770
2182,345,507
596,102,118
8991,1522,2017
7400,1231,1700
8614,1453,1934
4063,682,869
14641,2363,3056
1202,210,256
6556,1147,1551
4241,716,1046
13989,2362,2999
6493,1085,1345
10634,1768,2591
13684,2312,2899
9461,1603,1991
10023,1704,2119
8500,1420,1844
4210,689,873
8436,1330,1917
10654,1762,2261
7480,1297,1641
8264,1393,1742
4145,693,863
2684,451,589
7963,1369,1719
12839,2187,2881
6490,1123,1474
9379,1633,1985
15350,2587,3429
22104,3777,4920
10339,1827,2447
11897,1966,2742
12629,2189,2779
2584,456,683
17721,3075,3769
19343,3354,4310
44681,7568,9486
21952,3679,4682
13978,2388,2908
21466,3687,5004
41971,6612,8446
64297,10562,13319
8917,1496,1986
12771,2084,2832
8447,1434,1886
27537,4776,5757
40332,6799,8263
3425,545,776
2035,353,437
9226,1583,1980
81189,13290,16894
5745,948,1324
9044,1549,1902
4733,784,1050
11827,1902,2468
5880,1014,1353
2573,414,491
15176,2578,3258
8415,1415,1772
11803,2031,2573
73969,12600,16286
7373,1195,1453
23299,4034,5092
14148,2401,3125
5518,880,1318
9290,1591,2118
7959,1387,1762
17744,3135,3797
11235,1797,2201
20429,3507,4156
6176,1020,1358
4159,716,926
5923,1024,1327
2682,451,603
23646,3899,5355
22318,3669,5297
964,157,225
19098,3112,4097
4481,756,969
1814,311,389
13700,2312,2982
26076,4298,5470
3575,598,735
4121,698,907
914,169,207
11665,1964,2765
6169,1055,1364
5075,853,979
5590,964,1339
23741,4038,4747
15334,2531,3218
10455,1818,2249
30783,4863,6252
21180,3563,4745
7502,1244,1652
958,168,201
3272,517,735
6428,1085,1421
3187,546,661
11622,1913,2529
18611,2952,3844
20437,3540,4309
21041,3569,4548
22681,3865,4987
8565,1384,1866
22143,3789,4913
19727,3430,4069
6314,1102,1285
5987,1037,1238
31465,5332,6700
20268,3557,4117
10406,1752,2233
12711,2233,2850
29112,4887,5865
3173,545,700
3893,674,885
62647,10501,13290
17956,3020,3736
30361,5110,7288
12607,2158,2833
8004,1365,1791
13080,2152,2867
14388,2507,3354
68000,11753,15051
26950,4248,5736
3117,538,674
24694,4318,5115
6377,1091,1444
15828,2782,3500
53649,9442,11254
2907,506,656
11708,1987,2550
15772,2770,3458
7769,1271,1672
12217,2097,2593
27118,4357,6280
7891,1314,1648
2334,388,470
2314,387,476
10577,1790,2372
47176,8125,9615
5600,885,1223
9628,1596,2057
19112,3187,3828
14555,2403,2924
11140,1936,2316
4222,666,959
10616,1797,2358
25869,4282,5802
122642,20895,25697
8548,1440,1736
11678,1918,2531
4172,733,1090
25623,4054,5949
14912,2361,3229
11622,1989,2500
14806,2371,3140
7689,1277,1682
28134,4786,6374
9737,1613,2088
4431,734,977
3554,572,721
1215,209,271
19465,3428,4277
5461,907,1144
15878,2712,3342
18858,3300,4177
13445,2287,3147
14284,2417,3037
20647,3540,4374
8605,1443,1931
4194,729,931
7274,1279,1670
4074,679,816
12993,2270,2857
6827,1111,1586
8406,1448,1849
6584,1088,1409
880,149,212
17414,2995,3787
1218,213,269
3368,579,707
73351,12376,15046
34601,5808,7766
29057,4887,6149
7678,1231,1728
63145,10504,13448
48140,7978,10169
3931,650,816
22895,3879,4808
13744,2255,2746
14815,2501,3047
5173,877,1118
15133,2601,3219
9324,1584,2070
6337,1077,1386
104086,17208,21701
74021,11911,15704
35086,5966,7367
29522,4968,6675
2116,368,454
7075,1211,1499
16489,2728,3356
2706,470,596
10893,1815,2485
7193,1207,1580
4082,699,965
2958,491,659
19461,3283,4335
1762,278,420
10567,1756,2303
16914,2753,3794
47812,7821,9487
36937,6329,7921
4320,741,1022
38378,6446,8163
8660,1466,1923
8714,1485,1872
13354,2291,2826
20830,3504,4446
7962,1350,1659
6796,1151,1465
8721,1459,1944
8288,1464,1815
15498,2469,3407
2905,483,675
12473,2088,2720
9584,1619,2096
14501,2449,3113
56916,9439,11780
24252,4162,4976
1388,232,273
3181,547,688
4015,700,948
16648,2797,3516
9833,1666,2114
5861,977,1188
1442,251,342
9943,1665,2031
6854,1126,1418
7540,1235,1635
993,178,221
16949,2940,3863
8030,1414,1752
4875,828,1122
16077,2724,3605
1843,312,378
3098,524,651
1071,184,256
3931,688,910
10554,1777,2232
5777,968,1238
12302,2077,2621
3586,601,808
30221,5046,6386
7137,1202,1580
2280,367,517
5894,1027,1287
19086,3302,4018
787,135,178
2949,520,599
16391,2827,3528
19890,3372,4268
5081,858,1142
2928,508,597
6181,1068,1339
9352,1569,1947
13105,2196,2979
10465,1837,2477
5254,916,1143
3540,607,775
1109,196,272
6433,1089,1340
682,107,145
13753,2354,2959
13441,2203,2876
20021,3445,4332
5489,872,1182
1765,290,377
1107,195,268
6438,1088,1343
8086,1348,1628
6698,1091,1362
10905,1851,2345
10384,1852,2440
838,146,179
1811,305,405
7467,1244,1529
2101,371,535
23943,4067,5233
7726,1321,1666
11062,1915,2313
48000,8062,10554
4114,726,859
21077,3541,4365
4713,810,1082
2157,375,457
836,144,178
14142,2350,2790
7624,1267,1736
19923,3404,4396
11920,2070,2620
11117,1872,2459
8680,1510,2014
634,111,131
14608,2525,3061
36360,6118,7616
43001,6676,9692
34405,6057,7464
21035,3634,5016
21747,3793,4605
5091,884,1171
42995,7242,8983
2451,420,553
3969,653,841
14017,2284,2962
10249,1783,2259
967,152,227
23559,3958,5576
5362,830,1255
5615,935,1305
14336,2382,2990
38081,6517,8279
713,124,162
20023,3426,4296
4314,725,896
834,144,192
89428,14526,19073
4058,693,913
4978,844,1109
4287,717,960
14895,2574,3164
65784,11226,13793
14088,2504,3088
3573,607,730
4619,770,940
10442,1816,2333
7385,1280,1529
8573,1480,2068
9137,1544,2002
4189,688,926
6049,1031,1307
25598,4413,5292
18163,3103,4163
6164,1026,1429
10542,1692,2237
16150,2695,3377
13469,2316,2951
26815,4581,6149
1812,312,414
51665,8839,11322
48627,8236,10027
27505,4531,5522
41457,7019,8623
12327,2099,2657
2427,395,522
16992,2966,3714
13215,2246,2960
9149,1530,1920
1844,326,428
5224,897,1128
19727,3338,4103
8116,1334,1691
12264,2101,2714
7593,1230,1492
19349,3358,4299
19024,3314,4481
17147,2962,3557
6433,1099,1508
14418,2373,2937
1378,236,308
2819,479,592
6015,955,1262
2195,375,521
12207,2086,2709
9366,1648,2074
8235,1380,1886
11105,1951,2451
9586,1639,2125
13484,2298,2821
34153,5983,7792
883,157,183
30735,5035,6515
19188,3224,3871
13837,2349,3121
20824,3563,4979
14981,2527,3260
5375,904,1211
4307,710,997
1397,242,288
10794,1837,2440
868,137,188
3837,659,839
60720,10603,14172
14401,2462,3275
983,170,204
1304,215,294
12756,2195,2830
13528,2365,3057
47336,8085,10088
13204,2165,2906
1002,168,214
4182,709,871
14170,2477,3211
18414,3111,3964
9222,1609,2177
10480,1780,2344
35393,5897,7002
1311,218,282
13835,2376,3052
2937,453,663
39276,6314,7485
11125,1914,2415
3789,641,847
5306,884,1183
15567,2563,3224
12665,2167,2835
19091,3091,3852
9130,1541,1904
11206,1936,2489
2304,380,538
22080,3713,4630
18283,3164,4054
2022,349,452
8141,1387,1680
17975,3125,4136
10954,1810,2330
4493,738,1002
16852,2818,3599
11333,1917,2340
28739,4983,6296
11585,1979,2522
5625,961,1281
27479,4634,5827
12070,2117,2766
7835,1341,1752
1812,302,409
1050,175,250
8534,1439,2013
10156,1753,2254
22049,3630,4502
22235,3829,4617
21931,3866,4727
15632,2688,3341
16363,2771,3481
1428,249,292
20408,3450,4385
101535,16570,21542
14930,2436,3254
1658,279,385
7767,1263,1615
32714,5455,7455
47569,7601,10119
10388,1805,2252
7675,1290,1599
375,66,81
16224,2825,3794
23725,4044,4975
23698,4045,4983
23608,3923,5250
7527,1298,1673
23102,3795,4776
33686,5611,6988
22612,3709,4460
39177,6511,8483
17078,2939,3854
5210,869,1246
19877,3419,4289
20736,3532,4414
8282,1368,1860
87280,14593,18968
1459,246,313
3962,628,834
2497,404,621
29509,5058,6373
17393,2978,3722
26153,4577,5534
3175,559,715
26008,4464,5662
5622,944,1229
2229,367,471
4925,835,1074
35755,6035,7706
5579,943,1169
683,118,148
5460,917,1226
4908,813,1005
6703,1118,1514
5326,891,1146
4014,663,910
2610,434,562
47477,7941,10157
16083,2784,3437
13225,2355,2933
44026,7483,9309
29883,5046,6682
17454,2833,3854
13248,2202,2761
13771,2340,3086
9070,1499,2049
13795,2360,2911
10993,1783,2178
16078,2762,3738
3545,590,749
55930,9455,11597
1371,232,284
27609,4724,5906
4285,709,870
18586,3141,4056
1873,321,378
4532,725,890
28430,4695,5987
21631,3705,4773
9490,1577,2132
1864,332,404
34566,5712,6915
17301,2941,3724
19654,3337,4255
2104,338,460
2112,369,469
878,149,213
18286,3148,4188
13828,2300,3157
9277,1456,2214
11776,1987,2450
1064,185,239
784,137,183
8024,1373,1671
47862,7896,10064
1877,313,412
9273,1567,1945
17767,2984,3851
41758,7058,8812
15357,2639,3689
117662,19573,23867
613,93,128
18354,3214,4107
9224,1546,2046
42469,7018,9748
7240,1211,1474
760,136,175
18247,3178,3781
40605,6822,8455
17582,2984,3764
1355,228,300
1302,204,266
33640,5709,7209
7358,1189,1613
8330,1400,1834
4200,710,953
7469,1250,1788
3771,630,782
13679,2382,3010
26886,4517,5669
22204,3782,4635
11915,1876,2577
1287,231,290
5465,945,1199
15989,2764,3555
6668,1175,1458
29221,4663,6001
9996,1711,2291
4340,760,930
2113,373,530
29315,4896,6105
12630,2228,2720
14876,2573,3220
17529,3104,3771
11171,1934,2601
22517,3936,5182
31691,5458,6855
26938,4513,5532
8348,1415,1859
4056,694,852
5959,1015,1327
1733,295,391
17968,3045,3684
14620,2482,3152
7483,1314,1750
21948,3770,4697
17564,3014,3832
1026,179,222
13328,2251,2888
20573,3383,4216
2057,340,439
2820,495,674
14601,2523,3178
16637,2915,3670
19791,3368,4667
1876,310,408
6474,1083,1478
6450,1126,1517
7176,1157,1688
12824,2117,2928
7266,1229,1642
8685,1537,2013
7131,1268,1766
4271,696,1026
65371,10809,13272
17874,2988,4072
4227,715,975
6916,1152,1476
1043,177,217
8186,1381,1789
2716,493,641
24681,4091,5164
22545,3819,4558
9584,1600,2132
22825,3827,4968
3606,589,749
20028,3569,4409
14372,2563,3199
9459,1584,1878
7971,1365,1859
8589,1573,2035
6171,1002,1246
892,143,199
12036,2028,2705
5269,914,1156
28992,5198,6496
10302,1782,2253
4448,697,1007
25249,4369,5223
12445,2072,2510
24821,4180,5224
10331,1786,2251
3329,581,733
40986,6993,8484
39778,6841,8676
10240,1755,2242
2953,489,684
2659,468,656
21739,3757,4472
4130,689,839
65252,10830,13764
6499,1084,1541
17259,2947,3805
2029,350,448
9791,1683,2110
5708,937,1333
19598,3310,4182
9340,1558,2222
3805,633,862
2545,452,563
2049,344,437
16956,2893,3745
4989,844,1069
11051,1828,2314
12097,2087,2739
17406,2957,3624
12200,1955,2439
9559,1621,2136
3824,645,805
8299,1422,1870
17486,3129,4101
26438,4474,5806
56243,9574,12554
6042,1020,1296
26576,4307,6274
3752,632,910
47700,8124,10602
9642,1641,2125
4507,753,935
2091,341,444
3349,569,813
16121,2712,3429
3129,555,708
14542,2481,3266
23720,3978,5400
11420,1927,2471
10663,1708,2241
15013,2512,3208
16417,2817,3478
1265,214,283
2112,378,457
808,137,168
4197,720,890
7871,1288,1718
6321,1081,1414
2385,404,514
21600,3761,4634
41887,7134,9399
8893,1501,1920
11718,1987,2603
39367,6568,8134
20162,3416,4156
23868,3903,5019
21103,3752,4889
28830,4728,5845
12057,2115,2604
10607,1808,2249
20740,3585,4546
18231,3100,3914
12663,2226,2883
22093,3644,4516
14036,2477,3201
9154,1585,1994
787,138,166
16708,2912,3837
3110,526,654
3261,556,687
11436,1974,2434
7533,1312,1693
16837,2913,3630
223,35,47
3268,556,692
2598,424,527
11659,1955,2565
6760,1152,1440
10233,1776,2232
19480,3433,4275
7586,1281,1660
5045,838,1104
8808,1388,1759
2193,382,482
9420,1604,2307
55303,9161,11861
5664,943,1252
6773,1166,1528
3000,498,657
2337,397,540
12991,2186,3006
8869,1430,1954
2498,427,641
1877,316,473
6856,1203,1720
4499,770,999
8885,1505,1953
18739,3227,4186
4793,864,1128
1403,224,361
508,88,116
15021,2486,3205
4342,733,899
7039,1145,1700
10914,1835,2501
21504,3686,4758
21556,3694,4716
10367,1746,2424
4525,784,982
32492,5399,6623
5972,980,1265
1228,197,262
23796,4045,5169
26692,4517,5602
6919,1169,1518
6016,1016,1384
5288,899,1122
9902,1725,2232
14603,2474,3113
22426,3913,4861
11726,1970,2596
22813,3904,4944
5025,866,1136
7263,1238,1612
11721,1944,2447
8554,1476,1819
35133,5848,7246
17985,2995,3682
13942,2380,3048
13585,2316,2806
14826,2559,3248
34178,5851,7636
2085,351,424
4447,737,957
1868,318,404
3460,549,742
30252,5126,7187
10950,1644,2169
9352,1572,1979
10377,1791,2316
4056,686,904
3888,660,858
17508,3062,4035
2458,417,526
9845,1628,2072
59376,9932,12658
28133,4779,6030
10706,1818,2356
7943,1337,1738
7944,1337,1738
17307,2866,3741
22713,3610,4568
7943,1337,1738
8012,1366,1832
9289,1574,2010
1689,292,371
3296,572,774
3652,633,830
7821,1341,1823
3937,649,871
27807,4826,6314
3327,587,800
15044,2538,3288
10701,1730,2198
7291,1191,1723
30359,5145,6498
32524,5440,6758
16686,2908,3736
30571,5228,6839
19750,3345,4250
8259,1422,1894
10360,1744,2289
36527,6078,7973
7493,1285,1568
3146,547,672
17373,2939,3892
10907,1899,2463
968,160,223
23557,4050,5145
21946,3606,4327
1287,219,292
5165,917,1124
6179,1074,1305
41963,6984,8471
19820,3382,4360
17260,2975,3869
8008,1337,1724
19665,3259,4064
146345,23956,30491
19851,3373,4322
13275,2249,2894
7465,1280,1643
6465,1128,1449
11619,1922,2559
934,160,175
10103,1748,2282
26985,4658,5837
5639,939,1235
6597,1095,1434
3818,641,844
17420,2968,3585
21539,3556,4469
15963,2696,3715
814,136,197
14343,2333,3095
53791,8983,11115
4612,800,978
2366,414,488
12734,2159,2937
7212,1220,1629
13439,2338,2843
14624,2443,3138
14611,2453,3214
11632,1889,2545
1356,224,294
10676,1770,2421
11993,1977,2609
16983,2748,3606
27299,4539,5902
17953,2973,3765
10315,1808,2267
45160,7795,9513
18232,3037,3801
31797,5301,6486
6363,1050,1339
26230,4482,5707
41537,7083,9112
13502,2163,2710
42575,7191,8907
8091,1378,1884
12106,2060,2597
20048,3382,4681
49510,8330,10649
6963,1154,1475
17307,2995,3877
5504,881,1195
156,27,44
557,87,133
2549,413,549
4622,785,997
14759,2585,3523
5840,968,1262
6570,1156,1530
11979,1902,2376
1734,292,411
7289,1241,1664
7726,1257,1627
2889,479,597
6711,1143,1486
2255,371,478
5305,891,1136
6772,1174,1474
15354,2409,3186
10572,1801,2263
12977,2104,2746
29335,4964,6346
36192,6213,8316
8807,1505,2002
5809,977,1358
24487,4121,5202
19742,3346,4026
5831,994,1290
3318,543,739
211,31,48
931,154,215
27931,4723,6333
5113,848,1078
816,137,185
771,123,193
11715,1962,2584
21704,3616,4497
12923,2139,2685
14678,2592,3284
1196,181,238
2915,477,614
8553,1391,1823
4845,850,1079
133816,23030,30393
27440,4491,5744
1069,191,238
10000,1694,2167
5424,924,1200
9407,1636,2119
370,69,95
14719,2404,3319
12653,2172,2776
30784,5273,6618
22546,3930,4989
14300,2351,3035
13845,2519,3293
16468,2774,3452
51627,8497,11859
16266,2834,3510
36362,6263,7682
13771,2325,3244
13615,2281,3278
14814,2497,3188
11544,1999,2777
12089,2054,2496
1211,203,248
23861,3915,5364
20599,3552,4406
13378,2354,2929
25959,4434,5381
9721,1732,2153
13600,2332,2976
9888,1749,2382
1815,303,422
8451,1379,1647
4778,801,1091
15530,2627,3478
23259,3747,4545
21121,3519,4541
11750,2113,2785
9048,1524,1928
19138,3199,4486
7467,1320,1696
6002,986,1321
9460,1604,2030
13649,2375,2981
12844,2230,2938
918,146,195
12200,2057,2597
3546,590,759
7045,1233,1542
24935,4325,5119
2357,423,568
7531,1275,1626
12881,2143,2703
3685,669,867
884,156,228
898,159,232
860,153,222
883,155,227
758,137,195
14717,2365,2865
13851,2353,3102
5841,1011,1351
5945,995,1318
9557,1672,2110
2384,415,513
8428,1454,1841
2175,369,474
1834,295,384
48236,8317,10840
850,150,198
6387,1033,1259
3391,566,791
46262,7874,10190
5875,996,1433
9183,1598,2252
11826,2016,2601
7496,1277,1642
738,134,171
2463,420,560
6508,1064,1483
4316,707,864
9355,1592,2025
34556,5657,6974
21594,3880,5114
8316,1423,1921
16995,2694,3872
20475,3539,4761
39870,6932,9319
20653,3612,4377
17298,2996,3658
8594,1440,1883
34177,5811,7165
18944,3276,4416
2295,393,500
3233,564,686
972,160,237
2240,385,512
2923,499,685
1247,218,297
1176,202,285
10909,1796,2254
5130,863,1091
6649,1152,1447
9498,1691,2155
10769,1786,2288
44955,7700,9508
7436,1244,1667
20720,3664,4495
21877,3811,4595
927,160,223
1936,338,521
3054,537,698
765,127,177
4188,705,928
10089,1667,2221
7269,1229,1685
8985,1524,1962
12474,2143,2762
25082,4336,5380
4640,782,1069
19024,3111,4115
10825,1864,2588
1390,230,328
13353,2196,2772
19200,3290,4052
13430,2315,2983
1288,223,296
45683,7880,10395
27214,4696,6016
8738,1470,1804
1260,210,281
201,33,49
366,65,85
194,32,45
325,57,73
402,70,88
22505,3727,4595
4063,664,843
51045,8695,11042
26009,4149,5758
1140,207,260
1001,180,262
1980,326,427
2642,443,579
2943,548,675
900,151,206
25751,4212,5193
23950,4198,5442
17812,2930,3598
16726,2831,3552
8312,1431,1871
2669,438,633
31382,5009,6903
6140,1056,1320
16108,2792,3333
23998,4113,5157
3097,502,652
1047,156,259
15663,2651,3390
36050,6162,8335
35336,6004,8071
10548,1750,2282
28545,4881,6458
15891,2753,3472
1378,247,317
25610,4401,5477
22436,3855,4901
19928,3401,4320
18849,3189,4008
14568,2478,3187
17172,2976,4068
10584,1739,2231
6064,1019,1231
2280,396,513
28004,4695,5942
24624,4301,5469
1770,305,369
1218,199,259
2179,384,503
4931,842,987
4534,749,944
7061,1167,1576
20822,3491,4378
23198,3894,4992
8646,1466,1740
13050,2197,2869
11963,1990,2652
38431,6368,8324
23781,3874,4999
8346,1452,1873
17241,3017,3891
12979,2218,2843
15151,2667,3336
18152,3063,3861
11651,1864,2410
8829,1515,1914
17544,3053,3803
15232,2564,3225
25775,4392,5490
15033,2533,3371
1804,291,414
7581,1290,1583
7834,1365,1793
18643,3160,3933
10084,1803,2440
23578,4111,4949
4242,713,886
21932,3761,4868
17413,2894,3769
16881,2677,3649
42841,7379,9446
13978,2340,3024
10419,1721,2207
901,142,186
6246,1021,1364
14317,2452,3145
14847,2568,3163
15508,2666,3401
1785,321,365
19223,3226,3988
11076,1967,2456
14625,2441,3406
17483,2990,3857
6268,1047,1273
6847,1153,1480
32643,5592,7114
10376,1755,2198
34872,5889,7551
14020,2325,2927
15582,2515,3579
31447,5274,6758
18798,3291,3984
22400,3854,4810
14723,2526,3275
28495,4774,6481
17386,3038,3816
19468,3346,4262
36850,6177,7797
16117,2742,3536
1950,318,443
14288,2308,3038
7200,1213,1612
9028,1552,2036
9082,1572,2049
14314,2470,3048
16619,2773,3859
21465,3666,5174
16827,2884,3541
5023,865,1146
5976,1015,1315
3404,587,722
19664,3378,4629
25319,4387,5842
24918,4200,5444
40717,6640,8650
19144,3197,4051
566,93,121
18565,3119,4076
13766,2252,3077
34361,6006,7589
20634,3561,4865
7142,1230,1677
13431,2235,2811
58493,9568,12622
6035,1036,1326
27317,4519,7653
26648,4611,5724
563,93,133
7559,1221,1541
3385,565,810
5320,915,1172
1734,282,352
1938,335,458
9199,1486,2071
3006,509,659
6820,1173,1500
7644,1305,1882
8072,1386,1957
851,149,204
15094,2383,3845
10334,1701,2193
9364,1630,2036
3039,510,620
9360,1599,1995
20700,3422,4487
17145,2952,3845
14743,2664,3234
11744,1996,2548
16356,2794,3495
14743,2610,3378
1883,331,389
8093,1345,1908
22164,3989,4952
3496,598,717
832,134,218
5820,966,1216
10654,1848,2241
12812,2100,2715
16485,2713,3539
7165,1192,1555
13605,2338,3024
17328,2971,3908
17699,2943,3791
21668,3523,4378
1554,273,356
1482,264,323
356,59,74
6569,1062,1350
1532,280,347
4583,800,1002
8285,1436,1696
6202,1057,1362
20066,3391,4268
1256,207,286
13591,2354,3020
13572,2348,2967
9060,1569,2187
13943,2389,3176
17216,2978,3821
13196,2187,2685
8046,1341,1758
11087,1825,2610
25284,4333,5612
16235,2788,3589
6759,1120,1414
11737,2030,2604
11681,2026,2573
7137,1175,1628
6745,1132,1593
17501,3074,4213
17086,2977,3809
16874,2886,4069
3728,629,765
61613,10261,13245
43032,7244,10036
1940,343,439
56566,9494,12202
21135,3647,4645
2971,476,647
2425,389,515
23840,4010,4917
6815,1138,1439
2386,406,487
30839,5267,6417
23568,3991,4986
5482,914,1127
52559,8680,11436
6905,1220,1502
16931,2856,4107
1366,245,328
2795,515,617
14761,2528,3820
549,97,122
1824,304,424
8626,1497,1821
14233,2460,2891
3496,558,708
8385,1433,1881
10255,1769,2351
184,34,44
5720,977,1389
5693,942,1348
2719,423,612
11797,1894,2453
13652,2319,2943
26036,4339,5598
20734,3466,4452
3301,530,744
48790,8228,11015
9721,1746,2167
2108,372,488
631,95,183
7059,1223,1491
5141,840,1074
10527,1744,2183
33439,5659,7347
16059,2715,3637
35510,5885,7059
5378,934,1115
1543,266,324
22882,3941,5012
30953,5199,6485
24224,4113,5374
16743,2959,3870
5058,844,1144
6087,1024,1353
13100,2157,2748
19339,3297,4130
11971,1979,2482
7598,1289,1913
4556,769,977
7627,1339,1656
3681,616,781
3682,657,793
7758,1368,1727
16738,2978,3902
69414,11509,14243
10925,1780,2239
8339,1476,1912
4943,845,1134
17257,3124,3931
5840,945,1243
14104,2420,3063
4618,764,1008
3379,586,756
338,54,67
1159,199,231
379,64,85
7584,1244,1600
323,57,86
3982,696,911
5773,1021,1350
10505,1721,2202
21136,3616,5017
7642,1222,1493
4583,772,1106
1899,345,423
2250,378,475
9337,1639,2128
21169,3607,4639
10737,1833,2153
22490,3786,4624
1060,181,206
1395,238,297
29939,5241,6386
2141,375,468
14432,2431,2958
3805,629,737
15891,2578,3172
8915,1514,1980
71346,11857,14659
28939,5066,6133
19415,3118,4028
3310,551,745
11596,1797,2275
3285,553,656
9094,1571,2055
590,101,130
433,76,86
6763,1147,1562
1227,210,262
30689,5157,6669
4388,743,1022
4313,733,931
9126,1558,2046
4474,763,1008
6745,1143,1450
11637,1922,2580
2274,380,511
30048,5141,6621
12362,2086,2521
19836,3506,4146
1725,279,394
8012,1352,1757
28570,4845,6203
13592,2332,2899
24752,4295,5321
57857,9710,11841
25561,4459,6233
4897,826,1060
18590,2931,3768
4945,841,1041
10814,1882,2402
13899,2353,2897
10092,1691,2150
9958,1711,2194
15799,2752,3242
323,52,73
20897,3423,4257
12550,2109,2766
20076,3610,4452
44320,7370,9380
15604,2576,3234
8485,1484,1864
11800,1999,2514
6720,1172,1495
9689,1636,2152
14061,2385,3052
5261,892,1156
11532,1998,2426
19596,3284,4088
8844,1446,2005
27084,4637,5752
14259,2452,3381
28494,4947,6284
1087,189,248
2281,381,522
10244,1748,2259
36106,6356,7866
30869,5360,6927
12512,2117,2827
9169,1538,2055
11163,1859,2397
12372,2080,2685
17501,3002,3955
26323,4465,5595
6199,979,1242
15298,2575,3303
8774,1477,1986
3350,556,787
17443,2986,3815
13506,2303,2903
21312,3562,4608
21889,3460,5136
17387,3011,3992
2780,484,687
6606,1030,1444
8476,1438,1788
25278,4377,5608
6895,1189,1608
12323,2069,2801
20630,3363,4374
8935,1496,1800
21176,3621,4654
9301,1640,2252
8796,1458,1882
8669,1521,1760
8678,1418,1887
4037,690,800
4842,814,1014
1668,284,373
7322,1201,1616
7885,1392,1645
17786,2963,3798
5343,916,1141
28171,4789,6041
6033,1033,1365
1961,335,409
12641,2145,2697
40322,6753,8841
62429,10509,13177
17156,2733,3606
2555,429,598
6642,1113,1504
15020,2575,3548
13020,2192,2648
7031,1191,1575
15866,2678,3244
491,79,111
11144,1885,2679
1552,245,329
42027,7031,8974
17121,2913,3544
5010,844,1014
10373,1708,2104
6602,1118,1408
6501,1090,1337
26657,4636,5724
7210,1233,1517
8016,1364,1738
10518,1764,2371
13414,2184,2666
10396,1783,2232
23812,4004,5071
41587,6777,9323
23940,3999,5307
12496,2151,2784
31794,5360,6985
5465,955,1176
5462,933,1213
21815,3759,4591
39103,6372,7563
12782,2146,2897
39059,6462,8296
19196,3303,4125
63563,10208,12661
10568,1727,2366
3094,516,612
18265,3083,3790
11825,1954,2419
3457,583,753
32491,5364,6688
20236,3367,4259
39594,6753,8501
4644,761,949
12352,2220,2621
22382,3797,5009
16943,2882,3636
33965,5907,7141
23554,4030,5138
45664,7567,9950
30367,5155,6692
56353,9492,11766
14224,2529,3209
27273,4769,5996
9138,1535,2355
16600,2680,3463
4476,725,1025
22894,3908,4716
14510,2396,3121
6905,1156,1611
7185,1224,1504
8984,1489,2019
40139,6834,8970
1116,194,232
7115,1271,1554
8538,1500,1975
3847,624,805
5098,873,1096
5964,981,1391
14565,2534,3304
7962,1357,1662
27301,4649,6176
18582,3041,3972
2015,359,436
33370,5598,7371
14572,2483,3298
17395,3064,3832
17702,2928,3791
4046,669,794
36051,6157,7833
18014,3183,3860
1038,156,243
3684,630,766
6706,1191,1497
3476,600,911
5489,923,1154
11011,1916,2357
3126,536,726
2592,436,560
684,113,171
7424,1233,1677
4871,800,1125
9147,1572,1968
10897,1791,2364
8197,1357,1843
3586,613,790
7768,1368,1748
10039,1727,2351
4250,685,1024
41121,7067,8916
1285,201,256
7072,1199,1606
10171,1695,2223
13437,2272,2740
115,20,40
12377,2073,2678
10800,1763,2193
12761,2185,2738
15242,2609,3321
7720,1305,1765
4269,742,914
7796,1368,1819
11216,1936,2395
52659,8940,11663
3800,635,863
26657,4525,5724
5005,825,1080
21299,3454,4402
11115,1881,2383
465,77,90
119866,20718,27236
3983,678,903
520,88,115
4320,726,887
47918,7881,10977
3262,551,737
5223,929,1325
20297,3474,4382
12051,1931,2481
18996,3238,3968
27225,4456,5919
2001,347,400
9587,1667,1957
13549,2234,2767
7775,1328,1686
2090,362,481
40059,6862,8972
28528,4788,5695
26864,4692,6191
11936,2078,2755
7185,1230,1517
3300,538,680
33485,5466,6672
12184,2122,2812
1265,218,294
5078,841,1038
10494,1779,2268
17354,2961,3877
18363,3001,3785
7055,1186,1480
11135,1878,2496
61369,10329,12881
3058,522,701
4833,830,1125
10217,1798,2300
6312,1095,1537
13076,2166,3065
7538,1304,1878
4470,759,975
9036,1544,1994
8122,1354,1919
6899,1174,1486
5153,877,1067
15761,2688,3318
3870,646,850
10590,1834,2431
7830,1332,1695
4704,794,1111
25444,4347,5490
690,115,180
20254,3508,4189
20407,3468,4333
41694,7136,8936
15644,2732,3345
3243,540,758
1766,297,401
1622,283,347
16444,2823,3528
27860,4589,5808
21553,3757,4913
25407,4321,5684
1422,245,298
1889,314,417
22620,3857,5046
7286,1250,1639
14308,2501,3248
65216,11002,14445
28284,4665,5958
13863,2359,2961
13594,2381,2890
1941,338,409
10203,1702,2256
1897,323,396
35253,5850,7565
92720,14792,18514
29047,4989,6409
2893,480,648
12752,2168,2794
35742,5968,7454
21200,3596,4356
20272,3413,4385
23753,4120,5455
16654,2863,3594
7086,1208,1545
89674,14810,19017
9210,1422,1862
56359,9181,11183
692,118,144
5277,864,1046
256,42,57
1039,174,255
1120,191,244
1904,318,449
1075,180,229
46127,7484,10347
1652,280,376
7246,1224,1599
1903,340,433
641,110,149
27981,4785,6160
28551,4624,5826
92397,15269,18815
10788,1876,2391
11957,1984,2448
1151,197,278
1091,182,226
27263,4707,5887
1157,193,271
12306,2132,2770
18684,3237,4021
32844,5559,7185
23497,3930,5052
5472,935,1178
5767,982,1223
13089,2234,2887
42731,7372,10413
30511,5169,6803
9379,1601,2026
12928,2142,2997
9967,1727,2139
8716,1485,1865
10051,1738,2216
11768,1910,2570
4203,685,876
5301,866,1165
9959,1722,2151
14543,2533,3121
1784,312,403
12574,2140,2621
11414,1926,2400
13663,2256,2974
918,146,205
1720,290,419
5225,871,1110
2897,467,617
11381,1981,2680
9427,1629,1998
12406,2115,2675
12095,2061,2586
41241,7274,9957
18602,3076,3735
20151,3498,4225
5641,947,1291
3403,567,773
9778,1620,2037
19066,3133,4066
11575,1959,2426
11839,1946,2565
2015,334,439
17924,2998,4064
4914,800,1122
22640,3726,4661
39898,6828,8795
16232,2726,3381
19049,3132,4017
26015,4301,5570
25333,4070,5167
18262,3070,4040
4501,777,903
17049,2858,3720
4301,731,898
19009,3190,4184
20909,3533,4844
27921,4830,5723
6564,1155,1411
880,158,209
3104,558,685
21785,3843,4826
13699,2426,3140
15904,2709,3440
7015,1233,1504
10933,1900,2324
31906,5411,6653
38756,6681,8181
10308,1727,2389
3033,530,715
2253,374,516
8618,1376,1844
6575,1144,1367
14637,2386,2965
6037,1029,1287
4283,698,1072
27838,4720,5845
2302,372,546
4966,823,1128
12592,2159,2781
6614,1086,1454
13193,2235,2953
24725,4290,5630
18021,3083,3791
3676,645,751
41593,6306,11059
13944,2308,3062
2970,481,678
25149,4282,5595
48652,8065,10036
17816,2952,3933
86314,13579,18071
48880,8017,10580
3590,610,859
358,64,72
13763,2358,3073
1064,189,242
16761,2900,3674
14409,2376,3046
1889,309,388
661,108,157
13436,2350,2793
41128,7090,9327
7676,1215,2026
14641,2545,3219
16379,2737,3946
4949,816,1024
1948,329,438
470,80,98
55623,9453,11200
6293,1030,1496
8223,1402,1882
36943,6427,7929
46631,7571,9485
21404,3634,4593
36270,6002,7334
9752,1650,2129
2485,435,515
1264,218,308
6515,1083,1318
15411,2608,3178
5679,963,1275
4597,772,1013
15272,2570,3322
1615,263,363
29615,4949,6459
13141,2302,2989
10969,1819,2547
12171,2173,2711
12473,2162,3002
3710,625,790
11504,1900,2581
5574,942,1208
11996,2097,2596
20939,3416,4274
21514,3661,4354
29600,4911,6199
2425,410,559
5068,853,1096
7544,1282,1643
43402,7262,9884
11896,2046,2483
55471,9494,11512
7594,1294,1766
4623,777,998
5226,880,1103
3362,555,744
3832,650,871
23591,3897,4972
5968,1021,1279
2622,428,514
27776,4792,5789
10721,1841,2302
1386,235,296
7482,1212,1691
43423,7285,9513
3893,662,840
4280,688,897
1110,176,272
22951,3667,5117
20634,3519,4346
2317,401,558
3286,555,698
10508,1688,2252
23627,4029,5739
66356,11460,14030
3251,555,767
57642,9797,12141
18878,3155,3877
10085,1672,2059
6780,1124,1411
29216,4777,6011
8637,1440,1830
9437,1636,2054
3388,528,792
6135,988,1275
11147,1874,2444
18896,3215,4117
1645,274,387
725,128,151
565,95,116
13565,2328,2961
4592,761,969
11072,1842,2450
17522,2906,3619
2830,474,674
6516,1065,1381
18238,3178,3967
38904,6348,8422
14098,2387,3269
2065,357,464
4014,679,901
57332,9215,12114
6219,1034,1315
2374,404,519
4737,826,1031
10382,1754,2132
7845,1380,1703
12738,2098,2610
10231,1805,2276
14676,2544,3351
10464,1749,2271
38764,6558,8217
39096,6724,8439
9076,1599,2003
43322,7368,9351
24041,4224,5205
24824,4126,5292
17160,2817,3565
1332,237,294
26606,4583,5632
16099,2805,3369
38302,6522,8423
11812,2002,2574
6966,1225,1571
28963,5048,6252
10447,1733,2265
14210,2370,3004
15034,2475,3207
31960,5357,6862
6613,1121,1521
13133,2150,2854
22993,3997,4881
1791,286,380
14554,2414,3252
8177,1337,1640
28812,4887,6542
14056,2346,3034
30157,4968,6258
23758,3711,4617
9432,1619,2011
13820,2359,2893
16251,2835,3568
14233,2433,3087
12474,2173,2700
28391,4698,6117
6636,1129,1548
9424,1542,1979
6404,1046,1483
18948,3307,4245
10467,1779,2207
16267,2680,3564
5086,837,1149
12096,2054,2667
6538,1089,1418
12133,2094,2848
32822,5645,6961
44940,7749,10317
2282,401,473
62857,10470,13271
1301,213,263
10291,1758,2140
19911,3352,4410
15736,2726,3690
9759,1678,2138
7082,1179,1604
5108,920,1095
15243,2576,3255
8789,1523,1955
25538,4385,5586
22936,3970,5174
25896,4267,5439
6931,1179,1418
23936,3872,5063
11675,1895,2506
13937,2333,2959
29484,4617,5810
5919,985,1296
8470,1437,1814
12637,2194,2684
6050,982,1385
6169,1032,1429
22105,3446,5170
7240,1260,1639
2353,404,539
60210,9988,12408
5218,896,1142
33436,5868,7485
65506,10850,14360
15844,2638,3536
14398,2455,3068
40324,6752,8585
8921,1535,1970
15780,2772,3444
19218,3204,4067
10757,1905,2464
14350,2398,3251
8733,1389,1892
45576,7561,9619
11318,1965,2512
73067,12289,15289
10146,1732,2345
40566,6638,8630
27541,4634,6019
42670,7227,9019
12495,2192,2730
7494,1249,1679
9459,1573,1977
8128,1368,1805
14384,2435,2898
10827,1898,2354
67131,11348,14334
13117,2178,2850
26719,4429,5610
51391,8608,10956
25807,4431,5523
45767,7788,9841
16785,2874,3739
31606,5466,6809
16558,2755,3453
23951,4088,5375
65784,11304,14657
102199,16992,21507
51399,8613,11025
33634,5624,6910
18081,3049,3816
37035,6088,7881
30416,5149,6504
9409,1601,2152
14869,2466,3325
10196,1707,2283
9433,1583,2020
24840,4239,5273
37946,6413,9200
17520,3115,3905
11624,1944,2775
66145,11306,14524
26778,4630,5648
35589,5862,7381
44530,7297,9572
2193,351,439
11922,1992,2501
4844,838,1087
20351,3493,4813
9977,1680,2394
15678,2729,3482
90323,15309,19622
12092,2077,2601
12641,2133,2984
18319,2972,3990
26787,4431,5631
9594,1671,2078
4729,805,1025
2756,463,565
4669,763,1023
14958,2596,3586
3789,582,794
12564,2125,2612
4454,759,930
6187,1084,1348
8019,1366,1727
4706,823,1036
9853,1618,2153
7062,1226,1503
9848,1649,2052
66962,11039,14780
8518,1479,1908
71140,12086,15301
4057,707,872
12919,2202,2860
15034,2545,3269
9196,1575,2248
2741,462,570
1576,258,311
1546,249,306
7818,1311,1822
3449,573,685
3829,640,861
3051,521,684
3808,642,858
3947,666,850
9116,1536,1921
4482,775,989
2583,438,577
2725,435,564
10410,1763,2106
2896,474,609
25182,4301,5502
4817,836,1041
3117,506,631
8950,1583,2151
10163,1690,2226
4592,755,1006
752,125,156
2820,458,675
6750,1169,1469
3471,586,795
18926,3361,5010
1483,249,355
958,166,212
821,144,174
31697,5348,6819
1045,188,235
6315,1082,1387
1502,265,338
3476,577,757
8242,1455,2083
933,161,185
2260,399,549
532,88,102
2015,332,481
5242,899,1178
4545,747,978
670,113,173
1067,187,261
3394,599,821
2266,384,563
1797,276,408
48786,7984,9780
27772,4848,5959
4715,807,1131
25601,4362,5563
43440,7220,9031
965,168,208
1699,305,362
4843,801,989
2801,466,599
131104,22179,28660
376,57,76
5194,906,1286
15791,2575,3167
6224,1089,1306
15137,2698,3784
7355,1254,1597
4226,692,945
13424,2295,3035
2073,339,412
23365,4015,5300
1175,199,276
737,136,163
867,149,190
19302,3239,4208
2746,471,616
1528,247,299
9874,1706,2154
16102,2697,3572
15979,2603,3296
12274,2052,2634
7320,1283,1870
3833,654,809
4086,699,890
18283,2999,3938
15179,2561,3286
17163,2898,3602
30190,5137,6464
17514,2898,4074
18313,3140,4133
9256,1624,2089
8883,1564,2022
13439,2355,2975
9909,1721,2172
9418,1600,2153
11420,1933,2423
10291,1820,2527
12656,2167,2903
10887,1898,2420
46859,7847,10058
12850,2171,2761
37907,6603,8489
16672,2803,3720
19793,3459,4117
2274,368,477
14251,2505,3069
3274,548,724
22395,3809,4765
2191,362,459
3011,518,688
13733,2310,3019
15153,2617,3411
1592,285,336
3107,549,705
3426,552,688
2719,461,613
21683,3798,4887
30005,4828,6113
257,44,70
6797,1175,1497
2201,391,441
19250,3276,4226
8423,1399,1838
32974,5515,7312
18730,3107,4098
142834,23870,29361
38265,6447,8777
8982,1593,2134
14243,2460,3296
1790,308,380
2309,387,527
21911,3561,4621
26382,4362,5343
17554,2972,3697
12380,2111,2933
49082,8366,11278
1689,278,375
23337,3962,5164
8319,1435,1801
4337,747,1041
7758,1357,1845
726,118,159
9660,1609,2336
42517,7247,9258
28447,4935,6854
12933,2269,2961
3633,626,814
20413,3418,4317
20658,3452,4669
19372,3253,4201
19702,3347,4329
16015,2645,3222
3417,569,699
88484,14212,18439
14627,2451,3184
15189,2557,3427
15881,2627,3549
2593,430,658
810,134,154
13989,2406,2979
2412,408,526
20858,3559,4706
844,143,165
17832,3026,4053
1447,240,300
2307,390,528
1301,208,285
22297,3874,5047
1237,200,308
7377,1240,1691
13786,2338,3146
12886,2178,2846
32099,5433,7105
14108,2439,3583
13514,2293,3008
16063,2811,3501
14042,2436,2981
21682,3638,4539
8711,1443,1902
5081,879,1145
20036,3101,3944
7698,1344,1892
16282,2827,3834
6142,983,1228
1374,238,304
5883,950,1219
1576,255,368
717,118,155
2042,341,437
8998,1478,1980
95636,15923,20009
12784,2191,3050
4884,817,1105
11692,2046,2580
15657,2692,3448
881,154,236
1703,275,367
726,118,159
7764,1308,1607
4789,825,981
6749,1169,1597
7474,1253,1700
27752,4562,5898
31125,5262,6963
4505,781,1005
1672,264,318
16945,2952,4404
16234,2755,3514
9015,1534,1891
9238,1577,2075
3618,611,802
823,143,192
42923,6896,8520
685,108,135
1408,222,305
23207,3962,5059
36065,5809,7615
2650,449,605
56141,9024,11993
301,48,63
911,157,209
36058,5980,7275
18213,3200,4062
12147,2061,2596
19644,3345,4163
68503,11232,15255
42141,7086,9127
34158,5900,7696
925,158,192
48655,8383,11050
21765,3804,4930
15534,2548,3347
1942,349,446
24671,4183,5435
15963,2609,3458
693,105,132
1039,170,221
1282,219,302
28873,5023,6157
39369,6799,8610
9549,1623,2086
23096,3861,4860
13734,2361,2962
3715,636,738
12370,2102,2714
1103,189,234
235,43,56
235,39,56
728,122,147
2144,357,494
2557,444,585
5166,894,1066
20478,3597,4419
856,147,186
28865,4703,5568
4643,818,1001
18020,3042,3740
6106,982,1227
127667,20708,26525
20987,3414,4242
44635,7387,9645
83832,13726,17712
1592,281,366
1498,257,338
20430,3600,4492
5746,959,1240
351,59,80
723,119,174
1376,220,302
11633,1908,2444
1084,195,255
1090,192,251
13892,2384,3125
16017,2760,3757
7092,1188,1586
9285,1569,1992
1594,269,345
12500,2119,2589
13507,2313,3013
15520,2471,3076
599,109,129
12106,2009,2650
43345,7219,9142
37161,5908,8086
605,104,120
8666,1482,1815
20811,3506,4981
22469,3722,4711
28306,4679,6018
29077,4902,6245
32847,5395,6656
9753,1651,2086
10111,1696,2162
3109,537,632
5661,946,1093
3002,501,657
2546,420,560
4703,798,1028
2569,439,510
4798,772,969
6186,1036,1372
4914,810,1020
1260,237,306
5111,824,1010
7973,1370,1744
8325,1443,1809
1497,245,291
5134,865,1117
6385,1093,1466
14730,2617,3226
17193,2915,3912
19727,3262,4196
15065,2583,3376
14797,2444,3359
10367,1732,2242
2571,430,648
17318,2789,3676
23133,3876,4891
6073,1051,1357
14376,2422,3027
1595,282,345
8543,1502,1919
3942,668,896
6336,1101,1374
14321,2425,3345
15411,2631,3433
6008,1012,1288
18925,3185,4137
16037,2696,3578
20012,3459,4490
22781,3936,5027
16402,2799,3656
8244,1428,1888
11547,1995,2460
839,139,196
8385,1368,1670
39782,6471,8423
4546,786,1035
15104,2616,3281
1038,169,213
824,150,187
19000,3321,4238
108102,17722,22158
17631,2998,4235
11518,2014,2676
7095,1259,1603
26438,4460,5708
30798,5320,6557
2387,401,559
13512,2304,2951
29095,5072,6306
9984,1729,2198
8971,1540,1979
10931,1852,2485
89423,15289,19194
336,57,72
15326,2529,3588
31429,5060,6120
21385,3491,4818
2046,340,404
21750,3663,4439
18213,3080,4001
15631,2649,3344
9266,1590,2135
7485,1260,1682
7514,1186,1505
1645,277,354
2011,365,486
1252,232,276
19962,3301,4272
90,15,22
9819,1638,2256
21043,3655,5184
22959,3925,4991
17430,2976,4074
24215,4207,5256
12840,2265,2982
1646,295,365
3190,553,693
11422,1912,2260
17274,2977,3712
1083,177,226
21633,3747,5013
23402,3634,4649
23018,3892,4897
29933,5172,6576
29084,5046,6294
32529,5285,6881
30874,5179,6720
23533,4123,5109
29183,4840,6234
36617,6511,7859
877,152,205
12465,2079,2572
2099,348,442
27745,4503,5537
767,125,162
905,149,204
19259,3102,3795
21278,3609,4562
18087,3121,4282
868,145,177
13324,2311,2907
29516,4952,6042
24554,4135,5161
16411,2812,3438
17798,3066,3967
15106,2607,3262
18081,2970,3768
580,97,153
654,108,181
7480,1250,1588
1456,259,314
2220,385,545
667,111,139
1296,212,279
20528,3567,4349
15607,2667,3218
1603,280,341
16567,2793,3550
11193,1830,2220
2695,461,566
729,125,173
3346,579,653
674,115,145
767,131,158
511,74,138
11827,1944,2393
6412,1080,1443
20096,3367,4047
12853,2160,2589
6825,1149,1558
6110,998,1263
25953,4398,5619
9094,1548,2041
2102,353,423
4559,780,968
7566,1198,1708
12048,2046,2615
7269,1233,1542
30742,5336,7034
25742,4406,5645
40948,6969,9525
44035,7262,9353
43003,7314,9332
18738,3107,3880
15414,2539,3465
463,78,108
16793,2785,3692
463,79,96
1638,279,360
1455,231,293
3984,681,828
10157,1711,2325
1989,323,439
29325,4876,6138
1828,288,422
39043,6602,8593
4979,839,1063
127323,21472,27256
2250,374,444
24844,4143,5336
15262,2542,3300
11545,1965,2578
10254,1743,2169
27723,4733,5952
11843,1978,2599
9177,1580,2140
20539,3520,4398
19080,3223,4049
3458,548,840
17109,2773,3619
10145,1699,2355
11221,1866,2461
1000,162,199
6594,1114,1376
2036,341,473
29403,5112,7024
6038,1034,1361
4997,830,1006
50577,8564,11573
30074,5248,6781
9196,1628,2067
3538,622,814
8607,1314,2049
18474,3128,4042
7155,1188,1519
949,163,208
1845,328,423
17758,3059,3744
49883,8570,11121
440,73,92
1506,258,357
22928,3779,4870
8007,1317,1759
18548,3255,4207
6461,1114,1444
3959,632,799
1940,324,433
1287,221,300
37640,6331,8093
7664,1263,1770
12894,2077,2650
3277,559,794
18826,3108,3878
704,117,176
30475,5127,6177
9680,1630,2158
5927,990,1331
9025,1579,2059
1957,335,457
8589,1532,2021
22923,3917,5180
68339,11575,14706
9765,1659,2190
10912,1854,2479
13013,2216,2806
37806,6331,7701
236362,40843,52420
706,122,156
17443,2867,3832
120752,20686,26250
25044,4254,5422
19868,3362,4347
10783,1824,2479
22016,3765,4993
4768,779,1108
18024,2867,3880
1954,330,500
51891,8219,11370
14853,2463,3344
6534,1109,1353
13866,2274,2887
36845,6243,7879
9543,1610,2073
1680,298,357
10946,1873,2455
2904,484,675
30522,5178,6626
7818,1301,1776
9729,1686,2109
14523,2490,3206
6732,1136,1376
8366,1394,1842
14344,2375,3022
24959,4136,5526
11258,1914,2545
10133,1706,2161
1934,329,425
4874,860,1140
585,91,116
15315,2539,3298
17358,2990,3968
680,108,172
16481,2770,3667
7799,1337,1640
20600,3651,4937
8039,1429,1851
7895,1288,1733
11454,2041,2671
8079,1341,1759
40496,6724,8287
11463,1879,2331
19691,3404,4369
25583,4454,5493
13401,2370,3207
53547,9102,10829
7539,1243,1715
15918,2720,3511
8431,1445,1921
968,162,257
18579,3169,4033
1103,202,252
1641,272,351
1106,182,290
11180,1898,2503
25985,4285,5407
2738,468,575
12089,2098,2665
16970,2768,3811
67118,11217,14233
41638,7004,8353
11869,2009,2588
15021,2478,3234
100226,16522,20841
9015,1454,1835
3222,530,668
3268,585,685
2418,435,569
1130,178,281
7896,1413,1782
11298,1888,2428
28137,4679,6121
19832,3240,4016
132584,22836,31205
1818,294,421
1816,311,385
498,84,107
11567,1926,2360
158781,26106,35030
2264,375,494
93691,16081,21553
6615,1112,1392
15822,2656,3333
12365,2094,2683
87380,14340,17996
131530,22470,30201
132190,22414,29739
27950,4871,6287
17710,2971,3841
7600,1256,1731
43567,7265,9279
72164,11724,15202
14626,2409,2908
17170,2915,3694
22321,3850,4842
8327,1411,1888
19088,3370,4259
4427,762,978
353,64,75
1324,231,315
13249,2170,2770
11847,1985,2769
53809,9068,11640
507,79,132
10963,1844,2420
25303,4110,5408
2983,503,700
828,134,172
3521,599,777
1366,219,305
3082,506,705
17401,2865,4045
60577,10130,13869
17762,3026,3979
5586,952,1245
9107,1482,1940
15336,2590,3125
848,141,194
2079,346,454
723,130,150
763,130,159
12810,2140,2817
23893,4087,5374
1884,338,446
17081,2874,3933
8261,1320,1885
1460,240,339
11704,2070,2705
6989,1203,1583
38172,6454,8040
3017,524,668
10058,1700,2274
29004,4690,5774
8167,1383,1653
9397,1560,2045
2318,398,494
15804,2630,3230
23585,3981,4851
1155,198,276
40500,6536,8179
1468,263,330
30540,5108,6581
19378,3251,4329
13252,2260,2919
7923,1324,1652
30918,5011,6572
68339,11245,14221
570,99,115
824,140,176
3525,604,783
17525,3002,3786
13899,2407,3383
98234,16497,20797
12128,2000,2784
7632,1265,1708
8316,1398,1708
8149,1430,1774
23608,4008,5049
21382,3710,5018
2839,500,690
10815,1796,2369
3057,501,631
11012,1847,2433
56626,9795,12077
8448,1397,1966
18929,3165,4199
17904,3059,3831
19183,3123,4343
59678,10063,12556
2885,471,625
11713,1916,2379
40181,6524,8078
13182,2255,2848
36425,6178,7771
2711,485,589
35244,5634,7239
4755,793,1110
2289,396,528
3257,518,663
6772,1113,1488
32873,5620,6984
13782,2279,3031
26125,4426,5784
17943,3009,3844
8888,1488,1978
18727,3233,4075
3007,511,637
19409,3186,4108
38498,6697,8703
25434,4182,5410
1553,253,350
11204,1922,2587
4710,812,979
34568,6062,8076
22996,3915,5171
2996,500,638
3848,617,791
2262,384,478
19517,3319,4239
6484,1105,1464
18513,3107,3906
10344,1747,2367
3788,659,835
43767,7376,9852
5137,893,1176
547,94,117
6677,1149,1486
796,132,169
866,143,206
24022,4142,5374
8711,1511,1999
15972,2685,3684
1230,213,293
3518,584,794
8196,1323,1747
23054,3835,4952
17977,2965,3650
6456,1036,1458
4860,801,1074
3674,629,841
16333,2738,3542
9490,1632,2327
4404,750,958
4378,732,936
122129,20885,28508
12137,2102,2671
49879,8453,10571
6090,1016,1383
32850,5670,7024
40140,6674,8317
7394,1260,1574
9203,1532,1916
15764,2563,3588
1763,304,485
4602,779,1068
19558,3259,4139
25373,4235,5480
17349,2971,3752
5168,883,1174
2500,430,509
1416,237,343
4221,694,874
1971,334,400
2518,410,549
4454,739,954
29383,4989,5930
5682,982,1276
4951,834,1015
2900,478,658
6885,1173,1543
33731,5792,7403
2045,372,450
9885,1575,2135
4210,710,852
24416,4218,5438
235,38,57
227,39,52
27656,4644,5821
13838,2360,3062
30769,5177,6724
4963,834,1024
3985,695,909
6908,1159,1589
1883,296,401
6404,1095,1388
25454,4263,5709
3862,626,824
13625,2311,2893
66056,10649,12907
4848,861,1051
14495,2396,3085
5750,973,1217
817,147,318
865,148,196
18409,2895,3902
4210,739,901
30051,5039,6128
23296,3897,4866
2170,378,461
28541,4967,6387
4382,768,988
38409,6595,8117
19556,3344,4182
21154,3645,4573
2195,373,509
4606,742,943
2669,458,546
2858,476,559
53934,9099,13143
2508,438,570
1433,246,324
1461,249,310
21051,3718,4741
34792,6173,7565
6956,1204,1542
1016,163,208
6275,1087,1400
31521,5206,6815
10819,1841,2350
2192,370,471
9272,1562,2016
20945,3577,4650
39350,6688,9068
3334,584,711
7010,1213,1461
9521,1615,2227
3094,507,733
989,174,226
11850,2116,2550
88815,15095,18696
6434,1084,1334
7619,1212,1525
7053,1201,1529
42127,7110,8778
30472,5137,6359
12559,2233,2670
5501,928,1190
1419,259,299
65774,10735,14032
45353,7745,10127
1963,328,449
13217,2234,2881
8786,1453,1927
28876,4879,6101
7721,1303,1595
6409,1108,1413
5115,867,1286
5831,923,1141
7707,1317,1738
3882,657,899
9377,1628,2190
5314,915,1170
4171,699,848
46541,7714,9968
2762,458,552
1999,346,493
4886,810,1071
1882,321,387
43054,7172,9659
5401,949,1167
19401,3298,4068
497,90,112
1861,294,423
8058,1352,1747
749,121,179
34199,5996,7884
1049,181,253
13626,2330,3046
5755,959,1302
5859,995,1221
1631,282,359
24154,4173,5178
2439,408,527
24903,4315,5332
20577,3513,4161
8427,1407,1731
12856,2250,2881
40790,6971,8639
9312,1512,1854
4195,694,912
1271,223,300
23495,4010,5295
1970,319,401
2249,374,450
11303,1906,2287
8936,1456,2065
12986,2127,2592
35686,6180,8078
10557,1792,2432
10387,1768,2378
5349,888,1138
4346,729,1003
4420,743,1094
2418,395,517
5554,913,1227
8643,1469,1961
11477,1872,2487
13765,2237,2783
5090,843,1008
7869,1332,1722
35962,6370,9511
38642,6629,8195
21207,3459,4342
536,91,112
9136,1518,2010
1095,190,239
2163,362,503
5396,867,1120
26968,4458,5933
2051,365,481
14516,2444,3019
1324,226,315
1483,259,324
15533,2702,3359
5582,908,1461
21236,3638,4473
37306,6170,7968
12656,2176,2877
1290,227,309
14620,2261,3333
28444,4729,5910
1608,265,396
20630,3397,4819
5813,982,1292
1460,252,335
8104,1403,1786
27199,4500,5501
16887,2762,3552
33734,5635,7156
10956,1870,2445
6875,1120,1626
3835,683,867
667,113,152
2836,486,674
1613,265,375
1395,239,335
17170,2931,3457
10512,1823,2279
19179,3052,4020
24343,4080,5145
3083,543,680
5634,971,1263
24717,4098,5468
6137,1066,1299
17377,3078,3925
3873,676,882
8959,1486,2079
5814,953,1324
29519,4884,6793
12405,2097,2738
8356,1401,1882
2452,419,576
7658,1290,1759
530,95,118
6629,1100,1494
6241,1036,1334
22653,3755,4625
16691,2840,3655
1836,290,371
12758,2183,2635
12656,1990,2669
2440,410,552
9725,1645,2111
22901,4080,4961
21356,3473,4217
5543,972,1319
3845,643,891
18848,3149,4562
4141,710,885
1233,210,258
9157,1454,2033
27473,4471,5501
1517,253,316
31089,5109,6326
41391,6905,9023
14537,2464,3188
12716,2236,2821
18048,2990,3793
9230,1585,2057
18589,3074,4013
22640,3844,5164
7290,1251,1722
26193,4180,5482
2412,404,493
21526,3769,4823
13474,2304,2784
15418,2609,3359
4030,663,898
8469,1512,1962
3586,581,769
8111,1411,1937
20902,3473,4606
40092,6560,8975
3725,617,829
15645,2657,3218
23663,4028,5309
16313,2817,3560
6714,1114,1351
1329,243,342
42602,7191,9837
3193,546,858
2021,324,778
17106,2889,3702
6505,1052,1325
2183,348,486
50808,8597,11314
17141,2916,3700
3913,624,780
18068,2971,3648
14512,2446,3111
30412,5122,6698
14955,2578,3099
57285,9517,11889
11851,1944,2569
17946,3090,4025
8694,1421,1811
3079,517,681
23241,3826,4900
3867,604,872
19940,3286,4126
26482,4630,5734
7290,1278,1611
15887,2902,3664
59617,10272,13371
1863,324,404
1634,281,359
1438,244,293
3873,664,860
2394,396,530
12341,2088,2725
22636,3921,4897
6035,946,1357
12528,2166,2659
629,106,123
14650,2493,3011
13506,2308,3028
19167,3281,4233
2240,374,531
8852,1496,1922
17002,2878,3881
20439,3332,4504
32049,5320,6503
5139,852,1133
7105,1192,1567
9048,1542,2038
11698,1976,2695
1351,221,272
17484,2868,3906
4767,814,1056
11772,2081,2637
18460,3070,3858
9806,1630,2057
2765,468,549
99211,16508,21606
3629,609,781
5178,911,1171
12280,2075,2934
11470,1869,2684
27685,4754,5935
19088,3147,3913
12001,2056,2489
1455,258,313
17521,2978,3930
6346,1110,1488
4669,792,1073
15091,2584,3299
4009,701,930
8183,1406,1848
12328,2108,2570
10311,1773,2328
17058,2938,3848
25758,4407,5406
3212,548,733
5234,873,1176
5319,895,1095
1041,151,231
12067,2041,2629
8543,1405,1906
3505,559,833
3744,658,822
8879,1505,1902
9088,1528,1798
9305,1610,1975
7893,1384,1700
10397,1699,2265
20894,3619,4579
39519,6736,9471
22513,3726,4622
9460,1440,2014
2814,446,596
1904,329,454
2602,427,652
1139,201,267
1054,177,251
1263,196,249
12994,2171,2807
15774,2567,3402
3312,568,689
1769,325,419
3758,639,758
17600,2995,3571
44739,7375,9182
2126,358,480
5094,911,1286
2500,452,544
10098,1739,2300
34117,5790,7273
15855,2844,3483
11128,1889,2436
4035,701,882
797,137,192
1305,215,243
1509,260,321
3443,576,708
8619,1490,1978
9552,1635,2119
3589,596,781
21481,3489,4673
4626,815,1096
2086,362,476
4476,733,985
6133,1010,1452
5224,894,1130
16858,2870,3574
4039,702,938
3157,529,687
7019,1198,1583
4432,737,973
4888,802,1030
860,147,182
11975,1982,2480
8900,1437,1962
19017,3127,4131
1348,224,279
563,83,137
1293,208,280
3616,604,808
3158,530,694
2944,470,611
3394,566,724
649,115,138
8894,1549,2051
19010,3247,4211
30145,5144,6615
34919,5826,8041
5644,961,1258
9645,1708,2069
8115,1353,1656
7893,1352,1706
25512,4084,5093
937,157,220
2222,370,473
2618,444,595
5139,881,1078
10136,1790,2238
8466,1433,1894
10055,1711,2236
9658,1671,2280
8195,1369,1862
12508,2112,2543
10550,1833,2277
969,171,214
1131,190,240
6397,1076,1339
11657,1875,2907
12896,2177,2846
20335,3459,4731
19118,3224,4078
10223,1762,2250
13058,2276,3021
513,91,120
11908,2047,2914
14677,2541,3163
4103,648,888
12264,2030,2540
23105,3885,4951
46623,7833,9636
12947,2118,2686
31039,5205,6451
15070,2496,3117
8414,1401,2035
16293,2776,3309
13501,2315,2826
13785,2324,3163
2404,449,541
10102,1730,2205
16901,2918,3690
11935,1973,2650
12105,2088,2685
29537,4819,6093
40416,6929,8850
30841,5075,6438
12188,1991,2700
17939,3094,3880
10017,1721,2236
7572,1317,1675
14716,2466,3073
8585,1496,1956
11375,1903,2400
33879,5527,6669
9695,1657,2173
989,167,237
22948,3637,4552
6884,1167,1397
2932,497,611
24315,4130,6133
1909,333,411
13513,2317,2903
2643,432,509
29325,5057,6112
24974,4178,5169
808,144,186
1168,205,283
961,167,201
10006,1717,2186
7404,1275,1553
1205,205,246
910,161,195
26017,4420,5533
16666,2976,3949
1219,197,289
1655,272,328
18871,3248,4225
1253,202,281
20349,3492,4407
13651,2363,2975
11406,1935,2450
7755,1342,1832
13952,2392,3237
71109,11792,15121
48829,8520,11010
27093,4556,5744
7387,1272,1679
22336,3859,4574
10704,1801,2323
6808,1209,1564
7402,1276,1685
1437,256,311
6854,1189,1597
1061,181,239
17867,3034,3758
1097,183,232
5535,915,1334
7243,1200,1573
14141,2452,3178
14054,2354,3090
14601,2461,3345
27287,4618,5924
2347,384,467
21311,3387,4208
14403,2397,3237
14860,2509,3176
19145,3238,4047
8509,1482,1977
4571,773,971
8155,1355,1772
14999,2526,3519
1427,242,331
1746,284,349
6170,1024,1355
3419,590,754
424,68,84
9504,1625,2009
1705,303,389
17338,2823,3376
9464,1616,2050
15587,2575,3176
1503,252,299
17918,2989,4183
12755,2182,2687
1004,168,216
18516,2952,3856
13787,2401,2941
13551,2234,3132
22045,3801,4667
1520,264,347
10273,1624,2213
1206,210,260
2794,467,679
1183,189,259
16080,2496,3477
8847,1527,2027
14179,2453,3168
17647,3045,3663
6735,1092,1455
4830,830,1063
1159,197,249
23952,4124,5124
83688,14494,19425
10940,1895,2405
1022,171,239
16300,2823,3656
20238,3549,4837
7927,1324,1652
44865,7640,10617
2053,341,461
32039,5029,7582
4233,716,949
2314,396,478
27741,4516,5699
1122,194,271
1786,310,365
10560,1799,2340
3973,697,899
15458,2691,3372
7386,1258,1618
7124,1223,1598
40267,6822,8469
53429,8588,10792
24832,4343,5929
11851,2073,2691
15575,2675,3388
6432,1065,1528
23435,3654,4793
17730,3072,3694
11746,1916,2495
16930,2879,3748
895,149,208
12337,2017,2563
3738,629,766
37940,6469,8591
16769,2841,3616
13230,2257,3082
1245,227,272
9645,1568,1962
671,110,147
1771,290,407
8136,1404,1789
9090,1587,2002
4551,754,1041
9015,1513,1849
8443,1469,2061
35013,5881,7413
11079,1893,2357
25341,4233,5166
339,61,81
5583,946,1210
8615,1446,1914
6981,1161,1585
19041,3108,3876
3916,608,946
6259,1062,1326
27807,4593,5898
58314,9738,12267
17444,2971,3698
181781,30548,39052
1542,273,343
1528,259,309
891,155,190
15019,2527,3105
1728,304,379
2783,475,615
930,153,197
2159,357,509
1305,232,297
192,31,57
601,101,145
340,62,85
9857,1632,2081
8952,1524,1969
20436,3437,4883
24012,3952,5294
9571,1515,1884
46312,7480,9753
30032,5068,6647
6942,1130,1413
1201,197,280
5718,984,1280
3227,521,689
11971,2014,2666
4176,681,900
9911,1691,2139
6667,1099,1419
15442,2649,3328
30277,5125,6248
14720,2491,3179
5765,1016,1315
4391,719,851
10386,1839,2534
3296,563,708
6645,1093,1510
6537,1148,1420
15091,2624,3142
1453,251,304
30146,5076,6093
1876,315,397
3184,501,611
5375,859,1177
1045,180,234
5076,835,1092
7871,1334,1551
54155,9172,11697
29389,4944,6451
76169,12933,17042
44864,7513,9493
9915,1697,2164
2407,403,509
4602,785,1081
9732,1664,2164
20791,3530,4830
3656,620,804
8853,1454,1891
3393,575,728
18892,3088,4010
8282,1395,1914
11595,1926,2526
3072,530,662
9249,1585,2167
9886,1688,2184
23190,3976,5113
6850,1191,1579
20439,3465,4230
1341,208,276
20174,3540,4504
633,108,151
4878,785,1038
25687,4431,5497
31297,5411,6575
7627,1324,1738
18549,3139,4236
31592,5421,6965
7118,1241,1643
27859,4849,6112
36711,6217,8027
6345,1071,1457
2593,432,535
1006,172,244
1736,292,419
2148,348,447
22249,3861,4748
5544,932,1167
1724,297,394
12796,2045,2639
3808,616,815
1458,252,303
9618,1652,2152
979,170,219
4803,783,997
19081,3079,3865
5092,838,1068
23405,3936,4789
135,19,42
883,149,213
10006,1641,2005
17663,2994,4014
530,93,122
623,99,144
1929,324,410
3043,511,629
4548,768,881
18080,3004,3974
19816,3221,3977
14855,2490,3290
2453,405,511
5421,917,1154
9697,1464,2059
55983,9433,12013
5049,830,1045
3286,531,755
2557,421,559
4750,793,1066
1508,255,319
8695,1446,1905
2722,472,578
2604,433,628
9223,1534,1999
3361,584,771
38712,6497,8803
430,74,106
8007,1407,1722
5809,962,1231
16940,2905,3798
25283,4250,5368
24348,4040,5296
16817,2922,3601
1359,234,319
584,99,135
2202,365,485
572,95,119
772,133,162
12780,2175,2898
3865,629,889
14912,2510,3215
13166,2230,3033
16245,2757,3534
61920,9725,12809
94155,15292,18424
32775,5580,6881
2080,348,431
6392,1119,1364
2658,443,618
15656,2645,3448
7711,1332,1686
14380,2427,3378
7902,1359,1741
8652,1508,1945
889,154,212
1697,262,469
2890,497,620
392,68,98
1599,252,327
2013,329,447
12370,2149,2611
2134,369,455
15202,2627,3284
20235,3540,4418
39024,6687,8217
1137,193,260
18454,3093,4058
2932,502,675
40685,6786,8523
25893,4384,6149
3139,536,744
22843,3809,4828
1117,190,242
537,90,114
48559,8339,10107
27804,4772,6186
649,107,166
928,162,194
5827,978,1276
1934,334,433
15462,2514,3151
13144,2206,2690
23708,4207,5815
2569,433,590
4908,810,1080
9837,1740,2157
5788,896,1272
36419,5887,7971
2267,396,466
6323,1063,1511
1676,291,377
1408,254,285
25305,4321,5528
66089,11059,14623
2314,390,475
7413,1209,1706
2396,408,553
3162,528,783
13517,2258,2900
5513,940,1200
9710,1658,2062
8801,1469,1783
3345,570,738
3093,491,656
3553,593,804
2374,399,509
1921,334,441
3944,664,945
9457,1575,2011
476,82,97
2084,366,477
704,123,157
2155,368,485
4457,740,907
8850,1502,1932
28513,4629,5669
28711,4721,6131
24361,4207,5254
10749,1803,2332
14169,2615,3459
13244,2267,2919
6438,1045,1471
47868,7875,9971
1457,259,333
706,119,141
1730,281,393
452,79,97
7029,1212,1551
913,158,201
2285,396,545
38036,6442,8200
7775,1323,1780
1405,210,284
1000,170,212
1063,165,234
5054,847,1068
3937,619,876
1609,283,351
14789,2520,3221
6224,1051,1354
7954,1364,1682
4968,824,1126
14564,2389,2902
12333,2118,2698
23288,3934,5417
26702,4200,5571
16521,2833,3715
7690,1296,1617
33164,5626,7262
7127,1230,1575
13205,2291,2836
13472,2256,2993
43263,7386,9324
6200,1022,1421
11989,2048,2744
5042,890,1226
2651,436,550
1663,259,352
348,61,84
1831,300,399
307,49,66
13763,2346,2966
2330,398,478
1192,196,256
3069,520,689
19924,3467,4891
80875,13259,17510
1912,314,445
12158,1992,2789
3855,625,778
12232,2102,2593
154,25,37
1447,234,315
3013,517,694
20705,3602,4673
6864,1167,1515
9580,1525,2062
18734,3263,3965
1083,184,264
483,77,100
2258,387,526
1098,193,232
3264,555,696
915,156,209
2313,395,501
24879,4151,5328
23314,3947,5020
1725,301,377
1273,216,291
9307,1522,1878
17866,2782,3708
20805,3494,4440
14406,2507,3278
20337,3467,4224
17543,3011,3668
12798,2151,2644
7924,1298,1747
9091,1522,1789
11401,1960,2636
42877,7087,9167
43700,7305,9430
19263,3281,4110
34964,6027,7737
14167,2399,3094
6431,1061,1341
6431,1061,1341
19346,3230,4067
1879,308,390
1801,280,377
14756,2452,3429
7152,1221,1646
6473,1068,1358
6454,1066,1355
2345,400,503
10128,1710,2237
2028,335,442
5481,864,1218
836,126,166
1136,191,252
13314,2277,2964
6431,1061,1341
53505,9097,11783
52733,8779,11286
2677,463,561
1124,190,234
2472,428,539
928,158,212
5195,854,1153
356,57,80
19593,3307,4115
16770,2906,3650
31615,4996,6056
3098,540,747
44597,7245,9812
16871,2892,3920
16634,2803,3666
1120,197,225
1772,288,399
31616,5247,6412
1562,266,387
5308,880,1190
1081,184,216
1763,298,379
1120,178,287
3245,535,647
2975,506,715
3819,642,839
27514,4683,6025
14497,2496,3082
5272,864,1026
3334,557,692
2691,444,555
41305,6842,8604
20841,3568,4388
829,147,183
40662,6888,8909
9684,1679,2188
10704,1837,2349
11996,2034,2433
14713,2479,3158
6331,1063,1394
12223,2097,2646
49172,8387,11043
19099,3293,4188
9617,1676,2075
26204,4447,5585
20723,3302,4965
47504,8211,10230
8945,1545,1924
673,126,165
22500,3892,4987
20703,3417,4316
7144,1172,1437
4466,764,995
11992,2087,2893
7155,1238,1627
10662,1789,2329
25847,4397,5457
33843,5562,7225
6361,1084,1351
24668,4065,5248
2441,424,527
14318,2356,2961
14844,2402,3202
28375,4814,6477
14982,2574,3420
20732,3588,4543
51515,8496,10831
9536,1665,2174
12060,2046,2465
2292,375,463
848,136,177
42606,7382,8716
4235,692,845
9741,1638,2186
2905,483,710
11360,1907,2502
6412,1081,1391
16232,2833,3537
1001,162,259
2733,427,593
37511,6336,7909
12073,2059,2707
2396,410,528
2828,464,626
3485,607,722
2857,469,642
1017,174,216
3562,594,750
1589,270,339
14482,2356,3051
5772,941,1253
9536,1598,2041
2789,467,626
6061,1078,1431
2585,449,599
2170,368,453
13332,2339,2868
1064,186,233
38207,6587,9063
48980,8274,10565
30224,5096,6291
2831,477,618
28231,4705,6091
1306,209,310
1553,259,313
938,148,186
6943,1179,1434
1433,242,322
1046,166,197
570,92,139
1230,204,276
23118,3776,4775
825,141,204
10884,1893,2437
3136,541,717
3393,571,752
44918,7668,10446
2942,487,601
404,71,90
340,56,69
522,92,119
2626,439,578
1375,226,286
3019,510,612
15076,2598,3538
13806,2250,3002
3352,582,694
2782,488,611
2653,457,574
592,105,140
6177,1070,1405
511,87,110
3460,593,781
4551,754,891
1055,172,212
3456,574,700
6955,1155,1483
28679,4829,6514
50072,8759,12090
1254,224,303
35421,6030,7916
51941,8915,11701
1052,187,220
454,81,102
7166,1209,1555
4889,803,1038
3857,676,847
1686,280,354
19235,3282,4627
5239,856,1173
16714,2940,3870
37990,6567,8612
3726,643,828
6665,1128,1484
1006,178,215
17020,2936,3547
2937,490,770
14712,2351,3062
4010,661,905
5895,1002,1282
13025,2268,2956
4438,746,1053
9692,1665,2158
1046,174,270
871,145,187
2000,356,457
5872,979,1258
1411,233,305
4134,730,939
15033,2535,3215
11018,1847,2368
18332,3155,4152
391,64,94
209,38,52
41257,6948,8506
5074,842,1073
4017,697,954
5324,852,1094
562,93,116
6364,1081,1365
1726,299,390
5722,1008,1210
311,50,80
1077,179,314
1140,202,283
2031,356,455
15213,2573,3425
13598,2332,2840
2523,420,525
25086,4267,5311
1218,197,253
6741,1137,1436
39429,6675,8240
778,123,159
96871,16325,20956
7822,1299,1626
4846,802,1082
4861,837,1042
6800,1142,1477
17493,2988,4164
5282,902,1056
2571,434,570
13925,2303,2891
1696,278,341
2324,394,529
13164,2223,2843
7612,1275,1866
4464,751,988
7714,1317,1749
11936,2027,2613
5000,841,1194
2831,488,629
3041,526,685
5715,973,1238
1577,271,330
2121,372,455
8150,1365,1659
3669,642,843
3295,562,774
6237,1050,1313
11642,2012,2581
2663,455,577
4874,814,1071
7561,1245,1612
39251,6216,8643
17122,2954,3665
10206,1778,2355
8240,1384,2010
5567,997,1183
3478,591,918
3445,567,709
6865,1186,1705
19367,3215,3911
13079,2241,2895
1288,222,281
14537,2466,3377
31816,5571,6776
17173,2871,4000
39395,6757,9354
63372,10395,13586
8141,1414,1812
4506,771,986
946,168,228
15657,2699,3493
18361,3223,4201
1954,319,458
16666,2831,3716
14450,2443,3126
32361,5511,7821
4557,784,1044
37391,6558,8391
14310,2494,3372
27843,4575,5843
12800,2151,2786
27702,4509,5844
11381,1971,2507
28412,4516,5482
14250,2415,3191
9172,1601,1961
17973,3182,3865
18169,3091,4018
6345,1070,1489
36447,6118,8018
12238,2108,3072
1342,231,271
21020,3643,4666
1236,215,307
3917,626,835
21931,3770,5072
15058,2589,3362
13617,2311,3036
38041,6390,8142
20770,3344,4317
45831,7707,10017
48839,8244,10738
38156,6429,8263
47861,8232,10366
76335,12591,15171
27128,4531,6489
347,58,82
48278,7935,10295
13032,2181,2782
6506,1099,1392
8378,1383,1736
154795,24899,31514
9159,1483,2154
17800,3078,3810
10232,1830,2368
20598,3454,4620
14221,2472,3047
32332,5298,6624
1680,281,385
32135,5459,6968
20062,3327,4109
15018,2500,3322
4013,622,1056
7512,1230,1690
36559,5898,7848
30403,4947,6353
37406,6193,8261
9883,1699,2214
27173,4656,5594
4860,849,1190
4575,819,1023
51743,8510,10354
32516,5513,7095
12137,2010,2590
15279,2627,3168
24082,4089,5173
39636,6690,8583
8934,1591,1940
26014,4383,5564
11892,1954,2393
1464,239,413
1042,180,232
3233,565,754
871,143,201
80910,13590,17013
68134,11724,15140
2032,339,449
31028,5105,6677
38651,6309,8142
2886,468,624
35645,5991,7606
3252,540,697
33706,5448,6673
236,46,70
8521,1463,2010
6386,1065,1503
3789,653,880
3795,654,880
4103,729,927
23081,3757,4902
15807,2707,3377
38543,6201,8469
12682,2073,2605
4509,734,1021
8015,1410,1781
31466,5459,7177
19612,3320,4250
30779,5171,6460
13334,2077,2835
17245,3049,3761
2576,411,569
13960,2414,2965
14577,2505,3107
5643,890,1199
25321,4314,5357
16085,2650,3399
10850,1797,2565
11500,1881,2268
3649,615,893
17241,2802,3665
23182,3871,5466
2476,373,602
9850,1678,2147
15457,2575,3364
22839,3949,5003
11932,1987,2584
81445,13066,17800
35000,5759,7337
12992,2261,2817
23919,3951,5581
5121,832,1191
4685,810,1043
28279,4485,6854
62646,10529,13110
13280,2191,2672
18301,3088,4158
18667,3095,3972
55620,9564,12247
98716,16328,20490
3337,582,709
3060,514,824
1244,216,291
3666,607,781
23368,3928,5042
14784,2597,3336
88812,14790,19047
1542,259,384
38582,6572,8591
118361,19818,29047
19967,3373,4610
45284,7532,10413
8548,1425,1952
16409,2752,3731
18927,3296,4429
20539,3410,4164
2218,371,445
11754,2025,2572
10689,1902,2401
1272,197,274
12073,2036,2592
17359,2977,3727
45351,7261,10128
7223,1223,1585
708,121,199
1596,275,395
8617,1390,1736
47993,8073,10215
18357,3142,3923
14494,2395,2960
17246,2992,3950
12946,2197,2901
1827,305,392
17898,3055,4086
16434,2725,3669
21794,3717,4632
11351,1876,2468
3947,676,860
50054,8357,11210
810,146,172
28812,4958,6288
19883,3221,5011
4582,729,957
6325,1161,1428
6702,1124,1414
35677,5889,7478
14836,2477,3286
12239,2068,2735
9885,1579,2211
16277,2654,3662
40824,6674,8518
8736,1586,2174
15396,2602,3445
14436,2472,3389
23899,4100,5188
4538,723,945
5038,906,1099
37887,6225,7732
42715,6767,8965
34029,5636,6848
6192,1094,1415
9040,1575,1994
14325,2545,3388
23061,4113,5255
22231,3813,5114
34926,6130,7774
20949,3542,4882
32098,5758,7580
19499,3274,4194
727,129,173
1729,270,352
551,94,125
19033,3282,4193
32668,5382,6760
23026,3847,4722
5093,794,1122
35941,6196,7409
15868,2700,3824
2391,400,560
70508,12003,15319
72927,12429,15727
19055,3095,4226
62814,10776,14601
17199,2981,3801
4822,813,1008
12829,2145,2694
10270,1767,2355
33745,5707,6919
6479,1096,1685
10811,1902,2366
36755,6021,7560
8272,1325,1812
63775,10610,13414
28515,4924,5929
11151,1937,2485
18890,3103,3998
16011,2473,3256
5174,881,1161
35761,5848,7513
33191,5668,7306
10375,1802,2597
26173,4383,5558
35840,6104,7658
21852,3666,4789
9296,1541,1986
9837,1675,2238
6573,1027,1481
19356,3338,4085
8556,1474,1896
8521,1471,1865
2746,455,645
603,103,131
2123,329,405
1442,233,290
338,56,80
8788,1416,1787
68012,11196,13444
22923,3918,5164
16393,2668,3412
34299,5731,8813
74474,12615,15914
7470,1240,1665
11069,1880,2420
5326,888,1231
15057,2527,3176
10519,1756,2221
7346,1197,1564
22774,3907,4928
22890,3908,4992
20615,3603,4851
75,12,19
15435,2683,3360
26912,4515,5477
30410,5225,7191
28129,4679,6470
24120,4073,5278
24820,4292,5269
21406,3516,4582
9003,1530,1962
7241,1196,1518
16464,2764,3658
20228,3280,4055
22117,3778,4836
20355,3311,4485
22229,3869,4718
21334,3610,4430
18599,3061,4017
19856,3389,4503
40984,6849,8704
21256,3578,4968
975,166,209
13823,2321,3115
19772,3331,4521
8023,1373,1844
2706,450,630
17402,2942,3704
20288,3431,4446
27807,4414,5601
15637,2701,3860
8311,1439,1829
56804,9166,11456
18160,3013,3895
62765,10366,12922
5346,915,1247
15986,2806,3656
39683,6380,8657
8714,1469,1849
30762,4994,6423
28719,4900,6357
3604,627,855
5233,928,1176
20873,3746,4630
10186,1713,2296
1873,316,411
15441,2557,3227
113721,18108,23767
20821,3390,4553
42468,7314,9244
13068,2138,2631
34173,5459,7240
15280,2525,3208
8946,1445,1942
5903,935,1412
13672,2258,3041
32239,5474,6820
33930,5841,7021
40550,6684,8500
15651,2617,3382
5959,1038,1354
190,30,38
4738,782,1323
6248,1147,1339
4067,688,889
9217,1513,2105
14275,2424,3247
12766,2085,2991
20906,3587,4434
15430,2627,3395
41582,6850,8853
10128,1725,2096
7942,1317,1723
25990,4302,5683
9472,1486,1916
7218,1271,1823
11897,2058,2743
1573,265,366
35519,6039,7584
12385,2028,2514
12784,2252,2736
6809,1161,1455
1587,256,365
181048,30557,37975
12968,2182,2656
19214,3288,4111
13078,2238,2927
16526,2699,3520
36254,6027,7718
715,125,176
33245,5639,7091
25552,4084,5518
19906,3298,4289
7010,1223,1607
5587,938,1230
15414,2649,3332
17333,3076,3862
6414,1087,1640
13000,2168,2841
30598,4862,6106
2264,378,516
29837,4885,6100
14790,2551,3177
6401,1107,1506
1479,265,372
2997,499,608
9473,1629,2200
1366,219,297
5904,1016,1307
50657,8542,10951
27815,4804,5935
59178,9987,12532
15911,2642,3589
1095,178,251
8655,1484,1828
2848,472,664
25858,4440,5826
81954,13185,16942
14145,2412,2976
6279,1077,1421
10343,1735,2509
11287,1924,2379
16988,2874,3519
3642,590,862
3540,583,750
39988,7033,9225
7602,1232,1487
2289,380,520
11708,2029,2629
31917,5337,6636
29294,4904,6278
26886,4538,5996
2069,349,463
2878,452,690
23707,4063,5183
18940,3127,3928
15364,2559,3240
18929,3140,3903
11320,1869,2437
22026,3719,5155
57375,10037,13291
15911,2710,3603
43642,7478,9662
20442,3549,4720
50754,8587,10762
5440,908,1191
36502,6067,7419
6453,1111,1450
3002,491,631
99683,16412,20527
11288,1867,2478
9297,1540,2073
74853,12490,15119
11103,1913,2637
383,60,98
11501,1801,2574
270502,46920,59587
13656,2254,2928
15559,2577,3433
9138,1493,1911
31973,5652,7533
12512,2112,2940
17625,2903,3813
7429,1313,1587
29947,4821,5974
5334,917,1249
27322,4674,6021
16875,2930,3649
8602,1481,1852
23941,4136,5135
11709,1878,2462
48662,8287,10667
39047,6358,7983
10907,1734,2297
10100,1655,2207
33668,5904,7181
1755,281,438
554,95,131
4724,809,1010
50146,8505,10604
13092,2383,2938
18258,3070,3884
66818,11122,14210
12520,2265,2861
7312,1238,1591
33268,5487,6835
93255,15949,20049
3941,673,878
15727,2756,3556
20473,3347,4840
27013,4527,5812
9861,1606,1991
6309,1065,1344
2005,347,466
25234,4187,5730
1931,319,404
2653,441,594
2847,465,749
12914,2204,2816
9987,1777,2278
78116,12958,17020
44355,7346,9044
14696,2467,3368
5587,994,1182
15218,2413,3076
4576,787,964
3354,589,750
8928,1533,1931
11948,2092,2776
9245,1540,1988
30352,5091,6827
7139,1172,1570
14446,2485,3187
1570,268,326
1410,237,294
68121,11540,14394
139442,23557,29155
9857,1644,2209
63766,10465,13538
17481,2925,3718
23692,3914,4890
2662,461,589
11396,2017,2514
26231,4521,5592
265,47,63
11251,1867,2389
53842,8735,11601
16089,2686,3599
7318,1213,1656
18345,3040,3637
183198,29636,37631
44499,7379,9576
17558,3077,3998
10762,1830,2290
6577,1080,1428
40548,6880,9300
313224,49701,62614
17606,2938,3754
4845,790,1010
16314,2766,3834
36854,6009,7535
18227,3045,3898
100649,16390,19875
120902,19794,24031
1524,255,370
9189,1538,2193
15901,2636,3293
4914,839,1036
15388,2588,3179
5694,971,1254
5575,932,1244
21852,3701,4785
10052,1675,2264
59260,10338,13162
26597,4425,5665
15767,2614,3508
32522,5397,7482
17108,2815,3659
11787,2043,2658
34336,5896,7672
21758,3754,4762
91422,15386,18287
3296,555,787
28856,4663,6598
68541,11103,14032
15456,2664,3475
7571,1277,1766
23476,3914,5133
8521,1432,1908
15550,2691,3630
16584,2690,3453
7115,1190,1567
13954,2306,3034
1235,209,278
22260,3769,4921
14978,2552,3631
78277,12248,15717
136689,22074,27042
11606,1988,2880
32784,5684,7062
19928,3309,4536
6427,1133,1532
12092,2094,2719
21742,3577,4673
60886,9941,12337
14506,2497,3177
17902,3136,4259
15109,2613,3154
10284,1723,2152
10282,1783,2219
17551,3014,3953
19766,3345,4245
17890,2912,3997
26644,4650,5704
12124,2124,2724
44693,7496,9526
20908,3632,4818
859,140,189
33463,5762,8341
31649,5294,6808
19705,3309,4614
66418,10562,13560
19131,3135,4018
24664,4159,4989
19020,3136,3766
19814,3345,4157
18480,3105,4023
13099,2127,2805
19012,3295,4427
35899,5911,8206
10324,1745,2235
16459,2734,3340
24676,4215,5545
594,101,148
595,101,149
34913,5932,7905
11820,1920,2524
10699,1820,2357
4447,748,929
2035,337,456
25109,4226,5388
47849,8210,10061
6381,1056,1372
15980,2775,3419
26617,4412,5404
7037,1145,1387
36057,6017,8105
51108,8706,10525
10644,1774,2306
40804,6684,8383
20520,3300,4573
12964,2181,2817
21102,3471,4232
11066,1917,2547
40293,6821,9145
13875,2310,3083
9768,1682,2015
13131,2182,2842
12654,2080,2835
19900,3255,4107
16275,2598,3125
7488,1229,1761
13150,2165,2688
18895,3185,3918
52039,8709,10803
34597,5887,7451
27066,4525,5632
4620,785,1005
24444,4180,5477
15432,2625,3171
23923,4143,5092
11016,1906,2509
5367,866,1105
14744,2511,3127
21034,3508,4402
14104,2315,3071
19006,3305,4172
24949,4170,5803
25892,4376,5488
20584,3474,4335
53254,9228,11815
22556,3739,4696
22983,3918,5387
15236,2560,3152
41335,7142,8941
50593,8873,11028
19497,3313,4084
14002,2474,2993
39116,6858,8909
28988,4861,6433
36030,6119,7513
17659,2941,3822
32399,5447,6683
11274,1845,2407
69806,11509,14941
11957,2018,2633
83792,14113,17009
32223,5583,6894
11706,1944,2393
151259,24596,29989
17722,3025,3873
33545,5764,7121
40619,7067,8349
10040,1727,2278
19548,3278,4058
4099,686,890
42367,7058,9141
27704,4783,5942
11825,2020,2552
9756,1655,2177
2489,408,541
549,99,147
1716,289,381
57183,7812,13284
5845,994,1394
4082,694,911
12922,2193,2893
55576,8751,11183
13123,2171,2901
29584,4939,6018
749,116,183
1017,177,231
4330,735,919
911,155,194
24926,4042,4981
921,156,208
2489,415,553
17376,2827,3470
20929,3452,4335
1582,259,335
8010,1369,1761
19923,3227,3952
5733,977,1202
6643,1158,1534
16373,2743,3648
959,160,203
2284,383,547
644,110,155
54644,9400,12356
16744,2897,3426
16155,2714,3243
65224,10916,13753
30823,5358,6489
10266,1821,2413
73616,12678,15485
53243,9027,11323
29016,4949,6369
14767,2513,3107
17274,2858,3706
13140,2243,2823
470,77,100
14642,2500,3034
56065,9376,11721
5655,978,1306
8383,1398,1818
45330,7506,9264
1782,292,422
53205,8871,11088
11571,2008,2644
6530,1061,1455
2042,309,448
36486,6130,7746
6931,1169,1625
19766,3410,4452
1668,279,405
1117,178,261
34754,5890,7298
12399,2059,2608
21212,3749,4829
22914,4057,5228
4330,738,933
20231,3171,4078
18136,3140,4249
4504,812,1052
7428,1323,1705
4352,716,925
6873,1210,1526
65838,11108,13866
10111,1765,2231
25040,4313,5555
8573,1502,1815
13185,2244,2887
19917,3399,4288
9400,1570,2020
7684,1320,1708
6042,1081,1273
8327,1392,1854
40321,6779,8413
5551,914,1238
30332,5031,6443
12575,2076,2726
13235,2285,2995
23526,3723,4918
889,139,206
35456,5969,7708
15813,2713,3356
20106,3325,4422
25054,4218,5095
52913,8758,11332
33464,5619,7607
35758,6003,7490
1144,182,236
14206,2365,3098
2774,492,576
2172,369,432
6380,1121,1364
20579,3587,4569
8857,1494,2021
45271,7764,9711
9557,1519,1937
30692,5336,6726
26078,4509,6271
4129,708,890
22662,3866,4803
30115,4985,6202
9365,1568,2116
23495,4068,5036
5802,1011,1282
14745,2402,3260
7193,1219,1534
6488,1168,1415
25078,4219,5203
4083,697,849
18081,2964,3744
2608,468,567
12645,2108,2919
781,125,164
1672,282,325
1209,204,307
7900,1356,1679
18429,3010,4100
22071,3824,4764
35570,6182,7579
19014,3174,4348
44548,7528,9835
21881,3659,4947
69489,11429,14115
14225,2427,3184
852,140,194
1221,201,263
2344,380,525
17751,2956,3885
15426,2593,3286
4390,781,1065
11831,1950,2421
28546,4737,6235
131026,21290,26267
42340,7134,9554
19491,3173,3985
23231,3967,5172
15943,2761,3602
16800,2606,3445
9310,1613,2043
18956,3301,3989
3170,556,717
4905,856,1145
44275,7519,9478
30580,5255,6918
18107,3073,4120
26403,4422,5598
16239,2765,3531
6702,1090,1345
7491,1239,1647
15002,2581,3256
9353,1544,2067
23461,3903,4913
60880,10028,12706
6291,1049,1391
16258,2753,3927
3518,618,759
31984,5247,6905
28406,4860,6080
13973,2440,3537
13723,2423,3121
4506,760,971
3258,567,698
17974,2936,3549
8061,1345,1722
12804,2301,2850
12235,2036,2846
1273,211,275
27188,4804,5679
3738,588,713
13351,2267,2807
15559,2508,3181
3557,611,787
19202,3315,4098
47153,8023,9738
5880,993,1260
4137,722,838
24084,4066,5240
13073,2049,2655
28229,4665,5985
16839,2847,3921
11699,1999,2565
3333,569,706
13417,2193,2727
14379,2369,3163
39545,6511,8558
6079,1016,1398
17251,2830,3653
18184,3043,3907
7533,1293,1706
4156,706,976
29090,4918,6067
925,157,230
41026,6778,8985
576,99,182
3222,560,716
6389,1070,1512
4031,663,880
1088,184,278
2425,398,509
9493,1670,2079
7178,1233,1479
28586,5043,6263
29890,5160,6848
11266,1957,2339
1247,228,290
15584,2604,3165
23658,3964,5453
13537,2336,3025
11248,2029,2451
1616,278,364
14848,2586,3282
9734,1600,2114
15320,2624,3481
36845,6111,7752
72491,12299,17561
21020,3604,4455
23504,4026,5089
23234,3930,4920
31680,5086,6617
17568,3064,3887
52280,8764,11320
10116,1670,2221
5938,1023,1409
19399,3331,4486
20867,3433,4747
32982,5686,7084
7821,1308,1667
26952,4662,6010
37233,6484,8470
28046,4849,5974
277,47,70
7532,1277,1628
25241,4169,5374
6909,1185,1525
8862,1539,1964
77852,13127,16278
22069,3831,4741
2789,463,575
17573,2992,3670
79536,13327,16662
24253,4243,5251
7190,1246,1601
4507,719,930
6386,1087,1534
29786,4953,6329
31029,5238,6341
5743,967,1266
20412,3522,4293
15212,2594,3438
3870,698,874
61835,10437,13891
12672,2107,3093
12398,2119,2782
7615,1284,1633
30963,5156,6718
22989,3950,5195
23384,4071,5174
1548,262,336
129818,21424,26314
22986,3939,4880
33892,5722,7172
10731,1716,2144
28974,4845,6263
20993,3455,4479
26858,4595,5957
16488,2712,3555
1518,267,327
7232,1249,1657
92239,15312,20226
17735,3038,4152
5594,893,1152
6569,998,1421
1554,256,451
39311,6779,8949
25648,4385,5342
13724,2382,3059
2090,340,463
28910,4959,6468
8921,1539,2120
17067,2955,4193
1251,207,259
8422,1391,1906
21986,3738,4629
12230,2017,2752
12123,2070,2880
31650,5423,6883
16953,2896,3617
4255,680,846
58892,10192,12686
9547,1581,2076
22828,3987,5056
6608,1116,1502
74,11,18
41143,6891,8892
32964,5544,6969
20679,3663,4963
10705,1820,2339
8511,1421,1785
1939,310,374
1755,284,388
5494,904,1200
19429,3116,4023
659,108,176
22332,3792,5294
24694,4148,5032
43537,7303,9523
3916,629,880
12072,2054,2642
7653,1331,1773
1487,246,388
17565,2989,3800
56984,9484,12047
37010,6209,8223
18562,3301,4042
8897,1541,1987
2811,479,634
1430,242,319
5249,907,1169
55145,8266,13294
1249,220,293
15308,2602,3389
11255,1831,2559
8959,1434,2035
35162,5960,7666
13515,2275,2921
28918,4820,6211
311,54,79
30367,5137,6643
19412,3185,4007
2851,483,601
21840,3602,4550
18997,3265,4558
2753,465,631
35130,6069,7555
1789,322,450
14285,2445,3299
25160,4180,5653
9388,1515,2039
40895,6907,9320
27200,4522,5766
3091,548,644
246,39,58
27573,4555,5695
3994,644,945
13076,2201,2840
12812,2102,2627
49375,8095,9961
1062,191,262
35383,5963,7983
27003,4534,5588
8343,1393,1668
15566,2454,3656
19440,3343,4259
22382,3818,4715
8544,1367,1649
2555,407,491
66129,11100,14059
17390,2982,3720
10210,1747,2557
3832,637,797
6791,1132,1430
2243,397,452
4011,669,874
22515,3779,4976
971,162,232
21461,3583,4676
31492,5291,6718
46205,7749,9717
10124,1717,2122
49233,8178,9897
17708,3077,4069
3272,552,828
19862,3269,4102
8241,1445,1846
4713,824,1045
13705,2325,3007
25094,4329,5462
15529,2472,3310
2989,513,662
9819,1602,2060
83649,14712,18221
6149,1071,1366
65695,11447,14354
5718,1001,1324
1922,325,421
4837,858,1093
11877,2020,2556
16558,2813,3354
19912,3347,4379
6709,1170,1491
17016,2802,3403
7232,1237,1555
17544,3100,3986
13263,2348,3000
859,143,186
6804,1140,1311
21843,3772,4846
2622,424,567
17938,3032,4018
38548,6656,8318
17774,2907,3460
3425,604,745
2661,458,608
29970,5078,6456
82073,14030,18921
17673,3003,3944
10641,1810,2360
30431,5291,6872
13408,2252,3090
22447,3703,4615
17384,2628,3901
19668,3270,4220
27546,4637,6023
21710,3704,4662
21694,3722,4672
19443,3254,4150
6646,1063,1558
1562,247,366
3597,609,898
27926,4586,5677
22110,3493,4517
15837,2635,3600
32512,5562,6953
2730,450,572
11522,1926,2567
10792,1802,2534
8917,1437,2067
22833,3778,4893
77300,12823,15843
21165,3515,4765
17181,2867,3714
33623,5597,7075
17149,2940,3772
11426,1949,2515
32540,5682,7445
64777,11008,14534
18079,3069,3891
7076,1187,1659
24085,3840,5386
6646,1149,1566
12408,2140,2725
16418,2711,3673
5942,1002,1305
32085,5399,6936
16124,2640,3674
12681,2119,2673
8884,1420,2041
14577,2354,3278
22014,3594,4605
10203,1779,2363
23018,3976,5014
17972,3057,4339
32298,5335,6689
1348,223,284
13619,2386,3261
9231,1576,1974
8970,1464,1859
1388,229,321
8878,1565,1920
34294,5629,7493
9909,1620,2159
21777,3553,4665
15162,2597,3130
21142,3533,4645
401,69,87
7280,1226,1552
565,95,123
23610,3962,5335
46134,7676,10165
37955,6645,8663
11034,1888,2438
989,162,281
11485,1908,2642
19895,3332,4118
20349,3458,4515
7640,1236,1652
9016,1503,1984
13850,2327,2963
398,63,87
13086,2167,2646
4224,680,855
8314,1437,1830
8391,1291,1767
8591,1425,1912
28598,4596,5859
27377,4534,5597
15065,2472,3215
1899,338,419
910,152,184
943,149,210
4675,758,1070
45498,7723,9454
7113,1186,1483
11719,2000,2526
5834,940,1560
54023,9003,11365
30785,5388,6796
2492,415,565
958,173,215
1479,242,348
640,112,180
627,111,142
63197,10045,12578
17885,3115,4080
975,172,246
5798,944,1308
4530,761,1006
11970,2058,2575
21401,3444,4393
32866,5333,6800
10874,1793,2225
13024,2203,2723
21435,3781,4815
6632,1219,1705
3844,643,820
5855,997,1293
2465,414,549
15064,2550,3185
35598,5861,7793
1832,317,439
29401,5068,6884
23954,3970,5462
16679,2672,3375
17119,2980,3963
6076,1013,1398
1376,223,330
46151,7272,9453
36747,6253,8939
23551,4118,5059
2060,337,457
23762,4046,5905
55457,8995,11424
26919,4512,6166
9515,1543,2045
7470,1248,1927
25449,4199,5586
7391,1268,1700
14264,2286,2859
5325,867,1097
72653,12247,16981
33640,5824,7515
21312,3593,4616
28390,4731,6624
415,66,103
260,44,71
2626,435,679
15715,2670,3286
16152,2738,3427
11295,2003,2391
37990,6294,7951
14936,2473,3311
439,76,96
5946,993,1315
2431,404,660
21,4,12
10229,1740,2211
15190,2546,3419
7226,1145,1398
15945,2653,3552
4827,795,1065
13712,2208,3090
26661,4388,5909
5479,922,1164
791,135,219
1918,319,442
5863,965,1269
8458,1413,1909
8841,1623,2192
16716,2814,3530
12509,2124,2642
25729,4462,6166
982,173,221
808,128,180
1622,273,377
23439,3866,5337
6176,991,1665
6980,1165,1854
49488,8456,11591
3020,506,678
9560,1618,2070
48862,8058,10377
11575,1960,2557
8713,1429,1877
33030,5594,6992
42217,6809,9019
196611,33158,41519
59103,9731,12411
2966,487,631
13164,2279,2797
2776,477,628
3986,674,930
73331,12813,16282
23932,4134,5214
13924,2195,2913
25314,4131,5433
21476,3423,4321
1919,330,419
1973,331,428
8431,1353,1621
16776,2845,3614
10382,1817,2185
10762,1685,2049
48938,8344,10726
73811,12321,15660
17044,2979,3759
6037,1012,1251
62232,10139,13217
46033,7633,9130
11500,1896,2334
11845,1950,2461
11169,1963,2595
15773,2633,3979
1663,253,382
957,149,191
5743,952,1730
46962,7599,10271
4464,762,920
100037,16966,21696
17307,2873,3986
36840,6123,7606
26739,4422,5635
13620,2395,2927
117483,19830,24966
20074,3352,4542
17616,2943,3903
778,132,160
3572,578,799
12601,2189,2947
30148,5108,6823
15243,2540,3299
3790,663,839
13520,2224,2712
2653,439,589
3879,639,975
2996,518,703
34304,5560,8026
26320,4583,6004
19946,3236,4594
10793,1779,2356
1442,249,345
822,140,170
6837,1123,1908
3931,672,863
33235,5637,7743
26046,4607,6174
22703,4026,4919
49961,8777,11309
1615,251,382
80881,13771,17344
1754,298,393
54181,9019,11037
34455,5809,7754
4914,806,1080
33272,5259,7524
23497,3819,4810
35634,5942,7530
9295,1512,1906
5905,971,1168
1037,182,227
3971,668,951
45523,7484,9897
102388,16950,23008
18393,3229,4264
17874,3049,4103
6642,1079,1467
60068,10053,12834
4286,741,964
4440,770,994
6865,1187,1517
26694,4312,5683
402,65,95
15356,2591,3200
19032,3205,4167
59021,9989,12783
34350,5589,7272
1346,209,275
33195,5528,6933
7908,1281,1733
40862,6843,8926
18165,3001,3851
8780,1455,1946
29504,4953,6537
23480,3910,5266
25068,4287,5652
44184,7575,9869
111911,19046,25257
3475,539,747
30485,5180,6822
7172,1193,1544
1365,223,317
383,63,93
916,149,201
23715,4077,5494
2703,445,585
11434,1929,2582
13813,2340,3057
20221,3449,4372
8339,1440,1781
5142,862,1278
28317,4900,5985
48265,7931,9684
8177,1247,1764
44634,7502,10505
40265,6637,8326
7090,1151,1570
9605,1582,2010
33671,5822,7466
70318,11577,14970
8807,1399,1708
716,121,160
6622,1065,1404
251974,42220,53157
35588,6175,7677
21058,3543,4519
27423,4603,5726
32743,4971,7129
3352,533,632
3105,527,765
51987,9051,12571
42710,7479,9215
124498,20752,25369
26309,4437,5568
6471,1135,1501
5579,945,1300
15821,2849,3599
29479,4666,5998
24852,4173,5181
3286,526,745
1729,303,520
1406,228,306
633,105,133
21612,3583,4685
47572,7917,10662
12634,2192,2808
1087,188,243
1987,328,430
36357,6196,8067
18663,3162,4102
28358,4827,6000
2676,469,568
28147,4270,6122
1378,220,330
83311,13705,17061
9359,1557,2013
6919,1219,1593
17272,2931,4077
728,102,186
41681,7204,8885
12589,2129,2591
3142,545,775
5358,872,1808
9547,1632,2339
12305,2028,2769
20046,3416,4378
25702,4317,5908
1677,279,352
21336,3501,4454
27122,4768,6125
2055,341,462
89832,15371,20048
3203,546,740
16886,2848,3901
13059,2110,2888
22460,3743,4821
24542,4008,5353
42152,6694,8882
5140,853,1107
22759,3819,4988
5738,975,1343
14227,2503,3296
71460,11907,15146
27751,4537,5486
5787,964,1283
3844,686,832
3732,638,816
33106,5581,7217
65859,10869,14434
19561,3352,4107
2136,362,561
2451,386,503
9819,1680,2198
5756,945,1849
8166,1334,1893
42075,7114,9011
71247,11988,15351
19729,3257,4288
22126,3587,4687
17694,3034,3947
7084,1228,1544
10389,1745,2116
2234,386,543
1519,249,360
1379,223,341
5186,854,1128
21371,3576,4490
5215,882,1094
61010,10199,14082
21383,3551,4616
1743,292,427
20344,3293,4120
12142,2089,2880
11530,1805,2851
15240,2525,3196
20433,3502,4306
22323,3929,4835
20846,3462,4843
29181,4990,6415
2345,398,565
1474,246,310
8262,1416,1915
8917,1429,1797
6943,1162,1538
1583,241,334
10492,1753,2286
58125,9569,12484
22962,3845,4853
10879,1788,2270
6515,1083,2324
1075,181,262
2104,372,452
606,99,141
1002,180,239
29250,4917,6178
12540,2039,2724
820,133,185
874,137,213
25826,4505,5826
8732,1483,1872
13537,2242,2940
41490,6777,9123
2494,405,572
12251,2106,2939
34886,5774,7335
13886,2383,3094
6776,1110,1483
1716,290,377
64328,10604,13814
58201,9800,12539
11524,2007,2638
6522,1129,1535
405,60,83
82350,14162,17810
10501,1759,2279
351,63,78
8214,1361,1723
21149,3587,4720
24945,4305,5926
4213,775,960
26305,4683,5958
53869,9056,11779
7421,1231,1712
234,41,54
7567,1246,1580
26351,4308,5491
7813,1299,1762
8994,1489,2007
5623,1011,1329
36326,6193,7720
6131,1001,1234
21853,3565,4545
9878,1614,2047
3237,545,779
21181,3531,4674
34471,5766,7835
22094,3637,4778
15544,2638,3486
6570,1092,1445
9285,1563,2062
7487,1222,1588
21393,3693,4996
10085,1717,2297
2879,462,581
80878,13680,17816
6550,1143,1681
175,28,39
10678,1825,2601
16089,2797,3463
25971,4313,5459
4148,696,991
9541,1461,1933
31065,5227,6674
14964,2437,3205
69552,11843,14949
6307,992,1326
9788,1712,2275
4518,769,1044
1711,285,416
19970,3318,4217
21161,3515,4554
1082,184,230
758,130,191
2854,456,653
919,150,212
11060,1944,2689
40691,7045,8812
4206,695,933
23599,4093,5391
34713,5668,7279
13747,2279,3942
10643,1752,2529
6264,1036,1355
15821,2635,3258
18799,3020,3919
12333,2019,2608
30851,5097,6181
71887,12230,15519
7860,1354,1797
9854,1671,2153
6278,1090,1507
6757,1145,1583
507,84,110
1876,317,456
18474,3089,3828
1565,266,323
70157,10960,13791
26955,4506,5500
5889,996,1382
29829,4856,6537
447,70,87
39733,6522,8447
5229,861,1159
2544,436,550
33441,5666,7363
60445,10280,13707
1590,275,356
20040,3429,4394
1922,307,447
25503,4314,5350
3447,531,782
31017,5213,6667
3685,645,799
7147,1217,1689
2922,520,644
6152,1038,1350
1352,232,313
27033,4521,5881
27090,4731,6234
16076,2636,3359
5075,843,1092
10866,1819,2464
4757,821,1047
4882,828,1186
19557,3272,4063
5230,881,1185
27036,4453,5314
9753,1805,2386
6593,1182,1432
1313,220,302
4659,777,1035
15605,2605,3557
45811,7631,9723
20469,3479,4660
3715,635,835
10757,1776,2319
17685,2962,4002
16139,2817,3794
26830,4573,5872
13309,2273,3065
2873,478,626
15286,2559,3338
4901,865,1091
16727,2748,3536
5736,976,1270
14209,2389,3038
4508,724,1125
51512,8236,10992
15733,2522,3404
3752,632,855
51947,8700,11060
29149,4832,6143
22421,3823,5127
13166,2231,2962
92315,15607,20636
7341,1264,1691
2052,349,517
794,137,200
4180,690,863
568,96,142
4227,690,889
1470,262,326
6099,1028,1357
21097,3493,4622
6898,1104,1421
2780,475,585
5913,1024,1456
7527,1305,1870
4792,817,1009
28083,4413,5615
6269,1079,1494
6429,1042,1362
69071,11678,14905
1163,206,265
4072,683,911
3643,612,819
1767,299,386
4622,746,1051
13136,2208,2953
1203,211,265
24924,4276,5938
6565,1090,1547
8635,1408,1919
4911,771,1190
3741,635,810
16554,2845,3674
15204,2554,3437
4624,787,983
9600,1620,2250
18710,3013,4030
16483,2909,3635
23255,3920,4972
18874,3133,4218
2619,458,617
155,27,38
14464,2472,3332
84545,14198,17891
23071,3615,4477
2706,449,693
5256,834,1146
102,14,32
21967,3576,4731
10406,1708,2157
34325,5775,7244
21025,3529,4446
27581,4806,6257
4428,735,1078
927,164,236
59715,10183,13042
9644,1671,2180
15912,2705,3330
5606,963,1307
885,152,201
11521,1952,2869
369,64,75
26738,4487,6162
9728,1667,2222
14790,2556,3715
6934,1147,1584
1817,307,438
34324,5490,7393
4229,720,992
9437,1581,2035
6693,1136,1440
2725,490,608
15495,2755,3303
19058,3158,4196
6844,1156,1612
23247,3879,5195
3073,519,664
5238,939,1192
9249,1561,1951
33906,5623,7737
9472,1635,2224
1379,245,353
16127,2817,3672
12821,2075,2593
7209,1212,1535
665,114,146
9752,1584,1982
44169,7268,9347
48560,8220,10914
6362,1125,1642
824,133,184
5954,1001,1199
9034,1611,1983
8702,1462,2049
93143,15698,19654
78100,12884,16462
6928,1097,1423
17290,3081,4051
6148,1089,1377
173,32,54
2987,499,637
6917,1240,1600
27847,4737,5982
5611,941,1316
17556,2892,3639
21476,3564,4502
47163,8113,9846
14586,2570,3568
17796,2990,3865
1188,190,314
731,120,161
3683,632,815
3424,542,701
1190,198,267
20755,3429,4604
152605,25350,32369
27459,4665,6241
17071,3057,3655
5637,998,1227
58036,9481,11260
800,136,195
2515,421,559
984,154,221
31525,5305,6814
39092,6629,9208
13093,2210,2632
22148,3749,4638
13721,2240,2886
6206,1054,1566
1206,202,302
12483,2102,2539
7125,1185,1513
7803,1283,1693
1004,167,211
16753,2753,3754
16763,2650,3493
5906,1013,1241
5764,944,1153
7293,1218,1626
2041,335,419
3951,661,960
6696,1076,1391
17212,2914,3570
18629,3156,4429
5782,910,1346
6290,1091,1518
662,113,160
12142,1987,2507
2728,457,641
828,133,187
14225,2378,3065
3500,604,812
19210,3211,4067
17861,3008,3948
7259,1170,1562
3574,552,794
16297,2866,3741
31065,5209,6806
13013,2107,3002
4710,804,1105
6639,1154,1469
34088,5754,7664
15500,2586,3373
1351,211,286
3387,559,772
7269,1239,1572
4435,740,1090
9531,1618,2093
28152,4675,6111
44737,7727,10078
13720,2270,2957
27993,4781,6462
2666,447,588
16036,2649,3579
19886,3512,4445
93118,15320,19946
3892,640,837
22483,3684,4703
24704,4116,5413
22979,3889,4923
6292,1032,1362
6822,1175,1518
2246,377,539
5159,917,1171
12306,2061,2776
990,162,212
15008,2409,3174
19114,3058,4009
35223,5561,7599
20040,3644,4624
14620,2437,3341
5194,865,1201
3995,711,846
63279,10436,13986
19321,3263,4039
30599,4923,6073
12403,2009,2668
25218,4159,5519
19603,3229,3982
3480,616,757
9490,1674,2061
4388,733,929
7772,1374,1673
16058,2730,3748
15475,2531,3539
2011,334,481
14621,2367,3118
31706,5240,6784
940,156,228
19105,3189,4145
29965,5063,6981
463,78,122
12059,1981,2721
9297,1544,1969
4471,798,1035
464,87,126
2022,327,438
29013,4747,6182
2302,388,619
6916,1240,1598
942,158,225
8098,1371,1897
12541,2074,2685
7252,1219,1569
4528,758,1132
1742,295,397
2303,390,537
131064,22675,29543
938,157,244
26482,4441,5786
8767,1488,1828
9689,1721,2177
21068,3520,4408
10823,1842,2389
5285,894,1135
8532,1419,1882
6006,1070,1520
1847,309,453
34805,5986,7437
24209,4009,5049
8235,1338,1653
85903,14003,17884
31540,5142,6863
8130,1382,1776
19919,3205,4177
1784,272,399
3392,580,716
5278,887,1106
13562,2204,2721
3199,528,682
1457,242,321
7578,1329,1741
10816,1712,2173
9139,1524,1976
913,153,221
6324,1053,1361
1097,180,224
10101,1729,2587
1451,266,334
38600,6675,8715
62011,10330,13854
3554,603,830
2129,323,448
1407,233,329
2881,499,669
1163,193,261
255,45,57
20587,3415,4344
35853,6023,7628
5786,923,1288
39241,6635,9394
9030,1549,1940
626,112,148
3050,490,733
850,152,201
35936,5869,8187
26748,4592,6257
256,46,58
11230,1917,2455
17371,2980,3800
16489,2701,3371
26196,4337,5665
6851,1217,1505
3820,669,802
711,122,174
949,154,198
2469,423,497
2606,424,572
14516,2522,3539
49141,7929,9919
10763,1783,2339
16414,2806,3874
10526,1785,2377
3830,678,865
29828,5042,6277
4591,756,1051
12082,2043,2703
29746,4948,6411
45843,7698,9653
29992,5053,6371
5749,924,1348
123808,20648,26306
20733,3362,4677
9712,1661,2189
9478,1648,2330
6989,1203,1565
439,72,105
27860,4657,6229
916,160,210
1246,215,305
2085,355,485
23491,3938,5084
46105,7510,9760
707,119,164
24331,4265,5281
2171,368,448
5643,957,1217
3321,583,750
12328,2072,2751
195181,32655,39551
66978,11092,14173
5364,936,1241
21795,3347,4847
4394,745,1051
23887,4040,5479
3567,598,834
17982,3095,3835
18215,2841,3697
52112,8778,11811
31735,5203,6564
10928,1835,2333
4244,666,869
5136,882,1161
8159,1352,1794
18784,3118,4295
8688,1556,1962
2138,359,482
30624,5141,6823
9790,1752,2221
21968,3647,4694
2216,381,463
14928,2517,3496
20648,3478,4703
7906,1307,1756
1254,215,276
1187,197,260
8020,1363,1789
18891,3118,4176
5140,897,1135
5166,846,1207
4892,860,1116
4703,811,1058
2237,403,524
62112,10481,13577
41544,7030,9091
21176,3572,4818
13041,2244,2866
14426,2439,3153
1441,252,329
8644,1434,2003
3995,727,885
3096,541,679
22161,3745,4519
20625,3456,4235
17197,2960,3653
135301,23049,28078
41691,6942,9270
4213,733,902
5860,1026,1226
13260,2097,2840
18169,3026,3891
2506,422,597
6430,1037,1610
961,166,234
13973,2362,3060
2974,519,620
511,89,109
17347,2940,3911
98198,17254,22223
13253,2223,2806
11689,1929,2568
14886,2575,3303
27020,4442,5888
5442,956,1194
67395,11267,14076
26961,4405,5571
1159,198,239
61869,10619,13391
110989,18561,23808
34007,5996,7602
14904,2493,3218
10128,1732,2348
13430,2267,2865
24786,4174,5575
8811,1485,2210
2447,392,614
8707,1485,1870
2152,358,477
807,131,180
13633,2311,3417
28908,4813,6161
6207,1069,1381
33596,5673,7047
3347,618,810
3120,504,729
17384,2783,3427
6736,1125,1604
1430,252,295
3275,539,729
1236,210,342
37348,6231,7944
9532,1671,2117
8810,1509,2080
3134,546,652
13987,2207,2664
1507,247,365
16149,2814,3627
20857,3613,4578
10812,1783,2355
6934,1155,1552
22222,3720,4983
37031,6332,8239
46171,7987,10453
58443,10166,13330
5595,898,1179
43013,7126,8993
45261,7577,9895
13030,2193,2952
9900,1731,2428
1098,181,274
9879,1730,2349
11480,1888,2689
58127,9458,12106
395,66,88
8837,1457,2066
16407,2708,3559
38451,5978,7532
19657,3165,3910
1121,198,242
48560,7878,9925
22765,3753,5028
46979,8027,10451
10662,1817,2397
244772,39665,49108
428,72,91
522,90,119
2947,464,592
32098,5510,6962
15217,2630,3409
16467,2875,3612
16422,2783,3586
619,105,155
21605,3716,5098
109121,18103,23630
60379,10437,12734
31747,5164,7866
9398,1606,2038
7629,1314,1717
6325,1056,1395
79539,13657,18095
8621,1420,1971
17987,3137,3825
5647,946,1263
15613,2661,3671
2639,451,568
8654,1412,1855
5988,1011,1385
6842,1213,1611
426,70,89
10737,1779,2457
11605,2037,2683
6167,1046,1367
3178,518,619
28836,4838,6311
1204,187,237
1427,234,297
1178,177,233
16943,2899,3843
1014,167,228
2145,363,461
5479,924,1130
1063,168,242
14390,2269,2963
765,118,167
1529,257,358
2191,367,442
1019,175,225
2406,409,612
1593,248,351
3491,610,744
2227,373,452
3191,541,713
3463,600,765
5777,970,1278
5746,973,1283
2899,496,622
4207,729,905
7452,1291,1647
1028,178,234
18966,3239,4416
7539,1292,1642
20104,3395,4534
25944,4409,5985
10915,1820,2206
12567,2177,3074
16798,2893,3557
5209,908,1104
24152,4051,5359
11850,1928,2884
2264,378,494
12589,2090,2816
6837,1077,1495
891,148,188
9360,1542,2036
29426,5057,7016
7602,1224,1695
23172,4072,5022
33764,5813,7302
25643,4004,5234
33462,5481,6529
2168,355,468
42008,6984,8622
27974,4652,5951
17023,2821,3721
8204,1431,1826
60363,9929,12416
13162,2245,2993
84105,14255,18017
22652,3989,5195
25508,4413,5553
41341,7274,8887
18054,2935,3804
35223,5959,8243
23015,3846,4645
24634,4199,5592
19010,3108,3863
10890,1825,2196
54689,8903,11513
8225,1338,1694
22565,3799,5026
8627,1397,1759
32008,5058,6362
895,145,197
3300,594,716
33446,5523,7076
57350,9888,12868
12365,2120,2650
11301,1842,2361
21215,3452,4321
2551,427,532
18985,3169,3934
2494,436,542
1059,179,217
6779,1155,1635
15416,2615,3366
28642,4806,6110
109702,17618,22622
30182,5071,6250
128520,21723,27199
4306,725,958
18361,3273,3942
34227,5937,7448
15487,2563,3397
3572,576,724
38888,6683,9324
13475,2302,2926
26325,4417,5589
19962,3298,4107
59389,9640,12437
3158,519,694
127144,20496,27352
24583,4210,5449
26592,4439,5598
15037,2612,3296
5759,978,1284
20873,3461,4385
2020,319,435
23852,4178,5198
17857,3097,3976
12965,2219,2774
5470,995,1294
31318,5412,6748
19634,3379,4230
37573,6268,8189
38465,6560,8465
31791,5352,6559
89871,15510,19500
12164,2053,2613
461,86,128
17033,2882,3813
8238,1339,1810
227,39,95
545,85,129
22116,3724,4675
199,34,48
972,154,231
1479,247,333
2058,357,449
3424,610,766
1559,268,325
591,110,135
17919,2994,3728
23676,3886,5001
25839,4269,5711
6006,973,1316
2313,415,577
63067,10484,13559
7116,1236,1598
4154,737,992
1370,241,291
4237,673,951
13210,2190,3062
17300,2945,3837
42863,7391,9683
3899,695,891
2751,467,570
752,130,183
4776,859,1068
4993,868,1085
3046,504,850
2923,487,670
4310,686,931
5650,1016,1275
2672,471,571
9384,1651,2166
773,134,193
14363,2312,3113
17739,2916,3750
8713,1409,2159
12088,1971,2622
685,123,199
10567,1714,2369
196683,32462,41377
11744,2006,2490
13968,2120,2888
3560,588,775
2188,369,481
17913,2906,3982
14471,2497,3299
30088,5214,6481
6751,1161,1557
37385,6386,8123
10707,1791,2254
4234,718,1000
1105,188,237
2377,413,585
22881,3780,4701
13138,2131,2859
10502,1803,2237
2352,412,580
12440,2146,2717
7779,1415,1791
17473,2927,3627
745,121,174
3603,620,805
9793,1748,2139
7510,1261,1845
48292,8238,10225
963,170,189
8402,1340,1710
9371,1549,2162
17634,3002,3995
1270,211,284
2909,467,599
1339,241,357
1503,264,347
210,33,45
1331,224,265
29731,5074,6257
7396,1327,1619
8657,1528,2004
37306,6252,8015
11139,1757,2350
48220,8413,10829
5130,837,1012
7684,1289,1689
5944,1052,1335
22426,3700,4902
11307,1941,2442
12423,2065,2586
10601,1746,2417
14020,2310,2939
2642,460,575
37351,6376,8074
1576,273,323
1478,240,319
7209,1226,1534
383,72,96
6332,1034,1476
28387,4855,6509
10421,1751,2347
659,112,157
685,113,143
3141,557,651
15786,2739,3548
1328,244,304
9624,1638,2091
22588,3841,4799
34806,5737,7530
24132,4125,5456
11185,1904,2350
8278,1415,1756
13089,2147,2780
1342,223,338
5390,972,1270
20320,3435,4441
1993,332,537
25602,4186,5598
14889,2596,3324
15007,2567,3438
71652,12335,15342
4063,713,867
36107,6140,7691
15462,2652,3229
608,109,138
174,29,37
20072,3435,4609
19638,3213,4049
2974,465,720
4920,849,1117
14979,2593,3517
6971,1166,1627
38342,6592,8450
12994,2209,2760
461,85,129
4208,691,1097
3435,520,740
6129,1006,1336
1188,203,259
5620,993,1282
16107,2709,3420
15580,2574,3408
17647,2956,3739
15066,2479,3383
379,64,92
85077,14092,18562
91039,15610,19855
127352,20973,27995
22041,3656,4765
5745,1008,1459
625,97,141
17153,2924,3622
231,37,51
398,65,86
2161,387,506
566,97,129
10117,1734,2081
15569,2657,3358
16459,2802,3577
13934,2359,2948
231294,39232,52569
14853,2470,3182
31521,5235,6754
2670,450,574
2584,445,563
13715,2333,3262
9186,1559,2187
31255,5142,6562
19253,3168,4230
16207,2683,3506
7083,1210,1634
10773,1910,2391
8163,1328,1847
1894,306,423
1714,304,380
582,98,140
3347,559,745
19408,3267,4328
29346,4913,6468
1358,229,317
2283,364,506
30368,5250,6527
13744,2364,3051
5932,967,1296
9347,1556,2113
28828,4984,6503
1521,244,344
385,68,85
20358,3403,4416
3475,565,706
47103,8042,10822
6740,1123,1539
4133,753,939
598,103,144
18647,3151,4323
51156,8632,12146
188602,31813,40444
504,85,101
3918,633,902
15209,2486,3381
13591,2332,2851
16186,2676,3540
11721,1926,2644
31880,5449,6836
20149,3476,4573
11244,1856,2620
36362,6198,8490
38750,6668,8635
1541,265,371
8057,1342,1898
35363,6055,7904
6803,1192,1538
31226,5064,6513
15075,2571,3220
2024,335,495
75378,12648,15665
18145,3155,4031
124008,21099,28079
2249,363,442
7438,1206,1640
147967,24828,30911
7497,1274,1761
7521,1246,1623
9592,1596,2199
2717,449,639
31194,5362,6465
7268,1210,1545
57826,9831,12602
2766,456,648
686,116,157
3119,518,701
7444,1240,1638
100713,16679,20506
10152,1699,2265
19889,3190,4213
2866,484,673
4796,799,1177
3174,548,748
3513,590,783
23160,3980,4920
29727,5071,6325
14779,2640,3298
39229,6658,8848
9599,1638,2123
49734,8376,10452
9632,1619,2239
16019,2744,3671
70632,11674,15439
36055,6166,7784
17798,2728,4073
25330,4373,5532
74358,12335,15623
3731,637,794
954,159,225
52862,8691,10369
39879,6441,7918
15360,2598,3310
31504,5346,6808
52065,9044,11175
84073,13670,18574
26153,4341,5555
30612,4949,6207
35972,5849,7136
47711,7735,9709
10959,1856,2434
35118,6047,7518
33624,5743,7372
62098,10801,13218
27502,4739,5953
33128,5679,7191
32306,5557,7068
22018,3833,4848
72736,12390,15496
7855,1316,1928
1756,275,360
43608,7420,9510
8261,1402,1746
21777,3679,4805
19091,3021,4248
26015,4324,5623
35648,5810,7969
22851,3953,5003
31164,5303,6852
24403,4230,5163
19678,3396,4603
7048,1215,1637
4512,711,1085
8556,1441,1909
16890,2647,3472
1687,278,400
131441,21552,28611
29573,4988,6492
8077,1380,1924
9921,1757,2131
7538,1229,1866
139086,22137,28988
1117,193,228
3191,495,611
18070,3126,3733
10678,1808,2427
18728,3158,4178
13248,2210,3028
10646,1746,2433
20326,3374,4180
939,145,211
9441,1589,2022
30734,5018,6467
9662,1539,1975
5480,907,1164
5488,970,1225
10728,1814,2399
101851,17298,21763
20393,3324,4390
10538,1694,2433
5104,777,1048
1568,268,399
14772,2523,3265
37626,6525,8486
17757,3064,3979
4947,780,1218
2842,488,653
7822,1306,1634
14819,2358,3342
1474,253,311
2362,389,506
543,96,127
16777,2839,3674
21876,3573,4866
14686,2603,3492
20554,3461,4640
11239,1912,2492
19903,3253,4139
747,126,166
1360,208,318
11452,1872,2551
992,160,248
146711,22947,29089
27113,4529,6046
11613,1817,2621
10773,1769,2313
10615,1861,2368
27941,4438,5769
6832,1156,1453
5647,982,1221
6089,992,1342
50898,8620,11361
57154,9735,12165
2607,409,593
1792,307,423
19799,3199,4296
17226,2867,3786
5496,891,1124
7753,1197,1678
2175,372,500
9237,1555,1937
41348,6496,8979
5424,912,1169
1915,329,434
1877,306,399
23171,3883,4906
15072,2625,3563
15583,2735,3583
5802,916,1371
884,145,227
1041,181,222
29120,4774,5741
6487,1115,1383
11807,1880,2436
6937,1193,1646
15450,2604,3299
1146,197,263
25448,4069,5463
2785,473,621
83680,14118,17297
28055,4813,6024
60551,9680,12454
4715,777,951
883,151,192
20631,3474,4033
25578,4329,5403
33348,5267,6679
6091,1042,1379
7920,1330,1787
69313,11627,14484
801,135,178
11260,2023,2826
2118,356,476
7673,1321,1691
754,115,165
38762,6602,8086
1795,284,369
7775,1338,1700
6572,1127,1506
64093,10739,13737
8339,1375,1746
40146,6930,8864
9993,1615,2131
10521,1756,2142
32634,5530,6954
23796,3862,4871
8892,1504,2030
869,152,205
5125,853,1088
1221,202,267
2522,435,558
57073,9363,12106
40157,6604,8854
69396,11403,14898
22917,3750,4958
18333,3095,3905
376,60,92
357,59,77
4319,764,991
5619,854,1179
1794,306,396
10479,1748,2452
13205,2208,3339
6854,1197,1638
2899,511,705
350,51,82
15765,2626,3203
898,160,209
42528,7282,9704
6375,1091,1294
6209,1045,1406
15903,2608,3446
2009,343,460
20985,3536,4678
26057,4349,6080
64802,10828,13231
31030,5324,6687
63428,10887,13404
7202,1216,1599
2548,414,520
28242,4807,5867
16768,2839,3629
3606,560,829
2116,350,468
9123,1514,2353
12496,2053,2556
18208,2977,4533
194,33,44
6371,1117,1390
1677,269,365
52479,8866,10953
27049,4561,5769
2426,391,552
4568,720,891
24497,4160,5271
12215,2079,2620
22313,3799,5110
12496,2225,2971
18307,3213,3867
8195,1387,1738
20510,3483,4220
70897,12083,14672
10030,1720,2303
1503,243,320
12890,2225,2792
51051,8512,11474
7449,1277,1561
8057,1352,1783
8476,1426,1846
10510,1817,2294
5705,962,1313
872,145,222
3063,535,727
3546,566,828
9925,1615,2106
375,65,96
8584,1454,2013
11662,1927,2508
23357,3795,5398
21384,3648,4517
2248,379,490
12049,2025,2742
18371,3073,4205
13739,2253,3369
13552,2250,3133
65026,10781,14218
807,131,193
6539,1151,1496
6061,962,1303
2147,341,489
442,71,94
542,86,115
496,80,106
496,77,106
588,100,126
8083,1364,1842
16485,2848,3727
32433,5609,7255
335,53,78
15324,2623,3409
8060,1331,1736
13923,2342,3309
12462,2096,2730
11979,1979,2634
7058,1151,2091
81435,13793,17774
108,14,23
9023,1535,2156
30810,5142,6608
18756,3206,3984
7790,1279,1760
6704,1109,1524
12836,2108,2923
1201,191,303
27183,4337,5362
13585,2306,2971
8269,1347,1832
4256,673,840
13296,2118,2767
12127,2021,3036
2694,460,610
1210,200,250
5846,1014,1372
33609,5650,6954
8707,1438,1847
22277,3813,4735
25766,4567,5799
102741,16938,20978
6002,956,1439
2889,467,653
181073,30013,36466
39003,6682,8419
7562,1266,1661
8172,1365,1844
6832,1118,1442
469,74,107
153,25,35
9223,1550,2035
20789,3464,4117
29078,4862,6189
16214,2741,3562
7482,1275,1673
5709,981,1233
12402,2137,2544
4100,642,795
1081,180,245
30146,5081,6480
2265,372,474
12569,2105,2787
321,54,77
38074,6160,8009
60602,10348,13045
87929,14254,18184
30224,5069,6326
19625,3093,3857
8688,1502,1959
23223,3903,4755
58016,9695,12110
22791,3867,5072
12318,2058,3037
9902,1644,2289
17846,2962,3813
23040,3722,4838
8583,1457,1854
5952,974,1170
18341,3034,3747
74121,12410,15668
2625,425,627
21928,3595,4603
14544,2547,3345
69347,11468,14878
5303,865,1075
3484,598,860
3206,520,689
72407,12455,15732
27325,4450,5783
42,7,14
10582,1751,2119
797,146,175
4180,670,879
26472,4323,5395
1501,257,354
1073,196,279
52031,9013,11317
28643,4923,6202
64071,11077,14035
14463,2327,2966
10018,1654,2234
46025,7738,9855
95211,16306,21292
4133,698,908
29088,4963,6340
8819,1495,1870
26723,4371,5819
27638,4610,6016
17980,3028,4011
29159,5040,6318
1441,256,315
38811,6648,8462
29061,5034,6523
32414,5609,7306
26994,4542,5727
9012,1415,1854
12028,1994,2371
12048,2072,2574
10559,1798,2321
17313,3047,3737
16017,2783,3399
8311,1382,1846
12987,2305,3029
59678,10215,12709
16486,2671,3599
22927,3865,5163
26536,4399,5645
32702,5577,6930
23985,3999,5441
35953,5657,7047
32945,5588,7313
25680,4264,5382
2387,430,536
2396,394,504
2962,505,646
70087,12098,16191
1388,244,291
31988,5520,7151
5533,937,1298
23624,3911,4741
12870,2202,3063
20939,3475,4306
35569,6077,7455
19532,3229,4429
24462,4176,5991
17973,2871,3595
28765,5042,6212
14395,2415,3316
7993,1277,1721
2999,449,758
20138,3434,4796
19851,3362,4480
12534,2055,2797
22766,3828,4906
17183,2794,3994
10952,1805,2419
22433,3711,4764
22582,3830,4840
29870,5143,6525
107156,17800,22937
17763,2948,3750
132,22,31
55637,9334,13366
38071,6350,8964
6031,916,1355
75794,12440,15956
17260,2959,3678
40728,6787,9202
31739,5200,6975
40664,6627,8704
4815,817,1061
438,73,95
5869,932,1222
24598,4332,5415
16832,2921,3707
16289,2653,3206
15262,2486,3089
29265,4951,6309
24809,4370,5566
42598,7418,9402
18730,3254,4193
15762,2680,3399
447,71,128
48327,8292,10215
558,90,135
18482,3111,3863
11835,1916,2533
28160,4829,5939
39882,6613,9101
38145,6141,7700
40039,6657,9210
631,102,142
980,159,223
687,114,165
2169,353,427
84595,14075,17481
7200,1188,1555
18512,3159,4177
41522,7014,9044
55631,9633,12749
724,123,146
85810,14746,18388
88264,15115,19391
15270,2574,3362
11432,1910,2534
1176,203,286
14037,2378,2972
45159,7714,9522
756,127,182
5301,885,1161
11418,1940,2523
12020,1961,2854
13904,2338,3204
11672,1929,2648
6078,1034,1381
5628,959,1156
65296,11253,14535
35575,6104,7779
7442,1284,1633
1130,184,221
17126,2795,3855
18032,3118,3992
491,82,110
438,68,104
15271,2574,3444
30950,5241,6476
11521,1950,2549
5972,953,1211
7615,1214,1681
8107,1390,2016
2636,449,650
9653,1600,2158
13120,2287,3098
10487,1766,2310
5936,984,1442
1656,286,355
5762,958,1263
23797,4075,5007
16566,2878,3769
32468,5625,7048
41568,7104,8729
3314,549,693
10767,1862,2459
6978,1114,1628
1412,232,335
9242,1593,2261
14018,2341,3362
18937,3212,4049
3257,556,743
8799,1479,1969
665,104,172
206,33,51
2598,443,574
49840,7906,10678
105,19,25
25140,4230,5298
12490,2013,2545
13432,2346,2946
4315,741,962
17238,2980,3879
22909,3811,5092
14170,2439,3272
8327,1368,1804
5287,865,1156
57912,9738,12012
95964,16538,20378
42534,7056,8896
43513,7129,8953
16657,2800,3465
13329,2181,2961
30333,4765,6375
2298,377,603
5450,909,1111
6077,992,1412
2918,506,634
2463,430,586
33620,5845,7327
6796,1195,1532
5845,981,1300
33134,5446,7167
24190,4050,5121
25557,4144,5498
13456,2182,2987
16485,2760,3617
2216,351,478
47787,7704,9447
11801,2003,2371
21504,3551,4646
928,161,211
24828,4308,5510
9780,1595,2221
10345,1771,2290
13003,2156,2969
2433,407,530
59054,10275,12515
6872,1171,1602
12079,2079,2567
34920,5560,7211
41503,7215,9041
42386,7130,8879
14169,2398,3137
19443,3431,4327
13685,2270,3036
13662,2325,3153
23256,3790,5091
74661,12675,16325
14668,2497,3148
4439,762,956
20245,3381,4285
5771,921,1277
26048,4319,5790
43074,6920,9024
8968,1568,1969
12481,1998,2947
9198,1486,2142
605,102,137
10254,1710,2239
47825,7806,10584
4645,810,1083
11327,2001,2448
212,34,51
8144,1317,1694
5567,975,1373
9646,1550,2255
71248,11694,16138
146,23,36
3766,627,762
24599,4054,5118
1662,270,394
510,77,122
3986,666,885
17918,3089,3962
1150,179,231
3371,559,791
5675,920,1235
2371,415,550
15390,2591,3214
3054,504,712
15926,2649,3376
32598,5416,7516
28131,4932,6257
76,11,22
1294,198,243
26526,4571,5934
36292,5899,8164
8006,1354,1733
25191,4276,5161
510648,84778,119171
86750,14887,19102
19736,3387,4799
20087,3417,4492
179,29,38
99165,16375,20322
86238,14303,18604
2253,397,507
1288,222,338
927,154,239
568,101,142
35658,5978,7540
428257,69292,93124
46917,8059,9807
8816,1451,1922
21779,3618,4576
4681,840,1164
4657,773,1020
1678,287,480
57111,9836,12388
384,61,95
601,107,144
18056,3130,3871
23638,4138,5135
16382,2707,3631
9000,1511,2044
8019,1397,1836
8388,1423,1976
27385,4673,6555
3966,688,988
406,74,110
508,87,127
5272,886,1195
3333,557,767
4873,847,1152
2925,502,662
637,109,141
11874,2027,2573
2977,508,667
28439,4703,6836
230272,38127,48999
11308,1935,2577
4054,650,927
10914,1757,2463
16717,2816,3849
18875,3121,3972
19714,3446,4392
15243,2568,3325
28608,4899,6283
42363,7012,9191
173,29,39
1462,235,344
5159,836,1170
61974,10200,12736
9031,1520,1894
8518,1429,1955
566,92,152
1204,207,299
34752,5943,7934
457,78,125
1701,287,414
29573,5040,6311
530,81,128
13002,2305,2803
19622,3328,4406
571,103,162
39325,6869,8613
58076,10310,12379
28530,4997,6682
130687,21018,25543
10930,1826,2511
42085,7243,9168
27666,4763,6114
5249,919,1103
3567,600,875
10179,1822,2319
740,120,142
6922,1175,1658
18917,3307,4361
16991,2772,3567
1942,339,415
16790,2882,3821
42596,7289,9894
11380,1865,2481
1676,288,371
6778,1081,1469
302832,49993,65696
3847,653,804
1030,176,214
2839,465,676
40080,6708,9048
11355,1928,2454
19635,3266,4006
5324,890,1208
1620,280,401
8150,1366,1872
5638,956,1464
9486,1536,2012
5623,936,1270
17790,2934,3932
2990,495,820
962,166,228
19054,3235,4399
70852,11831,15399
8959,1575,2021
228,39,57
8448,1466,1792
19164,3317,3927
8412,1487,1891
11225,1889,2461
26662,4406,5898
15491,2681,3632
8323,1439,2143
3701,611,848
40774,6928,9199
88665,15159,19290
710,121,158
3910,661,895
17058,2899,4275
14185,2469,3323
536,95,128
1126,187,276
9011,1487,1921
18997,3119,4201
56663,9256,11719
19122,3137,4231
9697,1691,2059
8989,1504,2072
2392,414,561
193,32,44
1889,299,427
21089,3555,4666
7920,1336,1673
4991,831,1120
52874,9017,11945
24879,4062,5340
5778,956,1776
2880,496,688
5101,853,1124
349,59,89
3948,646,863
49330,8005,11890
2810,460,623
12097,1958,2954
313887,51998,63702
13586,2309,3373
33919,5822,7562
10237,1739,2297
25512,4272,5864
55037,9163,12099
12755,2179,2937
598,95,135
9338,1596,2092
43540,7459,8974
40693,6777,8682
25276,4367,5522
185484,30320,37091
4108,666,812
2217,372,458
2293,402,491
1746,296,434
59519,10218,13094
22835,3592,4821
11670,1940,2614
9201,1565,2182
122483,19835,26113
1152,190,271
1938,327,440
31205,5240,6988
2687,453,540
14647,2356,3035
26375,4390,6102
15846,2640,3388
4923,824,1237
3390,552,706
36538,6166,8051
1116,190,252
14111,2391,3097
18296,3165,3931
11098,1849,2590
15994,2740,3889
33343,5675,7383
9524,1676,2135
10808,1777,2344
40194,6954,9404
19863,3428,4315
6478,1069,1282
21854,3789,4882
1799,300,430
7859,1352,1743
9964,1770,2352
35039,6057,7515
4322,720,900
28211,4557,5663
1404,224,298
3963,641,849
24393,4106,5288
130925,20714,28452
7114,1174,1355
16167,2774,3791
39318,6820,8696
27572,4627,5704
54357,9059,12000
18722,3217,4304
17953,3007,3991
516,89,136
334,55,71
17237,2912,3685
4606,751,1034
773,128,180
25387,4033,5287
22212,3433,4656
11428,1918,2557
15212,2593,3333
667,109,141
491,78,133
1247,201,302
15450,2806,3826
38431,6415,8277
2649,423,551
310,45,63
146,25,31
4958,785,1105
27441,4529,6026
26426,4491,5831
622,104,160
1991,340,482
2258,360,468
27965,4707,5901
938,162,234
80746,13794,16678
15968,2792,3600
9866,1642,2120
18625,3151,4121
24085,3922,5270
19436,3366,4390
36740,6120,7965
18484,2930,3866
26729,4113,5127
32473,5464,7007
9281,1545,2058
16245,2723,3238
30070,4912,6350
8106,1374,1760
19602,3233,4391
44312,7289,9304
7478,1304,1826
402,66,80
2768,470,719
8277,1382,1754
36478,6195,7712
980,177,206
3923,641,813
21595,3586,4708
13907,2346,2942
16881,2809,3755
5738,971,1246
2962,482,650
25490,4382,5479
42560,6752,8955
13057,2223,3050
6668,1131,1604
18381,3022,3864
45813,7615,9243
16632,2893,3766
33264,5742,7899
1691,299,416
6688,1172,1590
2133,340,441
3306,561,785
9215,1534,2056
1359,232,309
21364,3570,4735
22372,3705,4969
8600,1563,2119
35464,5730,7758
1679,280,461
2722,431,564
19282,3003,4508
21726,3465,4563
17001,2757,3742
5115,835,1147
3920,679,1007
14640,2455,3219
18666,3071,4173
27333,4485,5928
16420,2803,3567
31781,5387,6872
1130,198,251
7039,1250,1562
12391,2173,2568
13957,2347,3139
61718,10269,12718
30566,5165,6784
10284,1765,2245
7198,1272,1660
14745,2570,3266
13836,2393,3077
7443,1205,1671
82377,13762,17391
869,146,207
34594,6002,7771
24323,4106,5324
10938,1877,2593
13717,2287,2981
27416,4772,6229
19441,3368,4316
10482,1752,2306
16086,2538,3708
17501,2971,4022
6164,1031,1350
25974,4353,5778
14726,2588,3301
14357,2272,3122
948,162,207
4435,771,1003
1488,260,335
24977,4042,5229
13527,2351,3184
10536,1750,2308
9039,1501,1889
49427,8135,10835
47398,7875,10228
85376,13768,19699
251,46,57
21067,3606,4808
14292,2481,3308
3809,654,929
8639,1434,1851
17918,2780,3833
15554,2546,3521
30261,4928,6600
61258,10235,12715
3350,561,793
659,105,146
9912,1625,2098
81191,13168,17101
101408,16886,22071
18071,2978,4294
8672,1429,1899
19892,3140,4102
25508,4152,5199
11704,1929,2563
6446,1077,1435
42828,7625,10105
14355,2521,3105
29540,4625,6057
12987,2179,2738
3594,602,852
481,80,111
17156,2845,3788
14940,2389,3447
24269,4033,5222
12026,2107,2774
11242,1901,2412
35391,6111,8046
35299,6120,7938
3604,613,836
14055,2371,2990
9967,1646,2420
16550,2694,3670
17657,2934,3813
17978,3056,3926
19738,3287,3990
30288,5075,6495
3245,547,677
19024,3192,4372
762,137,186
25948,4392,6013
1350,246,353
16532,2764,3281
41603,7086,9168
132718,22481,27864
6241,947,1435
2433,410,530
438,76,108
8030,1376,1826
7398,1290,1694
32708,5347,7116
9619,1608,2082
6227,1015,1372
1640,277,378
1098,178,254
1223,209,278
35581,5604,8277
12246,2004,2676
49345,8269,10566
6599,1031,1344
23079,3894,5104
1628,282,407
21026,3770,5176
16257,2650,3485
13220,2189,2907
12461,2104,2860
51569,8288,11460
17782,3094,3967
18102,2966,3754
10665,1640,2334
11618,1965,2702
12114,2108,2655
27327,4381,5551
16228,2679,3330
46965,7658,9596
4835,823,1160
4450,758,1089
16730,2790,3886
14381,2429,3113
10383,1817,2341
14266,2342,3091
15793,2675,3422
14755,2505,3330
21746,3613,4899
14242,2376,3305
25843,4394,5405
30182,4957,6413
9766,1641,2219
59740,9437,12085
1883,317,415
3787,630,855
16033,2753,3446
6579,1127,1627
20449,3415,4567
28351,4769,6037
11013,1953,2373
3046,511,670
12176,1975,2732
148809,25412,33695
57994,9806,12203
11547,1962,2460
15014,2506,3303
2937,501,675
18980,3187,4082
23921,3749,5257
23898,4016,5612
21955,3781,4609
64575,10981,13681
23990,3963,4998
58912,9826,12041
24429,4091,5236
7883,1267,1687
37573,6461,9365
30257,5135,6530
1149,179,275
3708,599,879
4591,713,1009
9832,1615,2083
2057,337,407
5057,886,1046
29309,4557,5629
29131,4931,6091
45102,7495,9679
10668,1804,2456
59,9,14
64628,10979,13665
23988,3984,4868
13118,2206,3185
4337,728,1000
50235,8117,10867
35573,6062,7622
10390,1706,2382
10801,1798,2401
67609,11161,13943
14007,2296,2936
2830,473,585
9663,1646,2176
25813,4431,5546
12867,2140,2630
12435,2134,2679
22700,3830,4989
11213,1883,2447
11445,1956,2572
9714,1542,2175
4690,755,1236
42499,6943,8760
8322,1367,1818
22232,3760,4977
4780,841,1067
3220,549,732
4019,638,868
35429,6113,8062
36136,6094,7710
27271,4616,6116
25206,4398,6110
12636,2115,2774
9175,1358,1801
57353,9658,12151
107943,18073,24060
10798,1860,2287
22339,3643,4472
14867,2581,3281
28467,4811,6090
626,106,141
698,116,191
1317,220,319
36515,6255,7981
16289,2840,3686
8759,1458,2042
2393,402,536
10151,1660,2128
6691,1132,1397
3988,690,920
17990,2991,3862
12695,2156,2794
12480,2116,2896
6861,1165,1556
3068,523,734
2288,396,528
5990,1007,1333
23315,3905,5300
51479,8768,11088
1617,274,403
37190,6223,7820
30863,5243,6753
36317,5961,7807
133352,22618,27509
41058,6963,8456
46100,7620,9915
134,26,37
1710,267,405
2459,390,525
1467,231,352
3056,497,683
2428,424,586
7060,1140,1512
16352,2823,3548
2642,448,562
37741,6153,8235
22397,3716,4662
10343,1689,2172
44105,7423,9501
19793,3492,4261
39261,6872,9356
1300,201,325
4330,726,968
9545,1559,1966
675,109,152
1065,181,276
1104,184,259
12230,2011,2620
15756,2750,3332
8627,1401,1782
18725,3024,3696
7539,1234,1683
3046,509,666
10662,1839,2458
444,74,101
43528,7219,9340
10392,1778,2264
40023,6428,8777
11472,1912,2504
15035,2623,3341
1065,173,239
15075,2432,3124
15903,2585,3512
301,55,77
301,55,77
44686,7349,9568
30924,5235,6971
895,148,207
21311,3619,4569
9787,1633,2180
18306,3075,4005
19629,3213,4323
19954,3327,3921
67422,10821,13855
6988,1201,1656
82589,13864,17296
6838,1150,1514
1844,329,426
29927,4662,5658
57103,9414,13078
2787,436,588
12337,2042,2524
5531,881,1104
15439,2542,3426
14991,2553,3136
26748,4527,6316
38542,6353,8342
4918,802,957
11958,1980,2584
18754,3065,3971
6749,1129,1524
20092,3507,4519
21344,3616,4843
41436,6932,9305
38220,6545,8271
11459,1888,2541
13676,2335,3019
1094,191,242
12222,2033,2510
7722,1310,1646
10254,1733,2141
4686,764,959
1597,295,362
4867,803,960
8307,1418,1819
38276,6541,7932
15742,2706,3268
31724,5528,6866
10693,1717,2063
4385,729,874
6600,1130,1457
148044,23528,31836
11200,1954,2715
50687,8704,10957
12145,1996,2790
22631,3722,4983
72726,12146,15855
35061,5730,7247
23878,3978,5132
10675,1752,2317
10360,1762,2301
48732,8052,10621
20919,3690,4759
70313,11297,14589
28924,4843,6331
35383,5987,7252
55959,9112,11296
61619,9968,12639
3778,646,859
5686,1013,1277
177967,29115,36209
37816,6160,7706
28069,4700,5809
10806,1702,2156
18067,3154,3987
1172,201,305
15709,2667,3458
15310,2534,3466
45118,7585,9458
43534,7472,9158
1127,187,287
5773,939,1207
9982,1648,2150
24190,3705,4879
9236,1522,1916
17109,2791,3548
3817,650,874
8324,1383,1817
2639,456,615
14322,2266,3028
1854,299,396
19302,3143,4339
12161,2043,2684
5007,823,1228
14080,2415,3184
18656,3173,3824
7873,1274,1630
5571,883,1133
34021,5704,7302
12762,2196,2804
8685,1471,1866
17258,2980,3782
93858,15351,19123
22104,3586,5194
22523,3999,5136
10276,1654,2285
13384,2191,2878
59483,10123,12875
11596,1947,2629
41931,7235,9071
47969,8291,11443
28970,4730,6534
35990,5937,7504
62647,10336,13928
12347,1909,2610
21941,3614,4627
8812,1491,1899
15881,2623,3263
14367,2350,3024
14362,2348,3023
17305,2955,3956
54513,9283,12313
6569,1101,1384
13965,2364,3153
2357,392,515
2660,433,563
21156,3568,4393
1250,211,296
19376,3204,4008
17275,2839,3765
20355,3598,4718
837,152,209
10145,1636,2085
6140,1002,1361
1869,321,395
29128,4734,5951
6585,1114,1422
15869,2636,3635
12437,2084,2723
16426,2639,3611
1883,312,441
11609,1861,2634
36231,5942,7735
3993,654,839
17830,3144,4032
44677,7414,10232
6809,1155,1491
12095,1973,2601
8557,1386,1898
30616,5109,6383
16654,2818,3512
35441,5875,7493
22946,3862,4957
9529,1603,2009
10337,1797,2484
15809,2695,3401
20168,3458,4380
25978,4429,5570
5567,952,1176
17128,2800,3991
9861,1776,2395
26132,4549,5781
21573,3491,4426
17723,3044,3829
3008,493,679
2361,405,536
970,172,223
9167,1591,2007
41294,6902,8731
2443,385,522
53187,8831,11100
19097,3227,3902
1575,233,347
16681,2923,3683
36107,5847,7497
10672,1796,2588
10054,1736,2155
6029,1056,1363
32411,4954,6670
33225,5627,7423
45932,7484,9314
8929,1516,1902
23906,4002,4915
3769,647,894
28520,4735,6103
11073,1945,2431
40633,6621,8089
15410,2602,3315
15434,2631,3623
28850,4866,5947
62784,10826,13393
5686,960,1305
19307,3252,4379
41301,6971,9416
34062,5532,7364
11535,1982,2461
21007,3518,4590
2210,373,509
6731,1079,1410
23328,3959,4955
30331,5177,6355
23830,3790,5302
87706,14134,18090
1489,257,391
97382,16053,21778
35552,5985,7771
39244,6819,8499
1964,332,423
45187,7397,11251
1457,250,326
25759,4244,5371
4391,727,865
1566,249,313
38270,6651,8705
10137,1736,2143
8607,1458,1779
7192,1242,1539
16539,2793,3345
4294,737,904
9607,1571,2010
17713,2948,3686
2206,352,439
1126,189,246
12154,1910,2923
23138,3825,5358
706,113,166
38327,6429,8215
5667,957,1385
28063,4781,6198
9944,1736,2199
18184,3074,3849
1037,184,253
19698,3364,4586
40155,6655,8713
37831,6319,8354
15334,2759,3698
6207,1139,1440
78374,13035,16104
22130,3600,4659
9680,1652,2283
9842,1668,2203
6407,1060,1359
34600,5847,7224
15422,2628,3418
26967,4712,6190
14399,2567,3226
20352,3435,4306
25216,4148,5311
7557,1296,1608
18872,3201,3851
7490,1280,1579
9372,1690,2136
4303,698,989
101776,17170,22915
11650,1935,2621
6518,1113,1505
778,126,174
23283,4012,4815
9799,1650,2152
15772,2536,3452
6725,1114,1508
3007,513,675
64,8,22
4261,718,945
26977,4524,5676
753,130,187
46322,7671,10491
10990,1816,2296
8498,1495,1903
3278,561,721
8866,1563,2195
3000,502,723
16929,3032,3974
21877,3889,5303
30333,5240,6464
2948,472,576
38341,6449,9922
9788,1597,2081
11368,1967,2683
397018,65530,98145
178432,29639,41878
194720,32847,46978
180129,30398,41525
9499,1614,2055
26262,4604,6385
6058,1023,1404
47453,7363,9417
35100,5952,7575
656,104,152
2717,434,583
16125,2732,3766
18063,2964,4022
45167,7625,10460
25843,4212,5516
37391,6414,7741
11410,1889,2330
71295,11295,15908
12433,2189,2758
15361,2683,3623
11207,1847,2363
15427,2517,3250
69660,11653,15264
202042,32358,43681
6737,1206,1459
1946,309,406
22415,3832,4757
10496,1641,2573
7245,1162,1508
61309,9958,14550
15986,2749,3669
40692,6674,8701
25076,4291,6037
26154,4474,5829
66847,10966,14490
8566,1396,1868
55404,9447,11826
22068,3775,4820
12950,2299,2998
1748,280,352
16277,2697,3298
23291,3825,4918
7174,1138,1541
5484,908,1218
2705,460,595
1936,344,477
2895,500,603
12298,2088,2696
1604,272,368
24893,3894,4917
2885,499,618
6737,1135,1517
3400,578,740
37477,6331,8181
22194,3691,4873
21251,3686,4580
19945,3450,4356
23051,3995,4929
1730,281,378
13028,2069,2952
15458,2684,3323
15541,2673,3479
228,42,79
241,43,79
7738,1356,1873
81175,13407,18724
37183,6331,8204
14157,2372,3119
8260,1412,1857
17854,2887,3865
2517,427,522
5214,879,1114
2319,392,528
1595,251,360
25173,4288,5472
11551,1980,2565
17679,2939,3815
44483,7283,9354
41986,6764,8970
2147,339,499
31803,5392,7167
5831,954,1267
1076,184,250
10635,1863,2415
15099,2584,3213
15537,2710,3820
19642,3226,4529
16992,2903,3680
18642,3131,4376
20608,3393,4653
26344,4464,5991
19935,3363,4308
34411,5809,7225
22144,3633,4915
26832,4665,5982
34688,5969,8102
7370,1257,1578
16190,2827,3646
1665,273,406
18040,2821,4036
28211,4909,6050
26789,4581,6177
126289,20860,25952
16739,2772,3634
18075,3048,3898
5153,853,1121
842,138,204
1615,274,407
1124,189,275
10186,1662,2202
30604,5276,6511
11073,1859,2357
2327,403,490
1321,207,290
10082,1741,2529
24279,3947,5249
25782,4281,5668
9918,1738,2348
19117,3243,4169
19710,3276,4213
2865,497,648
2748,441,600
2210,379,494
8109,1379,1892
781,125,167
33041,5690,7169
20701,3590,4672
46085,7648,10369
2593,452,627
18444,3194,3968
13525,2317,2840
34003,5764,7379
24514,4075,5122
10371,1726,2227
20555,3500,4543
17080,2918,3934
35785,6038,7739
45029,7646,9180
29475,4916,6070
99938,15897,21044
18558,3120,3767
557,91,134
8053,1373,1771
1975,345,458
1242,207,260
1258,222,281
14605,2470,3217
358,62,75
495,83,118
13322,2270,2979
13976,2262,3080
144923,24816,30793
31368,5190,6991
15466,2600,3326
33693,5783,7204
115194,18532,23322
5490,940,1161
5333,900,1187
7082,1187,1534
29272,4805,6178
15948,2793,3725
6680,1066,1358
36170,5601,7778
11947,2127,2942
19716,3495,4513
1016,167,229
2108,347,460
34062,5463,7023
307,51,71
17720,2983,3676
3519,585,806
8209,1417,1880
17411,2835,3842
1063,175,248
1787,301,411
3977,662,879
7290,1153,1566
6743,1075,1407
8302,1421,1896
6353,1059,1364
16322,2763,3499
9322,1608,2088
14095,2442,3155
13857,2290,2921
30845,5154,6770
4188,665,1149
204,31,45
12172,2026,2497
11206,1915,2325
7866,1325,1721
29847,5105,6680
15555,2637,3661
15508,2417,3242
11184,1839,2656
64214,10904,13570
34468,6027,7721
9432,1520,2143
51373,8764,11448
1334,212,295
24290,4190,5498
3499,573,788
2402,396,522
758,130,188
1338,221,266
3906,647,840
2416,383,517
285901,44483,57715
41676,7103,9291
11762,1956,2673
8899,1360,1921
8257,1290,1731
3017,494,747
6387,1056,1542
9961,1620,2088
17206,2902,3888
6355,1057,1287
16730,2673,3577
19693,3323,4171
74955,12634,16138
18591,3138,4043
23250,3950,4921
19168,3198,4076
43278,7205,9613
7475,1238,1598
14485,2563,3422
19749,3361,4403
10981,1870,2577
783,142,194
58253,9612,12097
9794,1650,2138
90721,14942,19479
17589,2992,3591
27700,4567,6341
18707,3087,4284
21439,3499,5106
72966,12238,16682
23680,4022,5387
21742,3588,4749
39077,6707,8416
325,51,64
14927,2493,3052
11490,1888,2294
14465,2435,3315
26349,4355,5547
28347,4755,6336
17723,2965,3616
54148,8784,11839
30171,4961,6478
34314,5866,7472
11597,1919,2755
3511,575,746
8815,1416,1932
24196,4147,5058
40157,6631,8560
17612,2968,3819
14514,2417,3235
12475,2089,2691
21290,3634,4888
26670,4564,5833
22646,3807,5089
10218,1746,2272
15911,2740,3407
17587,3005,3726
14781,2430,3148
17963,3027,3987
17530,2958,3869
20363,3373,4282
21525,3586,4873
21266,3619,4613
141629,23202,29992
10763,1865,2329
18294,3139,4100
44567,7537,9811
19802,3269,4293
16914,2824,3869
7398,1278,1693
4457,704,996
3794,659,816
13585,2398,2994
14397,2460,3170
32769,5824,7550
14066,2391,3189
7982,1363,1696
9549,1549,2029
6853,1076,1424
19820,3334,4179
28202,4642,6242
18431,2885,3815
16937,2901,3743
16339,2613,3651
24555,4106,5448
20735,3600,4515
48784,8317,10230
35547,5819,8473
24063,3799,5712
14658,2537,3220
21515,3668,4678
11770,2018,2821
21665,3712,4737
49467,8669,11475
29638,5014,6705
2241,365,466
18784,3068,4680
18427,2963,4307
25375,4135,5926
16032,2694,3453
13075,2176,2762
16923,2846,3775
22788,3755,5417
14114,2342,3140
64583,10564,15120
1423,226,299
16084,2707,3486
68647,11132,14821
60903,9726,13307
43479,7435,9518
36579,6319,7553
37702,6314,8424
11802,2038,2864
20515,3496,4696
175698,27923,36342
35652,5961,7529
1913,306,403
7658,1140,1652
4622,791,1058
38872,6252,8100
22686,3720,4721
35785,5873,8096
28786,4942,6300
40134,7050,8876
10938,1897,2799
26239,4615,6128
25671,4406,5790
286,53,86
23406,4000,5366
41015,6688,8477
16256,2781,3683
15901,2560,3367
22654,3551,4610
46835,7958,11031
15109,2646,3303
25907,3916,5493
1819,309,386
27028,4403,5751
14122,2403,2865
15936,2675,3770
16639,2906,4095
51419,8365,10598
32013,5658,7397
10730,1715,2216
113173,18554,23568
31866,5325,6688
26088,4569,6122
51402,8531,11187
35804,6082,7694
50583,8576,11610
15231,2471,3331
24801,4250,5959
19220,3229,4553
28095,4784,6977
694,115,172
55865,9395,11522
22789,3879,5554
34626,5936,7575
35437,5594,8301
9354,1525,2102
46576,7923,10042
16322,2797,3656
36190,5730,7260
13705,2299,2764
14455,2474,3140
111519,18150,22889
18407,3127,3799
16106,2578,3272
38242,6498,8065
1689,281,379
2869,455,566
4808,804,1045
60326,10199,13206
57237,9605,12092
23766,3800,4921
7078,1193,1588
38546,6560,8378
3190,516,702
41939,6881,8871
20359,3439,4594
3860,650,834
18074,2992,3894
73254,12881,15731
47219,7905,10354
715,129,211
4868,869,1081
7467,1212,1651
3847,653,852
40151,6517,9495
1658,289,380
76331,12821,15908
2238,358,475
74431,12165,16367
3355,544,755
2659,435,572
11911,2027,2619
8240,1333,1768
31611,5322,6975
27632,4800,5980
16393,2761,3336
14222,2488,3152
8509,1485,1948
10078,1689,2232
16599,2868,3638
2942,513,697
1271,210,282
2520,403,521
6370,1067,1422
10324,1653,2118
14480,2303,3273
7925,1299,1775
47337,8059,10268
9837,1651,2202
5079,853,1081
167310,27277,34093
63278,10531,13678
9388,1606,2029
101841,17174,22347
11094,1916,2419
11191,1826,2326
3514,586,766
10632,1830,2624
13835,2422,3434
5605,909,1288
50706,8509,10940
74456,12244,15594
3479,569,893
6699,1141,1611
4229,692,949
2258,375,583
1028,174,215
7406,1184,1557
5251,945,1273
28351,4936,6241
26208,4219,5378
203,30,41
196279,31438,40547
6490,1082,1378
13370,2211,2790
8410,1411,1822
14680,2430,3201
921,164,225
10258,1713,2344
17156,2748,3619
10524,1732,2193
6992,1162,1591
3262,537,789
12134,2040,2771
3934,658,869
27103,4585,5941
14457,2470,3293
8910,1471,1984
5834,968,1358
9146,1620,2107
18173,3145,4028
16010,2808,3530
5068,820,1111
56443,8787,12675
17265,2823,3699
1079,181,251
131,22,37
16339,2654,3331
15588,2543,3308
10365,1759,2339
22174,3605,4383
13366,2261,2821
15919,2710,3495
12680,2027,2716
44151,7378,9344
2866,484,663
58549,9928,12879
1948,319,473
1092,184,240
61578,10334,12946
30286,5120,6407
16166,2732,3588
8358,1439,1847
4048,684,905
854,147,192
2437,415,574
27433,4577,5475
2758,476,662
818,137,187
3985,670,864
2886,507,650
4061,675,845
4137,671,978
29113,5076,6422
11149,1845,2790
29125,4724,6309
2698,467,539
743,123,187
3207,554,745
3356,546,765
2947,508,642
45994,7578,9915
2378,396,512
2244,370,462
15164,2381,3181
4817,762,990
35906,6075,8076
2421,394,519
25414,4427,5918
27600,4480,5663
20697,3379,4485
880,142,207
37292,6091,8174
24782,3966,5409
8125,1344,1799
8149,1326,1659
7045,1171,1461
6100,939,1269
3461,538,831
1119,188,255
18634,3014,4063
10854,1806,2347
30934,5271,6534
15164,2554,3655
16763,2771,4213
16291,2773,3760
10883,1831,2433
14902,2496,3318
1341,221,281
74541,12339,15399
4119,710,918
281,48,61
978,172,231
12642,2018,2676
14345,2424,3262
89636,14416,19587
10064,1614,2031
49807,8488,11193
22821,3690,4896
361,58,77
5186,884,1137
21347,3444,4683
764,123,168
22156,3666,4661
14570,2454,3219
5131,873,1129
18451,3100,3722
23141,3958,4949
19222,3211,4134
10923,1828,2246
22867,3848,5063
9551,1565,1972
5204,902,1195
135957,22467,28403
14341,2445,3201
18877,3123,4317
110696,17484,23140
5930,945,1329
13781,2289,2755
13827,2363,3336
15428,2579,3325
23117,3860,4881
3490,580,797
4794,806,1062
2635,417,554
1062,165,222
20176,3459,4267
25698,4309,5675
10768,1843,2289
13740,2378,3476
46124,7687,9585
8457,1436,1963
13763,2321,2847
11576,1963,2546
12377,2125,2717
8430,1361,2008
9669,1560,2054
1608,265,368
17060,2896,3629
9501,1660,2137
980,164,230
354,60,78
6225,1005,1322
6278,1046,1456
13667,2372,2864
48953,8665,11237
2683,444,575
28721,4895,6259
23544,3941,5005
11863,2011,2504
1213,214,288
1843,311,416
10855,1809,2326
18767,3052,4224
51860,8911,10690
16717,2848,3546
130301,21841,27782
22844,3918,5054
38366,6161,7909
10257,1752,2264
10753,1760,2372
23040,3898,5039
13478,2152,2912
29273,4854,6160
16706,2721,3403
2808,461,627
2929,472,634
22952,3879,4786
812,138,215
48208,8311,10177
25352,4389,5569
5996,1038,1345
896,156,213
13345,2247,2802
1629,275,405
16389,2840,3628
133,22,29
2072,336,471
6989,1142,1539
14745,2501,3207
26169,4498,5710
4985,837,1108
1677,287,385
1553,259,330
11636,2063,2665
9876,1659,2247
2832,451,657
14932,2529,3310
1394,235,401
12914,2205,2851
12515,2135,2628
28829,4738,6351
3478,593,744
35468,6004,8118
8743,1481,2054
40545,6524,8216
7494,1223,1709
4045,660,910
12515,2180,2789
11295,1774,2328
40410,6482,8706
11024,1765,2400
17982,2983,3981
3336,561,763
1001,175,205
2802,485,667
921,160,195
26212,4447,5651
343,61,75
238,34,57
27961,4862,6142
24294,3937,5051
2008,342,473
6975,1161,1443
9575,1623,2025
33375,5734,7800
7265,1232,1578
3459,611,792
7876,1249,1674
795,130,187
4788,809,1045
21339,3661,4735
19615,3190,4212
11034,1877,2401
4763,778,1012
7541,1257,1688
16151,2667,3440
24881,4046,5315
12503,1999,2823
1709,285,408
19148,3152,4006
12251,2033,2599
4153,724,1042
1739,284,396
33106,5509,7449
71319,11932,15083
23629,4087,5490
9439,1541,2033
27081,4544,5817
41338,7082,9047
6014,1059,1379
33759,5484,7628
11707,2041,2784
36475,6177,7723
22208,3607,4742
4064,691,843
2318,375,552
3498,567,822
17992,2945,3691
29542,4921,6093
7315,1219,1575
6923,1145,1485
4823,778,1070
20237,3303,4430
48471,7841,11235
60798,10074,12521
35768,5906,7435
16208,2651,3377
23950,4091,5361
6898,1189,1664
17971,2968,3671
8154,1425,1768
4353,750,958
9572,1611,2007
5486,930,1258
3322,523,668
6077,972,1405
49867,8410,11114
6429,1060,1410
11300,1963,2537
11094,1814,2627
2560,408,561
28609,4683,6277
19402,3310,4475
47607,7834,9862
20042,3326,4297
617,100,163
658,107,215
14405,2399,2998
45137,7316,10452
27850,4837,6119
24171,4025,5433
21528,3551,4482
7728,1294,1651
31454,5340,7550
13762,2354,2970
9252,1585,2069
50551,8516,10461
11756,1996,2640
21754,3668,4524
38726,6630,8353
24635,4180,5311
1812,286,384
15535,2676,3372
44035,7486,9390
33740,5558,7038
5572,980,1373
20131,3290,4351
14482,2503,3209
7286,1228,1609
4553,765,996
11498,1824,2704
76309,12927,16864
30685,5163,6447
16084,2639,3572
15414,2533,3552
289,50,72
2449,410,563
11627,1817,2674
59665,10064,12828
3302,530,773
11176,1925,2608
1658,287,378
11244,1857,2385
37379,6341,7799
55734,9393,12021
16727,2779,3914
54468,9321,11436
12574,2066,2722
1210,192,234
2068,326,481
10991,1931,2502
18863,3211,4189
42068,7039,8899
10172,1693,2110
70293,11393,15011
6776,1129,1449
20363,3331,4341
9606,1580,2048
4971,828,1110
23262,3962,5083
13438,2219,3079
4701,781,940
4722,781,1007
20588,3455,4566
718,121,140
11271,1938,2395
7853,1344,1705
15792,2784,3677
34032,5697,7087
10273,1724,2354
2567,395,581
39941,6962,8813
12763,2046,2797
7457,1126,1537
17904,2965,3737
4591,788,1072
25790,4472,5456
17521,2873,3794
3783,631,845
20690,3230,4116
5298,854,1295
23708,3946,5236
6215,1042,1557
12118,2037,2747
21337,3419,4513
2191,375,503
5378,894,1179
39441,6457,8654
22007,3544,4523
26674,4370,5560
14546,2546,3346
3561,609,763
2970,478,650
1202,190,244
797,129,244
6570,1122,1513
12913,2107,2561
23093,3787,4691
36091,6124,7454
19418,3187,4035
1405,249,335
6996,1166,1520
1203,197,287
10119,1715,2248
23577,3928,5187
5590,927,1231
4732,804,962
23449,3897,4997
19121,3306,4246
7186,1231,1572
49362,8452,11044
5624,951,1261
2397,402,502
6929,1155,1495
2536,432,565
4064,659,925
6733,1117,1535
9803,1668,2119
5252,875,1187
43683,7474,9838
1198,206,258
27498,4641,5849
7062,1063,1410
15684,2515,3485
37373,6093,7994
18029,3046,3672
3051,506,648
5132,860,1214
30027,4984,6395
27020,4327,5587
8096,1328,1707
8462,1416,1764
38785,6281,8927
7928,1337,1675
18650,3094,4072
5563,890,1245
4106,686,1022
10503,1820,2203
12532,2101,2807
7882,1362,1746
33476,5799,7321
7843,1205,2000
6710,1145,1460
6045,986,1314
4630,755,1019
7858,1247,1717
2800,448,596
6499,1090,1435
7607,1293,1618
76980,13233,17475
85479,14540,18437
20768,3489,4361
15691,2558,3540
17493,2875,4065
11229,1909,2680
14847,2533,3058
39843,6624,8702
12563,2108,2543
4936,840,1013
9380,1570,1962
9776,1641,2177
17022,2807,3722
4367,717,911
75036,12786,15741
6094,1015,1322
31016,5126,6324
30056,5026,6446
6718,1117,1524
8871,1451,1911
2397,396,546
25021,4266,5455
11077,1828,2458
5403,897,1160
31558,5345,6996
11152,1870,2508
14303,2382,2943
24133,3945,5010
21514,3656,4684
2730,464,627
34037,5900,7249
15835,2634,3284
15124,2373,3189
15032,2517,3381
15145,2526,3156
47868,7970,10999
5803,969,1284
3907,621,888
5082,852,1102
18831,2940,4215
22742,3692,4952
17164,2858,3677
23944,4046,5735
15318,2533,3276
40553,7029,9284
6451,1071,1395
13814,2446,3052
24684,4130,4975
35909,6199,7858
18740,3145,4004
6143,999,1439
23746,3877,5440
14984,2395,3211
8325,1369,1960
21941,3626,4450
16178,2706,3480
12994,2217,2729
2170,356,513
35435,5960,7607
8114,1408,1747
11145,1852,2378
9519,1582,2195
12630,2189,2988
26251,4465,5442
27230,4354,5953
29588,4657,6446
8425,1376,1805
31470,5183,6424
12943,2092,3019
11162,1921,2672
11590,1890,2529
7385,1187,1526
10726,1690,2368
1784,287,385
1668,276,386
3140,528,738
10759,1890,2406
22217,3679,4658
19953,3462,4444
18265,3024,3927
8937,1481,1883
6214,1045,1341
4897,825,1099
13505,2248,3170
38443,6570,8357
14907,2508,3488
65419,10415,12649
15206,2618,3435
30069,5017,6018
64791,10798,13677
5798,972,1319
1896,313,416
15157,2513,3126
26154,4439,5432
21617,3616,4643
10137,1668,2167
24026,3990,5538
4887,801,1015
16506,2759,3740
39493,6674,8669
33203,5495,6748
18789,3187,4435
8617,1471,1938
76959,12271,15327
1790,294,439
21176,3476,4542
3520,620,857
3644,561,847
25266,4337,5793
3027,526,716
17134,2937,3753
23219,3863,4984
7618,1264,1585
6245,1072,1530
11310,1912,2657
7817,1332,1832
13208,2264,2926
109658,18009,23826
7870,1285,1743
30174,5110,6580
38235,6461,8073
31367,5220,6410
14500,2508,3386
48245,8282,10899
10829,1809,2275
29324,5077,6477
14540,2452,3400
57943,9528,11693
111251,18211,23427
8993,1501,2027
27293,4708,6174
12405,2108,2646
17,3,5
3859,627,882
30669,4986,6245
117245,18791,27260
81172,14023,19345
1516,266,349
9481,1660,2120
3325,570,721
5689,995,1228
9492,1594,2076
7906,1348,1749
7350,1184,1516
2982,493,621
83135,13638,17280
902,134,217
10272,1746,2127
35363,5825,6978
2392,386,574
1514,248,325
5096,887,1210
4505,728,1110
19084,3325,4156
4008,679,840
24619,4157,5623
1492,242,311
36293,6038,7942
18668,3170,3979
18265,3041,4205
40454,6822,8202
147273,24324,31726
6181,1067,1371
9665,1603,2040
47282,7870,9874
11834,1917,2570
17568,3018,4000
22875,3728,4926
19003,3370,4372
5376,929,1186
34664,5671,7337
2359,384,509
14676,2360,3003
12040,2157,2801
15036,2619,3528
98758,15952,19505
39761,6490,8377
42010,7019,9089
2795,446,663
2891,454,669
37510,6185,7772
17825,3142,4233
33840,5804,7439
31536,5318,6767
10847,1852,2427
14165,2353,3204
4915,842,1142
6802,1099,1436
29947,5102,6584
22012,3748,4965
1051,172,240
438,76,97
7842,1337,1756
26036,4300,5476
49646,8224,10993
3722,649,830
5420,889,1254
68478,10917,14286
70732,11763,14797
23616,4101,5315
21717,3724,4671
14777,2455,3144
27127,4530,5540
5557,969,1201
5346,940,1162
9028,1538,2026
24753,4011,5127
12724,2199,2910
46116,7787,9918
812,140,197
7389,1248,1737
33903,5811,7476
2955,492,686
18265,3245,4231
6485,1092,1471
23363,4000,5372
22358,3687,4777
3667,621,859
2910,474,660
3195,519,716
13541,2239,3144
5079,823,1135
56514,9573,13012
4749,794,1058
16760,2824,3516
7268,1188,1608
3110,505,691
33871,5791,7525
14152,2444,3299
13261,2123,2760
34547,5739,7298
16534,2804,3625
11416,1896,2506
20460,3413,4392
54946,9236,11487
7888,1338,1733
29737,4876,6478
2277,361,473
12770,2066,2573
19080,3138,4210
786,130,167
11234,1830,2423
8494,1438,1913
8294,1437,1996
14796,2393,3113
9869,1700,2258
350568,59909,74313
10582,1794,2260
9857,1701,2256
2140,361,492
24,5,8
57367,9543,12054
8387,1344,1938
92131,15445,19077
2396,418,635
19017,3230,4072
15781,2630,3412
14047,2240,3088
28066,4581,6170
9775,1575,2279
26533,4481,6091
36085,6040,7554
1834,307,421
4756,819,1141
7096,1154,1634
2187,371,475
10387,1740,2206
16832,2776,3746
5253,862,1111
1638,267,341
9551,1578,2079
6282,1041,1318
34907,5931,8178
21782,3549,4612
36644,5889,7628
26331,4711,6166
47272,7958,9909
229,37,45
6190,1028,1301
9556,1672,2211
10680,1825,2362
13354,2226,2891
4335,727,975
16727,2774,3626
19516,3363,4757
16258,2702,3706
27819,4717,5954
6519,1040,1518
21968,3727,4970
347,54,72
44957,7261,9530
7099,1206,1593
3132,534,764
11353,1902,2480
10327,1819,2294
8075,1374,1848
7351,1274,1562
9290,1609,2130
4172,713,969
28745,4798,5961
7055,1169,1521
9576,1633,2058
14025,2265,2917
4292,721,953
7697,1247,1685
18988,3142,3975
5722,990,1334
8868,1490,2034
2393,425,605
18516,3173,4095
15798,2626,3349
6497,1137,1556
11964,1931,2748
19161,3168,4152
31623,4883,6571
49039,8214,9993
30457,5327,6711
62898,10558,13078
12530,2103,2834
308,58,85
15456,2559,3377
9190,1532,1819
17481,2968,3877
75690,12462,15541
41521,7125,9023
17310,2861,4127
11934,2014,2460
26977,4411,5850
7578,1295,1717
79708,13295,17666
9601,1595,2042
160,27,41
1566,256,363
3761,662,865
7284,1172,1733
20105,3467,4374
26626,4515,5446
15284,2565,3378
12593,2088,2533
16476,2820,3701
931,163,208
8655,1360,1933
67177,11018,14673
37850,6316,8257
23318,4030,5135
158,27,30
23656,3988,5176
5336,895,1173
447,79,109
5581,880,1250
23769,3771,4595
382,61,93
12243,2050,2623
20778,3458,4264
846,136,186
8455,1364,1930
72358,12337,15577
9196,1500,2037
16156,2728,3523
19474,3349,4134
5743,1017,1396
1403,244,317
3663,577,817
2684,439,506
2881,497,719
45958,7401,8759
11449,1897,2524
21832,3665,4627
10269,1729,2200
538,95,138
74352,12479,16068
3269,538,730
3793,677,872
8466,1401,1900
94311,16223,20321
28261,4647,5815
13512,2358,2951
22495,3747,4880
11927,2056,2794
13484,2200,3073
7603,1262,1695
5746,957,1332
11902,1983,2585
15554,2675,3630
28219,4860,6006
12181,2080,2790
261,45,65
27674,4348,5868
39278,6505,9300
10702,1613,2464
17727,3096,3920
4326,739,1011
2688,442,677
10711,1845,2465
1558,254,373
14371,2506,3373
19941,3355,4307
147501,23296,29756
23497,4019,5463
1158,177,288
17048,2939,3713
6301,1077,1520
4531,756,977
10458,1727,2389
2401,400,476
18143,3128,4055
11698,1908,2395
10211,1712,2151
72508,12256,16108
21335,3530,4396
19659,3375,4154
9027,1506,1998
17985,3060,4078
6599,1136,1529
9654,1669,2257
14273,2445,3058
83360,13494,17740
93699,15632,19151
28806,4910,6363
48493,8056,10282
5575,949,1275
5681,1000,1289
123627,20600,26210
11306,1916,2567
32723,5595,7166
11674,1983,2537
2892,492,657
11621,1906,2476
45780,7731,9516
28634,4861,6374
10517,1810,2201
11534,1922,2571
17083,3003,3646
55982,8996,11100
19805,3457,4788
30309,5045,6893
33027,5555,7450
38666,6596,8670
10376,1722,2223
26032,4377,6093
17978,3114,3731
24079,3953,5264
7193,1245,1555
6064,994,1339
4909,828,1203
6295,1076,1421
46396,7604,9633
24848,3863,4816
14914,2540,3465
12124,2055,2610
9467,1561,2108
321,61,66
16949,2725,3666
24673,4111,5298
8709,1477,1887
60785,10314,12917
357,68,75
3113,514,704
65425,10894,13769
32110,5551,6841
12372,2198,2991
1533,229,321
11456,1906,2474
37253,6128,8028
53115,8742,11102
10227,1750,2173
14738,2502,3159
17415,2912,3608
46224,7685,9789
29572,4932,6238
4370,732,1004
5283,821,1174
27158,4535,6082
15725,2680,3336
163141,27174,34341
42454,7136,9256
19865,3464,4648
22072,3750,5352
54988,9291,12576
8440,1429,1662
5729,964,1351
59107,10235,13367
39749,6620,8134
61844,10380,13242
49499,8198,10710
10639,1779,2599
8049,1388,1848
2241,379,509
5037,809,1106
29977,4996,6174
12521,2019,2524
905,149,174
13628,2283,2915
1440,245,348
4380,694,862
11428,1772,2567
14400,2440,3286
11141,1923,2666
10283,1833,2541
37128,6265,7752
14266,2376,3004
174910,29442,37521
492,71,140
32025,5402,6773
17999,3132,3962
125071,18837,29279
5136,858,1092
36947,5978,8622
32888,5546,7191
67298,11137,13965
364656,60102,81217
24593,4044,4928
265837,44887,55662
122963,20205,26843
21627,3651,4782
84630,13740,17778
9078,1593,2059
34284,5992,7719
48371,8283,10823
239,43,59
2625,451,637
12196,1910,2455
10675,1822,2345
50283,8604,10621
33858,5737,7611
855,151,226
607,102,183
267338,44288,57563
49054,8399,10931
1003,153,188
10162,1693,2246
7548,1287,1585
10959,1857,2294
12586,2086,2637
41738,6927,8519
46269,7672,9543
26070,4365,5689
8546,1425,2002
1536,259,341
75807,12671,16285
67518,11440,15190
25330,4340,5470
57564,9420,11308
44778,7225,9382
26982,4618,5940
63527,10540,13046
17094,3011,3960
56368,9502,12075
18052,3181,4060
4431,744,1045
9627,1571,2206
10347,1735,2253
7503,1216,1575
9016,1487,2005
14267,2419,3075
11931,1976,2482
8825,1425,1900
12739,2121,2773
9667,1643,2135
11410,1954,2630
303867,51611,66920
10453,1748,2207
8236,1446,1983
30613,5160,6931
2485,421,556
279708,47500,62708
7821,1281,1624
5579,968,1252
24283,4075,5232
24923,4278,5677
13256,2225,3013
19179,3286,4502
23980,4126,5314
16766,2872,3749
47655,7789,9637
1996,337,456
728,123,184
83225,13724,17507
30537,5170,6547
16594,2824,3780
7087,1215,1662
43435,7107,9200
645,109,154
64396,10653,14432
11855,2036,2593
1467,251,336
22249,3721,4691
13555,2362,2903
7569,1286,1677
20746,3642,5132
1874,319,444
18198,2883,3694
5397,863,1226
6246,1061,1414
26208,4407,5940
31876,5296,6690
26938,4594,5870
46867,7923,9682
7516,1206,1580
8930,1517,1986
884,147,234
11154,1946,2639
26666,4542,6286
9863,1646,2184
15707,2743,3500
2139,349,475
14739,2377,3388
4431,738,958
25842,4317,5527
22098,3626,5306
65498,10887,14596
64477,10891,14104
31128,5437,7038
13201,2191,2513
9740,1612,2277
671,111,151
19533,3232,4697
21607,3695,4773
1416,241,352
39702,6737,9268
20264,3553,4478
16502,2833,3990
20641,3485,4664
22484,3722,5633
5170,894,1139
7130,1133,1605
17012,2935,3913
14196,2272,3019
19998,3260,3855
10753,1785,2409
25851,4333,5819
10269,1616,2274
12408,2120,2677
17935,3011,3673
12967,2148,3026
13100,2173,2788
20862,3651,4721
16569,2776,3777
25533,4192,5446
14849,2634,3648
21702,3669,5001
11066,1831,2559
26664,4532,6637
16704,2860,3702
8671,1484,1920
21329,3604,4650
17767,3049,3855
13965,2368,3064
1123,187,234
36722,6006,8160
594,93,140
37217,6468,8118
29327,5031,6496
12360,2033,2668
15660,2688,3486
22503,3674,4814
12381,1975,2613
6913,1140,1506
176011,28600,37292
14754,2454,3133
10705,1816,2327
11709,2047,2559
7209,1195,1467
2420,398,557
1138,187,255
12249,2086,2538
26124,4468,6298
15893,2737,3694
23153,3981,5549
3957,642,1007
5044,841,1127
9631,1551,2197
4890,809,1056
18463,3012,3913
8986,1484,1939
21652,3510,4980
11987,1935,2596
15160,2559,3332
36709,6352,8075
2567,386,522
17778,2932,4108
5124,860,1275
3183,531,725
14986,2575,3230
13023,2185,2896
10449,1629,2338
8500,1463,1931
1415,241,424
2434,393,582
13045,2281,2886
10967,1849,2253
15992,2624,3503
23912,4187,5187
7229,1221,1563
30883,5098,6706
10693,1653,2564
2755,451,601
16590,2690,3279
6067,1012,1343
1425,240,330
9521,1617,2130
5687,940,1233
20081,3251,4304
10801,1806,2373
8414,1419,1792
15207,2527,3325
7059,1185,1476
21848,3758,4762
24884,4246,5945
10577,1782,2311
9885,1647,2255
12929,2075,3108
39565,6704,8649
8671,1442,2027
6210,1060,1468
7012,1167,1454
688,113,142
634,99,141
41909,6406,8239
9631,1574,1968
1805,306,396
11790,1943,2477
2752,452,679
18858,3079,4075
1539,245,354
14887,2384,3008
67574,11251,14428
20178,3569,4520
5905,985,1276
6987,1160,1852
41073,6831,8494
11919,1966,2598
32380,5444,6724
6664,1087,1456
16609,2792,3565
12001,2030,2530
4592,776,969
30295,5232,6564
1648,264,327
491,76,100
576,97,225
37852,6151,7919
2981,508,668
37360,6183,7651
10893,1798,2319
4373,770,956
29932,5002,6369
8531,1458,2036
1739,279,425
8983,1563,2246
4575,751,1003
5695,941,1190
96301,16296,21309
4170,695,923
7810,1300,1691
21232,3650,4793
21210,3705,4831
8763,1465,1936
6903,1146,1556
47309,7948,10270
5962,1015,1327
4014,674,1022
11828,1926,2539
45234,7782,9882
10458,1760,2225
12601,2097,2733
6873,1099,1634
18845,3111,4160
20375,3458,4457
8280,1357,1710
20189,3272,4132
2253,364,549
34113,5483,7085
7368,1291,1674
1127,187,252
12615,2157,2835
6555,1127,1466
10197,1660,2219
7878,1312,1641
12849,2267,3006
30601,4946,6575
4559,757,1002
50689,8446,10716
1769,286,366
13781,2333,3069
18234,2966,3783
8492,1438,1893
3471,567,687
29472,4780,6307
52027,8849,11079
29874,5123,6320
12314,2063,2955
16990,2859,3887
33482,5630,7301
9493,1563,1995
11818,2033,2640
24914,4258,5638
2526,391,592
1375,230,311
12422,2080,2698
19313,3308,4508
60119,10281,13126
16270,2720,3539
9208,1579,2078
33789,5814,7657
10900,1758,2434
8149,1381,1848
78572,12965,16595
242276,38953,51403
5135,882,1056
5512,933,1338
6527,1128,1417
6312,1086,1418
19433,3290,3843
8869,1513,1962
7820,1256,1617
13876,2293,2735
15159,2550,3337
4333,731,939
1137,194,261
1671,283,426
50811,8528,10965
23957,4098,5201
8966,1520,2025
14195,2386,2972
2014,361,483
21521,3485,4514
15195,2594,3490
44875,7720,9997
6335,1034,1336
10605,1792,2175
28925,4844,6162
468,79,91
2752,461,611
6088,995,1425
309,53,58
8841,1493,1922
7723,1322,1707
9678,1581,2062
57150,9422,11938
8073,1368,1850
9715,1594,1949
70555,11933,14803
8723,1493,1906
52766,8829,11221
8007,1303,1772
13437,2153,2894
12012,2061,2664
4241,708,982
12636,2082,2954
19523,3237,4467
17398,2918,3908
54964,9107,11226
15641,2627,3185
19161,3222,4326
5370,877,1235
16291,2796,3517
14251,2392,3136
12022,2047,2663
422,79,129
4613,738,1066
153,28,53
6318,1081,1568
11370,1806,2404
7620,1221,1703
456,76,119
2752,447,564
9820,1620,2058
7182,1206,1664
38386,6327,8225
2192,374,511
13078,2195,2733
8534,1440,1783
6241,1050,1350
20260,3338,4401
23993,4019,4935
12023,2043,2551
47542,7619,9512
25049,4209,5455
3696,602,762
3397,556,725
5235,863,1170
16479,2756,3606
13417,2266,2852
9508,1674,2155
31289,5371,6944
11704,1898,2528
31916,5461,6930
18339,3103,3956
692,128,202
7247,1294,1520
16662,2727,3852
744,136,205
10475,1773,2396
11923,1921,2556
30470,5196,6660
18467,3165,3899
17268,3021,3939
14531,2482,3301
11462,1882,2383
10154,1739,2206
15621,2541,3335
11741,2021,2486
58246,9867,12310
25593,4209,5788
3298,568,745
11932,2074,2619
12681,2082,2736
1888,311,451
19589,3365,4265
6006,1069,1359
22575,3813,4918
1402,231,304
66602,11217,14217
9788,1676,2166
31561,4914,7993
9754,1678,2081
9228,1443,2021
8766,1525,2143
237,36,53
21516,3745,5207
4912,827,1151
14412,2498,3208
18354,3147,3832
13766,2265,3163
32170,5336,6753
31467,5373,7205
31616,5354,7458
22992,3740,4989
945,152,210
4005,597,991
4061,675,973
6228,1021,1251
13402,2369,3120
5137,887,1162
20793,3608,4321
4399,750,983
16296,2805,3824
20913,3418,5552
5804,983,1176
43384,7103,9323
15414,2532,3433
38551,6437,8651
38916,6505,8294
19861,3383,4529
12087,2020,2654
15667,2698,3479
33388,5514,6874
8245,1367,1652
7027,1184,1494
2759,441,636
5773,976,1302
5778,977,1302
12140,2022,2868
15445,2533,3334
35358,5802,7831
594,106,131
5159,857,1227
17617,2954,3733
21361,3667,4869
19590,3298,4181
10189,1721,2202
31837,5175,7052
33611,5563,6963
47326,7540,9260
9164,1492,2037
10926,1752,2563
12192,2034,2593
24027,3759,5124
1327,221,300
5635,952,1245
1244,206,267
38040,6393,8031
26604,4505,5614
3563,575,777
12558,2103,2974
20269,3172,4276
16696,2792,3647
5892,1013,1337
13605,2362,2937
7769,1331,1791
10616,1737,2404
57442,9548,11585
13765,2243,3073
2934,479,567
594466,97423,120659
72887,12409,15450
21030,3615,4538
9810,1649,2314
23819,4039,5094
8334,1357,2053
5380,855,1358
20448,3410,4180
63273,10452,13116
30188,5220,6434
5136,809,1073
8658,1418,1863
29709,5051,6403
15580,2618,3369
22648,3791,4786
5157,916,1194
29807,4991,6561
17459,2916,3748
18050,3100,4105
3882,641,850
2425,404,494
27580,4778,6348
552,96,125
14771,2483,3339
20015,3467,4607
7355,1240,1590
11137,1819,2683
9234,1645,2097
6288,1000,1503
18019,3080,3900
19503,3182,4124
4795,755,1066
2162,344,409
1663,274,402
15244,2588,3758
10058,1720,2300
8908,1443,2084
14555,2366,3230
1578,284,351
3401,563,729
4562,764,1075
6504,1014,1739
4197,682,929
2838,464,622
8869,1494,1995
80600,13830,17884
14964,2424,3090
6343,1055,1320
59190,9466,12024
980,178,249
8720,1437,2015
2379,401,542
15918,2798,3623
55534,9360,11751
26303,4354,6116
21344,3674,4996
8564,1472,1976
13730,2260,3258
28419,4825,6161
10665,1830,2373
78164,13187,16872
30372,5061,6399
4206,685,854
481,77,103
880,145,231
428,69,97
13187,2256,2925
11486,1931,2735
489,83,155
17532,3150,4228
76360,12822,16711
40763,7092,9039
35606,6089,8625
5919,1012,1277
11092,1899,2498
15002,2529,3338
1066,182,251
23622,3851,5421
1285,225,299
171020,28192,35194
837,136,216
1886,306,392
5490,899,1237
5384,882,1170
6668,1151,1490
18461,3112,3975
35073,6129,7914
3688,618,869
4074,653,869
21520,3599,4515
11678,1975,2727
9225,1580,1961
5229,867,1155
42639,6942,9574
4296,695,1013
13643,2103,2754
989,165,235
1781,288,431
1827,286,368
802,138,165
775,129,163
9388,1565,2050
2848,470,647
577,93,132
2458,407,541
901,144,179
1068,184,251
1619,285,388
61887,10674,14369
14368,2379,3211
1460,250,342
879,148,174
14327,2277,3015
4888,777,1087
8572,1432,2107
54070,8673,11469
625,106,157
2333,388,505
1103,185,259
5878,1009,1315
6653,1089,1412
8621,1438,1814
13294,2184,3293
5017,837,1096
41329,6960,8690
14426,2362,3047
9751,1559,2059
14908,2495,3496
3041,508,671
2076,357,483
7056,1210,1465
1621,273,330
12901,2218,2822
8148,1305,1767
5914,981,1204
4571,746,929
5793,925,1178
6348,1025,1362
7007,1201,1456
7193,1181,1575
16018,2631,3448
50136,8598,10814
1007,175,246
16587,2693,3592
10534,1680,2175
42109,7227,9543
12313,2091,2856
20629,3682,4645
1887,331,447
1876,333,513
5762,969,1330
8888,1600,2195
3296,559,700
2111,350,460
5530,928,1278
3369,571,773
5893,952,1305
15844,2736,3586
447,75,117
12893,2077,2979
7932,1390,1863
370,68,106
7517,1284,1553
699,113,146
7537,1286,1565
697,113,146
1724,290,371
6611,1115,1480
13865,2346,3093
5272,849,1270
26266,4418,5803
23699,3998,5192
19802,3406,4811
25542,4286,5672
47177,8113,10309
3671,616,728
674,119,148
862,149,219
912,159,202
639,104,126
69070,11216,14098
953,167,224
25904,4417,6156
17735,2953,3644
852,148,193
49639,8410,10405
735,123,203
1532,253,386
8532,1324,1854
9944,1677,2264
19913,3374,4016
8524,1319,1860
8007,1298,1715
9037,1540,2057
6532,1069,1403
5995,981,1216
12009,2057,2726
6403,974,1380
15065,2528,3343
5871,1008,1391
21929,3761,5456
7819,1322,1851
9028,1568,2224
1021,164,235
3439,560,751
1031,169,269
5955,1018,1298
9490,1505,1989
3844,622,846
8056,1376,1693
17267,2843,3880
4514,712,1050
6513,1123,1432
13526,2312,3013
22363,3747,5186
10089,1631,2040
55751,9856,13486
11715,1933,2580
2657,425,530
431,67,106
25579,4339,5436
19926,3383,4015
13011,2298,3279
34045,5760,7805
20493,3445,4783
42835,7392,9842
21747,3740,4697
5407,878,1185
6851,1181,1589
9298,1472,2056
5876,990,1347
7758,1326,1728
11030,1848,2497
23858,4088,5512
23934,3871,5943
5201,850,1230
5397,904,1169
4770,790,1019
4286,699,897
4638,776,1163
7615,1244,1676
7369,1269,1632
29400,4566,6521
3256,558,738
7771,1267,1735
17876,2991,3913
4435,734,961
12635,2237,3059
15115,2524,3402
5865,952,1496
13401,2278,3117
26030,4339,5791
14680,2478,3162
2673,452,638
4365,709,928
14978,2410,3189
23511,3861,5031
7771,1308,1816
1411,245,351
24319,4096,5495
7752,1266,1792
7063,1181,1703
15886,2700,3439
13176,2245,2930
8885,1522,1974
9010,1505,2027
34163,5778,7522
1121,184,244
1191,204,300
301,50,79
130,21,41
459,73,110
529,94,114
6005,965,1226
38057,6541,8347
5046,826,1086
617,109,138
31806,5480,7683
31988,5199,7086
17172,2909,3753
7709,1282,1762
2775,453,545
2596,424,517
5753,967,1258
11580,1953,2521
6001,1005,1441
13822,2365,3086
78327,12953,16364
11000,1977,2477
21173,3652,4978
3500,594,774
10378,1709,2376
2797,464,641
6726,1070,1460
417,71,97
614,111,142
25041,4420,6085
41251,7023,9070
899,158,221
1214,193,290
1998,327,445
9777,1694,2218
7507,1271,1664
1055,169,269
22264,3845,4954
5370,895,1185
1185,191,279
4272,678,860
2366,369,504
768,126,182
9331,1612,2122
2564,414,533
20614,3669,4877
42992,7351,9620
5225,853,1037
11815,2020,2583
14390,2394,3318
29377,5220,6796
4044,700,907
23430,3997,5501
19323,3352,4590
4207,678,944
3156,497,706
24391,4181,5216
5872,999,1256
10551,1795,2292
28561,4572,6270
7955,1345,1691
4083,668,953
3544,588,802
10687,1797,2488
8093,1312,1697
8356,1266,1774
21156,3524,4722
20112,3364,4015
6807,1124,1554
1382,232,318
4072,653,864
1507,246,325
350,58,77
11507,1883,2664
21805,3686,4737
17908,3065,4218
720,126,157
17122,2719,3543
21020,3359,4379
486,90,111
339,61,77
3341,545,765
4299,707,1134
6189,963,1370
5413,894,1316
3351,559,725
9414,1590,2106
19328,3266,4215
58163,9850,12225
6730,1147,1483
7373,1268,1699
14356,2396,3004
7634,1294,1682
1056,179,223
17962,3070,3834
56435,9489,12879
29478,4966,6336
38438,6279,8342
4878,773,1086
768,126,161
4953,832,1117
7709,1295,1670
1795,260,542
26306,4323,5502
41607,6776,9290
877,142,220
10580,1801,2326
3761,644,915
13552,2213,2739
5024,813,1200
45241,7854,9944
17807,2799,3840
11861,2045,2593
4562,776,992
17188,2727,3665
15521,2581,3280
11634,1982,2606
19378,3152,4212
1841,306,468
1013,173,216
16073,2723,3689
1645,264,312
18393,3140,4252
23624,3949,5260
11417,1906,2646
15145,2437,3477
18458,3133,4102
17059,2871,3803
21569,3591,4566
11639,1961,2603
3799,575,937
4640,770,1165
4592,751,969
6415,1088,1363
9922,1619,2127
12542,2125,2651
8325,1420,1866
22228,3825,4881
102985,17677,23082
8594,1448,1897
17564,3124,4262
16222,2747,3698
12630,2117,2714
30431,4984,6456
5605,912,1151
1846,277,418
3141,512,676
776,140,192
99710,16524,22269
11102,1888,2560
3786,578,860
13774,2162,2862
26783,4223,6166
6160,1048,1423
1099,173,252
4317,690,912
5406,911,1130
21665,3529,4349
20473,3438,4551
1839,285,430
1031,172,205
1228,202,312
6491,1015,1477
7580,1213,1786
1047,175,235
695,118,156
2426,393,489
22349,3769,4849
20564,3475,4374
36895,6114,7573
37939,6427,8185
17798,3102,3975
21364,3492,4521
5313,865,1100
3513,591,727
6167,1051,1279
16235,2740,3415
3058,523,644
11877,1991,2560
31246,5239,6576
1758,314,404
780,135,171
775,139,172
2084,357,490
16574,2724,3471
323,48,71
2223,358,574
746,123,167
2856,477,598
971,175,229
3182,558,681
23658,3924,4708
48639,8038,9946
59879,9510,12896
72949,12267,15457
30053,4971,6268
12447,2030,2403
20238,3384,4340
16894,2823,3864
18088,3055,4027
16221,2866,3804
14712,2435,3558
27235,4391,5504
1835,333,420
28973,4899,6437
2332,380,528
1893,319,438
7109,1207,1589
21531,3674,4833
11414,1897,2352
190044,30795,40296
17377,2941,3771
18931,3192,4049
7192,1146,1914
10199,1776,2300
3273,541,748
37411,6365,8166
37094,6020,7866
30769,5044,6647
76723,12537,15902
39870,6935,8405
12363,2046,2555
12898,2158,2972
11880,1970,2599
4323,750,1014
8935,1542,2048
2947,461,639
76509,12849,15998
7533,1252,1498
5810,1003,1389
10611,1770,2404
1379,228,305
5772,910,1227
5287,873,1116
9429,1628,2148
3089,502,695
404,71,99
1306,221,315
489,85,111
380,66,88
910,159,205
24102,3968,5128
7535,1249,1712
1184,201,272
2276,362,640
17934,2794,3442
7758,1291,1665
23397,3860,4808
5292,848,1127
2981,500,709
34086,6022,7575
19947,3354,4336
5944,1036,1301
12020,1977,2560
21767,3705,4698
14854,2440,3417
91159,15218,19216
9976,1788,2342
14988,2605,3634
10307,1745,2319
5624,925,1132
27952,4591,6034
18353,3115,4051
22461,3775,4801
4922,801,1109
21815,3627,4398
26289,4505,5691
44659,7697,10045
8029,1305,1815
4414,668,864
2049,352,489
6580,1072,1512
5238,744,1304
15525,2530,3235
33792,5586,6901
8141,1374,1858
7511,1252,1651
4007,676,932
4147,688,894
14440,2404,3009
9789,1730,2400
26373,4508,5613
8797,1492,2009
2166,363,490
38351,6382,8102
1124,194,268
739,110,180
6260,1012,1429
7398,1254,1885
17274,2917,4123
516,87,122
17218,2775,3466
37732,6400,8014
32233,5197,6873
12082,1992,2631
517,93,123
36908,5989,7748
2746,433,691
8299,1403,1951
1367,226,286
7524,1219,1680
7515,1216,1705
401,67,116
15489,2585,3202
8886,1495,1958
48209,8158,10470
22092,3675,4673
11492,1979,2624
14486,2324,3346
31970,5311,7139
953,172,235
8530,1450,1884
242,42,66
34819,5808,7381
15104,2491,3405
47840,8090,10916
12416,1951,2872
3030,506,647
27261,4467,5974
22567,3878,4960
3263,558,721
518,100,131
33596,5643,7105
857,149,204
595,107,141
403,74,109
284,47,64
11138,1881,2363
17068,2793,3650
34010,5718,7418
59779,9926,12297
161403,26399,34382
8542,1448,1950
22851,3666,5019
48717,8280,10278
7984,1261,1889
10799,1853,2215
11184,1892,2386
7024,1180,1594
10201,1741,2236
38187,6548,8345
2007,355,444
17635,3008,3634
45238,7654,9687
2721,421,579
711,120,196
1040,176,215
13070,2170,2922
10889,1807,2350
1607,281,398
38226,6457,7975
20478,3466,4520
8270,1410,1889
46596,7831,9884
7024,1142,1524
3663,614,816
27293,4465,5608
12759,2063,2875
2582,425,623
6634,1145,1599
50758,8496,11371
1575,256,361
7910,1321,1665
5837,974,1310
8749,1449,1825
246621,41335,51240
485,87,113
79850,13040,16647
600,103,122
9022,1488,1989
24645,3899,5168
7964,1362,1684
21718,3555,4647
37061,6149,7813
11375,1809,2797
814,115,182
702,114,174
15051,2534,3076
3298,585,817
77493,13102,16972
8361,1399,1763
9932,1649,2092
22126,3869,5042
64579,10695,13524
78216,13208,17083
10615,1836,2441
33974,5687,7349
13666,2300,2982
36432,6255,8091
17295,2979,3707
12894,2079,2678
11570,1920,2544
22096,3757,5164
70752,11351,14328
43650,7378,9553
18801,3083,4015
7739,1300,1772
27500,4547,5486
64110,10715,12955
132495,21866,27557
15660,2593,3723
4070,679,889
2372,397,564
740,128,185
638,114,153
22073,3672,4434
60476,9644,13009
2375,404,490
15899,2660,3274
4946,785,942
4980,835,1124
9722,1585,2045
18108,2992,3860
28221,4549,5807
12710,2160,2771
3900,658,832
512,79,132
5210,903,1206
32182,5458,7214
12280,1918,2617
16512,2770,3537
10440,1781,2209
24760,4228,5491
31530,5327,6359
9045,1555,1915
8606,1434,1940
13335,2266,2873
8695,1448,1851
9445,1526,2065
18865,3033,4194
9797,1598,2256
8902,1464,1862
8506,1430,1848
2411,392,600
8415,1393,1966
17293,2881,4013
12748,2174,2679
2653,459,553
3348,549,695
1996,327,466
8317,1457,1915
21435,3529,4302
8306,1450,1769
2494,418,507
3994,657,950
1939,319,388
8907,1424,1953
1754,299,387
4155,675,853
16045,2643,3433
5365,920,1205
9551,1603,1977
7637,1249,1741
7468,1256,1689
18251,2984,4128
79360,13281,16169
15365,2704,3365
16040,2655,3421
25172,4291,5601
16140,2755,3784
9835,1584,2068
11655,1900,2642
28332,4862,6015
28083,4667,6234
14905,2442,3304
20767,3493,4367
3401,581,726
374,61,83
42355,6982,9317
41221,6687,8571
15707,2643,3417
14499,2342,3074
22447,3836,4944
2642,430,563
16298,2857,4706
18664,3038,3728
13890,2326,3282
5330,863,1088
9529,1538,2172
6206,1022,1352
9233,1587,2128
4372,713,1018
33074,5682,7174
1477,244,314
6443,1061,1355
10380,1743,2199
19526,3293,4397
16321,2750,3777
13622,2318,3516
8808,1433,1765
4600,760,1017
12096,2014,2580
16604,2884,3723
17287,2810,3531
11369,1943,2406
36302,6081,8428
12036,1964,2745
12160,1987,2976
4636,762,1057
10948,1798,2235
7095,1238,1668
4013,663,882
21679,3601,4503
12817,2125,2599
71066,11795,15048
14215,2464,3354
14754,2536,3202
6800,1162,1549
6892,1178,1603
7179,1210,1702
25079,3980,5496
5227,864,1163
5802,955,1331
42104,7094,8873
11716,2093,2827
11561,1978,2600
111239,18321,23740
8574,1546,1916
61591,10241,12875
26749,4496,5774
23502,4035,5249
13068,2267,2929
58186,9894,12231
30995,5348,6762
78862,13513,16895
484,81,113
16588,2785,3536
9996,1667,2003
7921,1287,1695
33146,5723,7323
56686,9735,12291
3698,611,896
7496,1238,1579
4980,889,1189
5038,790,1115
14815,2444,3259
1526,260,331
6473,1081,1406
9378,1623,2144
20616,3562,4519
36450,5917,7999
1390,223,306
6196,1035,1353
15172,2517,3203
46969,7710,10182
693,112,154
7301,1226,1535
1243,199,290
1690,289,417
17794,3011,3887
27331,4556,5797
16571,2817,3604
3997,644,906
58226,9973,12751
10711,1840,2382
15749,2598,3392
23268,3941,4925
64835,10608,13351
15857,2688,3697
19914,3301,4506
27531,4634,5770
818,128,186
15213,2618,3310
20492,3531,4548
2847,479,636
2942,488,619
2593,432,554
8414,1435,1852
6223,1053,1343
69050,11506,14514
42219,7127,9534
78089,12190,16404
17232,2910,3794
16324,2801,3656
18685,3128,4087
10945,1866,2414
2091,355,459
10288,1800,2613
5756,951,1260
26760,4598,6122
23814,4043,5086
30470,5321,6748
1713,297,413
132302,22378,30038
3226,542,755
6693,1067,1559
3021,530,645
6507,1044,1536
14509,2514,3191
2031,323,387
15414,2551,3127
1620,263,359
15411,2489,3197
648,108,141
6725,1148,1462
8945,1513,2036
35359,5953,7941
4508,752,1031
7515,1237,1585
4770,815,1153
2414,385,539
6868,1127,1465
3565,592,875
6304,1101,1459
8298,1358,1700
34420,5618,7195
49782,8326,10401
23495,4158,5128
56399,9556,11927
15894,2683,3517
56365,9174,11621
19865,3194,4167
392,65,106
8785,1426,2026
21190,3670,4736
25514,4287,5940
46531,7928,10075
30643,5205,6249
8470,1471,1980
14818,2494,3535
9823,1694,2208
6612,1077,1573
7888,1314,1762
27101,4428,5571
7750,1242,1651
71180,11640,15164
35359,5746,6999
56603,9910,12684
11915,2060,2935
11962,1988,2623
228,37,48
3703,621,838
2702,439,610
8374,1393,1746
4875,788,1203
2807,452,691
24293,4070,5113
7311,1218,1485
6746,1115,1532
11583,1978,2664
49751,8311,10940
60763,10200,12778
829,145,174
3477,550,802
11324,1860,2472
14868,2401,3632
18772,3292,4146
3301,519,768
7181,1199,1610
13902,2342,3638
8843,1513,1957
7808,1261,1549
10915,1854,2402
4428,737,983
9680,1588,2314
23575,4054,5167
55107,8765,11045
40100,6627,8564
3053,504,637
186,33,46
3287,533,643
748,129,166
3860,624,885
3555,580,822
1134,194,296
61550,9988,12797
9688,1648,2039
3359,548,761
4684,793,1076
4101,708,900
10668,1787,2510
12319,2069,2564
8596,1482,2050
24221,4105,5168
11613,1916,2455
9498,1534,2041
7939,1342,1846
7823,1326,1848
3726,625,851
23471,4019,5205
9191,1471,2115
18324,3013,3953
6219,992,1229
163543,27012,34159
27821,4703,5969
6666,1138,1541
32150,5404,6997
5610,929,1297
2102,352,476
2280,387,527
11166,1837,2488
17416,2813,3775
3539,589,857
3576,612,745
2286,372,562
13587,2287,2952
17525,2892,3652
50786,8497,10565
21203,3722,4618
5028,850,1077
6643,1107,1440
4702,799,1029
758,128,172
21762,3493,4362
9380,1459,1992
5760,994,1397
4887,839,1109
70895,11400,14650
110051,17872,23227
39908,6270,8717
29521,5052,6348
7927,1328,1687
14036,2423,3131
7964,1373,1917
6763,1080,1751
19998,3246,4302
10145,1696,2407
9073,1538,2014
18885,3218,4379
13699,2302,2958
643,121,165
763,122,158
2710,431,551
2773,441,573
9581,1543,2306
20432,3299,4572
9650,1633,2184
4374,727,932
29311,4945,6098
8121,1355,1967
6939,1191,1400
8739,1543,2371
7656,1288,1836
4254,707,1052
24213,4197,5612
34939,5883,7683
8964,1442,2065
664,115,148
10300,1562,2673
2417,385,536
9616,1626,2267
9960,1669,2141
9363,1585,2186
11375,1919,2493
47393,7710,10171
26413,4606,6458
5512,923,1360
33603,5644,7562
16181,2724,3593
3739,611,846
6826,1165,1614
6223,1051,1333
3735,610,853
10712,1778,2435
24815,4381,5855
16702,2786,3686
693,122,190
3103,518,677
4212,701,870
2702,439,596
2953,501,654
3092,542,701
4085,673,875
2914,499,662
21904,3270,4975
5939,1023,1311
35133,5996,7714
22146,3846,5132
23543,3978,5149
2035,344,411
13476,2283,2847
13925,2387,3165
6838,1094,1499
2836,466,645
6530,1023,1460
89434,14907,18960
3403,539,775
7218,1217,1496
39071,6739,8896
16028,2748,3854
24112,4004,5282
20119,3467,4326
14405,2460,3205
28525,4822,6121
60170,10398,13658
18742,3185,4140
52833,9060,12068
3397,534,776
16717,2836,3810
1121,158,254
4517,782,1050
12545,2035,2780
52241,8571,11177
23580,3877,5083
746,126,142
12440,2103,2826
20980,3531,4639
2245,373,538
9070,1578,1925
3507,578,804
1728,309,446
2350,380,539
216,30,40
8830,1554,2071
7691,1297,1708
26428,4351,5947
11334,1831,2563
21095,3645,4795
12005,2017,2633
178,30,46
2188,352,507
9209,1514,1956
3366,553,798
1426,223,297
3513,588,771
9583,1664,2334
9391,1541,2087
7583,1279,1757
43400,7321,9600
8103,1366,1712
859,154,222
149,27,31
3764,649,785
1382,232,279
6853,1155,1569
2100,336,432
13102,2307,2913
231,41,55
6641,1118,1541
164334,27748,35313
24287,4090,5520
128801,21476,29390
3791,623,764
7296,1210,1473
30909,5265,7677
32148,5387,7207
29242,4934,6810
10874,1928,2736
13450,2285,3270
24266,4133,5554
17897,3103,4499
52879,9139,11496
3783,596,840
5716,959,1189
73939,12101,15314
54148,9375,12711
9931,1740,2296
9278,1633,2176
30232,5147,6887
3133,501,685
6489,1106,1514
4601,746,969
5523,944,1246
1005,173,199
5272,860,1126
3136,527,699
20757,3546,4932
14601,2499,3258
13106,2217,2883
12131,2026,2665
2460,391,622
600,95,120
5993,1015,1409
15306,2550,3507
5698,947,1262
1954,317,430
22537,3790,5082
5734,963,1275
5815,986,1384
7654,1292,1716
22436,3908,5246
18847,3320,4206
18384,3195,4081
98076,17068,22354
8178,1255,1841
31241,5321,7100
4854,753,1127
52450,8679,11830
27903,4855,6716
8187,1448,2028
927,150,186
1169,191,245
11863,1939,2810
2198,374,480
4781,816,1065
10175,1761,2241
62274,10447,13429
8538,1426,1785
523,92,111
979,169,221
9795,1582,2162
6543,1077,1587
12335,2070,3009
21082,3516,4688
9771,1655,2198
9429,1629,2128
18468,3186,4173
17225,2972,3899
19411,3353,4618
10387,1762,2624
3310,540,705
3455,591,789
9584,1615,2080
14375,2354,2994
25051,4049,5219
13363,2280,3122
17386,2930,3868
50774,8753,12033
45818,7786,10454
1262,224,261
765,127,166
31191,5138,6808
183,30,35
158,24,31
16322,2742,3699
1051,184,215
754,133,154
833,150,174
3336,563,776
763,132,177
4428,736,915
3263,550,740
8043,1360,1912
60058,10461,13459
86919,15112,20141
13896,2292,2875
6455,1119,1493
4671,790,1085
4430,733,971
894,156,201
1377,229,334
1043,176,211
4446,770,976
4701,794,1100
2829,483,600
24604,4195,5456
23285,4088,5622
25517,4017,5593
25280,4155,5377
4116,640,798
25716,4206,5226
3152,534,626
6261,1087,1345
22700,3988,5042
17805,3110,4251
11909,2101,2677
17149,2809,3748
12154,2108,2802
5416,940,1225
15942,2531,3469
16461,2748,3720
37441,6364,8489
12336,2052,2915
4424,742,860
1521,245,317
1114,185,280
14561,2293,3357
14512,2433,3373
1753,298,401
10046,1684,2266
7270,1246,1719
10048,1687,2284
14626,2499,3235
36658,6265,8123
30426,5344,6983
9972,1722,2259
4453,718,868
1425,239,308
3888,645,943
1675,289,350
5419,926,1332
1361,206,300
876,148,208
17459,2936,3695
8079,1379,1839
5371,921,1319
42182,7092,9449
25615,4311,5885
26251,4208,5712
4086,688,903
954,152,222
1578,268,348
863,140,176
880,150,203
24976,4284,5799
11324,1961,2582
18687,3054,4101
6310,1045,1505
4615,753,1017
26262,4477,5619
16297,2716,3267
35485,5778,7579
16941,2887,3602
3593,567,818
7486,1303,1765
7791,1256,1893
11222,1916,2406
8326,1402,1793
73113,12041,15652
39019,6321,8439
25025,4143,5184
3671,575,850
4288,680,914
37375,6082,8272
8313,1457,1863
7186,1261,1610
1813,304,483
74265,12394,16216
35873,5909,7712
17821,3080,4061
51568,8767,11498
24024,4107,4999
63852,10390,13134
27508,4757,6261
16259,2784,3827
95589,15938,20203
2643,443,673
22902,3871,5223
1217,210,320
706,113,149
32923,5390,7376
1645,270,350
1368,221,277
3263,555,681
37581,6087,8313
6914,1133,1449
25541,4311,6502
6173,1006,1416
10620,1788,2341
7532,1214,1574
26889,4646,5629
9162,1548,2327
22352,3807,5385
47060,7769,10296
28182,4677,6219
8755,1531,2150
42919,7417,9633
13755,2385,3157
606,102,159
8163,1418,1868
14227,2350,3015
8918,1505,1862
16380,2755,3759
24428,4125,5274
6545,1138,1487
21474,3656,4790
27760,4654,6320
2294,395,549
5633,895,1334
17088,2797,3710
54297,8785,12167
33724,5676,7322
14216,2402,3111
592,97,141
747,121,181
26390,4322,6047
27566,4621,5895
29572,5077,6870
5222,829,1094
5317,784,1160
82473,13805,17676
18832,3275,4348
27701,4589,5996
2721,477,616
78839,13703,17748
24213,3979,5279
28090,4626,6566
22571,3896,4929
16725,2958,3920
3080,520,730
20160,3475,4510
19167,3284,4094
12519,2144,2888
16776,2882,3848
70454,11850,15238
29245,4734,6465
13042,2146,3189
22897,3919,4927
9483,1611,1981
17545,3003,3811
5331,839,1082
16070,2685,3890
50367,8424,11296
21392,3580,4728
20766,3505,4839
13055,2065,2922
17393,3011,3843
1016,166,230
12787,2182,2900
12653,2163,2836
55179,9330,11982
6493,1070,1346
10429,1809,2366
2155,339,462
31288,5323,6468
11769,2059,2755
6670,1114,1383
47312,8152,10573
89719,15110,19764
10195,1710,2733
27541,4687,6336
7109,1161,1553
84728,14456,18106
9193,1446,2033
7193,1210,1566
16393,2588,3750
27337,4754,6347
16930,2825,3697
6190,1079,1446
10983,1856,2292
39830,6926,8593
10144,1766,2168
3172,520,786
2686,456,661
442,69,113
845,153,195
4641,745,967
41492,7015,8786
8748,1445,1963
15532,2689,3292
47202,7627,10248
9760,1668,2222
1970,315,490
5492,908,1232
3512,598,797
4072,688,925
34411,5892,7559
7386,1218,1638
23885,4230,5642
565,94,115
13200,2200,3026
2732,453,578
431,70,99
4362,708,1055
565,94,117
61463,10342,13375
9329,1527,1888
38838,6465,8662
33255,5293,6729
12236,2093,2852
8596,1397,1904
4452,772,1121
15172,2492,3391
31676,5449,6826
15373,2647,3622
748,116,201
10019,1616,2058
2299,371,493
8577,1414,1922
7482,1243,1771
2184,373,572
13153,2136,2939
25921,4354,5565
9318,1581,2210
2421,419,642
6109,1023,1606
672,116,163
3375,547,807
11666,2001,2590
40585,6779,8806
17037,2885,3708
33696,5835,7243
28736,4957,6305
37216,6424,8318
9338,1521,1886
1140,191,251
5995,1033,1386
2645,427,540
11712,1973,2819
5999,993,1355
6498,1089,1412
45044,7595,10187
18447,2969,4201
4046,665,890
2527,419,575
1585,260,349
7674,1251,1719
5799,917,1253
54030,9367,11780
127522,21111,27821
38850,6749,9077
6502,1088,1412
17227,2935,3893
36047,6150,7946
1550,266,403
77629,13355,17248
12610,2124,2814
3752,640,859
683,114,138
3598,595,789
9804,1659,2076
22878,3740,4927
46605,7530,10099
23382,4047,5178
12685,2103,3006
9683,1681,2235
3669,615,807
3703,619,816
7203,1205,1663
14234,2516,3414
23763,3894,5256
6664,1142,1491
9842,1671,1996
4359,696,964
17677,3076,3981
21620,3684,4619
39636,6661,9048
18431,3048,4120
4238,681,1041
6573,1173,1695
18612,3296,4787
7290,1236,1583
589,95,139
2392,394,538
13163,2197,2840
9327,1499,1922
8696,1538,2004
607,93,185
7400,1312,1759
1498,259,329
16042,2544,3300
29049,5026,6420
53371,9230,11964
1166,192,281
882,149,205
1067,184,226
1081,184,217
6194,1066,1426
5799,994,1387
11389,1914,2504
874,143,188
18548,3105,4224
4029,647,881
4289,746,999
58379,9932,12407
53168,8999,12795
512,90,124
3473,578,747
5757,962,1197
7412,1198,1622
53917,9236,12112
49090,8397,10618
15406,2627,3428
10600,1757,2259
20140,3314,5052
7903,1292,1867
29833,5021,6294
5445,934,1250
22777,3852,5081
11569,1934,2410
9063,1513,1862
8164,1430,1867
1193,193,251
3896,645,859
8051,1324,1764
2149,369,475
12791,2265,2923
21187,3549,5282
3211,471,649
2351,388,489
1187,189,251
14286,2429,2999
45998,7812,10367
6181,1024,1393
7071,1248,1622
1759,317,412
10230,1710,2220
3604,597,776
722,123,160
537,95,131
11808,1965,2544
19584,3217,4119
29522,4978,6702
865,151,196
14479,2514,3304
18387,3102,4128
4326,721,1054
33272,5572,7407
6302,1104,1322
9992,1589,2087
2132,334,472
19865,3302,4354
6448,1068,1356
16844,2704,3640
13277,2314,2940
10419,1715,2275
8140,1319,1811
1248,199,287
505,86,115
432,72,106
12395,2034,2766
14836,2506,3528
70650,11403,14313
9794,1583,2003
566,97,138
1823,303,388
3506,585,823
1912,331,435
13255,2248,2856
1226,192,241
45806,7649,9513
35928,6036,7478
49957,8596,11444
5793,983,1174
604,108,128
541,96,122
9518,1617,1997
13362,2269,2957
940,160,215
375,61,86
6289,1056,1430
2471,424,570
36056,6038,7526
13209,2175,3071
34168,5665,7284
10671,1766,2495
70695,11538,15117
32467,5276,6775
8622,1483,1923
9013,1451,1941
33863,5882,7069
966,157,241
42979,7523,9629
43042,7254,9246
725,126,166
8898,1543,2115
24634,4308,5131
6113,1002,1373
14006,2395,3123
51235,8615,11131
13627,2334,2970
18276,2852,3527
12103,2064,2640
42356,7082,8677
16298,2777,3535
50258,8509,10489
6426,1120,1417
790,136,200
717,124,170
1248,219,287
3192,518,692
459,80,105
141701,24226,31093
604,103,163
29846,5054,6827
6710,1141,1500
2831,539,727
62504,10379,13079
298179,50675,62832
1219,195,297
15687,2675,3276
4258,719,968
5069,854,1142
8755,1430,2158
2119,372,436
1399,238,319
1336,235,297
9748,1649,2193
5536,905,1198
391,67,100
18838,3100,3845
29464,4934,6555
27917,4780,6096
1648,278,376
2136,362,439
2686,461,659
1297,231,262
5029,864,1136
21538,3671,4701
10647,1815,2352
1294,206,311
6302,1053,1320
25619,4237,5534
37668,6367,8263
28838,4846,6279
4915,808,1032
2312,362,454
828,140,193
11342,1918,2494
24958,4235,5746
12098,2048,2942
2108,371,496
57623,9866,12578
108496,17918,22706
824,136,193
1000,159,229
15659,2664,3544
23781,4065,5137
980,169,233
685,114,159
662,111,169
15778,2617,3374
1166,198,242
732,128,234
191,33,47
5580,978,1299
4542,768,985
37156,6298,7986
6734,1141,1314
1060,187,236
18852,3165,4366
66228,10844,14451
8003,1369,1919
13867,2299,3028
1483,252,314
17496,3025,3881
1414,250,327
253,39,61
15797,2685,3515
36650,5926,7878
28888,4571,6790
12027,2051,2476
12867,2207,3054
52908,9063,11884
2964,492,613
11811,1892,2421
16003,2742,3478
3767,629,905
6335,1112,1342
29237,4728,6291
1899,314,414
34,6,8
21593,3540,5164
4155,706,850
190,32,44
797,141,190
357,62,83
9394,1559,2222
5956,1033,1346
8113,1383,1805
8153,1338,1786
5827,981,1332
64232,10926,14506
27904,4598,6432
959,154,215
1262,206,276
1628,266,362
1399,242,280
35970,6158,8094
2047,331,471
1827,292,384
1008,183,242
1040,183,248
35054,5688,7503
32955,5571,7114
7960,1311,1828
29403,4873,6009
20519,3440,4511
1954,322,431
43354,7032,10081
7202,1229,1537
19781,3231,3973
20277,3282,4174
166337,28881,40922
216338,35332,45788
924,156,185
7149,1247,1597
1569,262,335
8941,1509,1928
3414,576,723
372,67,111
327,56,74
591,98,149
2766,486,616
48766,8144,9889
27978,4758,6150
10094,1694,2176
24216,4071,5227
7712,1267,1626
6817,1123,1445
13203,2191,2919
25267,4291,5916
21647,3607,5046
29688,5114,6438
47979,8194,10068
27142,4689,6194
7905,1341,1766
14939,2460,3037
5591,943,1111
480,78,118
13258,2179,2773
12423,1929,3592
8224,1244,2016
1064,182,241
7734,1279,1641
3483,563,698
22383,3503,4279
27647,4632,6216
32348,5477,7576
31366,5331,6681
27448,4716,6427
6299,1106,1342
3614,615,753
11350,1844,2353
12045,1909,2507
9230,1578,1993
14305,2462,3235
10330,1701,2164
16655,2843,3459
522,83,111
11578,1929,2649
1940,322,398
53685,8799,11592
18477,2967,3843
33478,5827,7208
129,23,36
908,150,183
1151,200,296
17025,2934,3665
34873,6007,7486
89497,14239,18220
11693,1958,2513
35053,5265,7761
47432,7802,10808
49956,8163,10475
43599,7531,9918
38098,6341,8125
615,92,137
12048,2071,2751
249,45,62
397,60,95
675,123,192
18579,3110,4191
44891,7706,10124
1651,280,344
25138,4174,5161
2627,416,552
915,163,206
141172,23368,29464
16622,2747,3570
2706,453,610
6784,1096,1408
27317,4632,5511
38272,6257,8134
11759,2038,2452
1378,249,365
59740,9929,12745
17936,2891,3895
19205,3202,5285
12031,1954,2490
19093,3348,4480
61638,10232,12661
11719,1941,2422
42111,7065,8687
1297,215,270
3702,608,831
54065,8985,11462
12438,2082,2789
11882,2070,2577
10150,1659,2207
51810,8898,11309
20650,3425,4392
2060,346,503
4621,767,1120
8056,1358,1886
11632,1903,2528
13570,2382,3048
23548,3998,4910
49870,7775,10785
7704,1305,1632
10781,1793,2467
371,62,87
38375,6453,8010
7613,1313,1643
41362,6862,8831
14208,2313,2942
1415024,234984,292756
9369,1555,2091
1237,213,312
10940,1856,2452
9646,1696,2115
2020,345,487
927,151,195
28968,4712,6360
67807,11498,15472
7823,1300,1598
36824,6143,7929
103489,16893,21990
38861,6152,8811
12024,2039,2834
22188,3505,4670
7660,1321,1802
2810,470,631
5070,896,1184
2584,433,526
15007,2453,3230
41834,7028,9934
4456,734,913
25141,4054,5625
2699,449,591
33703,5437,7064
24697,4142,5191
11111,1884,2519
536,98,133
638,104,141
1358,235,343
56199,9483,12293
10487,1763,2232
3905,663,913
10829,1785,2301
475,73,109
13326,2202,2880
4710,780,997
17721,2998,3729
54987,9196,11664
12078,2129,2662
13468,2305,2867
7062,1148,1498
4873,832,1118
7125,1246,1628
11120,1899,2574
3751,630,793
36449,6139,7523
702,117,153
25568,4356,5568
26181,4484,6079
11095,1819,2423
13747,2294,2918
1333,215,297
5414,918,1230
791,134,200
25389,4339,5482
5388,871,1323
6507,1109,1555
15003,2451,3066
2971,508,673
11643,1791,2824
173381,29206,36378
6438,1082,1441
33201,5528,7568
3576,618,914
13122,2210,2868
1949,320,541
14777,2422,3275
5341,889,1180
491,80,113
35169,5971,7852
4715,807,979
4674,790,1105
19597,3261,4376
11599,1937,2637
2180,367,519
25608,4310,5503
7144,1161,1484
10045,1625,2165
684,115,150
496,79,114
6573,1105,1360
27207,4517,6194
2553,419,560
36334,6130,7965
699,123,156
846,139,186
2701,446,587
12793,2097,2679
3049,534,705
2358,396,538
84246,13801,18698
4946,824,1069
1654,287,363
44109,7323,9137
13959,2289,2941
5274,880,1239
1467,246,297
2057,340,516
394,62,84
6704,1165,1561
9478,1540,1991
25679,4222,5599
15829,2586,3319
28462,4936,5951
4027,665,918
17725,2924,4093
1882,293,364
30174,5062,6273
42512,7074,9117
37243,6190,7933
17597,2913,3942
9654,1614,2078
15089,2569,3268
435,76,101
1348,221,280
4075,721,912
8192,1371,1670
38177,6328,7940
18568,3146,3886
51786,8366,11442
66753,10951,13560
29612,4698,6267
27936,4620,6513
22558,3655,4922
33614,5583,7630
37546,6361,7943
8192,1371,1669
3175,528,697
1601,285,431
314,50,64
12567,2079,2598
84358,14418,18130
8992,1415,1828
1996,306,431
12814,2156,2772
8205,1461,1714
11006,1910,2253
12852,2096,3087
9485,1616,2061
9061,1583,1994
1889,331,440
6545,1138,1553
29319,4910,6321
8125,1340,1604
29448,5048,6528
14057,2352,3415
1344,237,316
859,155,210
6619,1059,1282
30943,4957,7042
54144,8961,11242
12474,2085,2599
1024,172,236
846,144,191
902,161,202
5891,971,1166
49721,8128,10486
24760,4030,5346
6495,1054,1516
1493,255,381
6220,1019,1322
2259,376,485
24995,4455,5885
1106,195,244
943,168,210
1396,249,304
4279,724,1000
8287,1402,1702
11460,1933,2311
10554,1743,2287
6884,1135,1445
19172,3184,4062
652,109,152
4533,753,969
12228,2053,2612
947,160,209
586,92,137
692,115,168
15125,2549,3245
4768,786,1080
33137,5371,6809
11182,1897,2453
1276,227,324
13146,2238,2930
9685,1617,2062
51146,8244,10595
470,77,119
21798,3713,4631
69354,11419,13825
22754,3809,5308
11419,1936,2719
14307,2391,3171
14933,2550,3274
11947,1988,2472
853,138,193
8435,1292,1933
1506,263,345
4509,693,913
11906,1956,2661
7092,1242,1555
13622,2255,2883
3586,584,780
8089,1325,1693
38985,6577,8823
3586,629,777
8278,1345,1849
1415,247,312
1107,196,263
1917,332,540
2887,477,643
5958,1029,1425
14278,2365,3205
11098,1857,2462
1019,171,231
795,143,204
8359,1392,1895
1929,322,470
1145,187,275
12062,2012,2637
5572,910,1190
796,140,178
597,111,172
582,104,135
1425,242,291
10686,1825,2371
4619,758,1044
9320,1553,2057
21904,3655,4741
68589,11027,14758
9324,1581,2055
8352,1444,1969
44094,7410,9929
17339,3022,3906
4385,736,931
3875,634,786
16822,2753,3589
1226,218,305
4627,763,1032
35986,5869,7750
1071,180,235
572,93,132
3328,574,761
8771,1531,1924
5356,930,1230
1160,188,265
3798,640,822
3013,475,771
495,82,110
747,129,161
15686,2578,3325
4746,758,1049
1003,160,186
26316,4384,5651
1645,282,385
5881,1023,1269
8052,1405,1799
31460,5324,6940
4537,765,977
13085,2207,3176
38557,6333,8073
847,148,218
13694,2220,3123
29402,4892,6355
14835,2482,3411
12008,2044,2699
11779,1904,2369
4594,743,951
2644,434,581
11826,1922,2585
923,163,207
953,168,231
892,153,210
3061,524,637
21303,3601,4597
796,139,198
2348,387,453
1995,335,466
1228,205,289
4254,733,898
15860,2646,3673
11387,1931,2615
8962,1520,1923
10288,1722,2061
8497,1429,1975
5564,908,1150
1558,265,366
660,116,155
1500,253,363
12590,2229,2897
28337,4904,6404
3076,536,748
9089,1546,2060
3213,559,739
5440,923,1175
5555,951,1135
8966,1414,1853
6858,1153,1540
1438,255,390
13334,2191,2892
6672,1072,1560
6090,998,1289
1495,250,314
802,134,170
732,127,183
31137,5397,6583
6394,1063,1318
16509,2790,3557
244,44,53
30198,5142,6347
13716,2264,3116
1435,241,297
689,115,158
1735,285,429
7234,1156,1677
6041,1023,1476
39536,6511,8302
11332,1831,2624
4280,710,927
4742,815,1067
36929,6284,8287
506,82,113
958,165,230
33829,5776,7399
10450,1818,2309
3787,650,850
1218,204,266
9546,1580,2119
2991,477,703
2193,360,460
691,117,185
66279,11086,14340
3622,602,918
11112,1894,2536
9347,1683,2023
221,37,55
10133,1695,2208
2973,502,632
3131,522,665
354,63,94
12981,2198,2844
444,74,98
9231,1559,1915
28519,4780,6113
9334,1531,1997
10285,1658,2116
38954,6545,8760
10036,1660,2305
11218,1912,2339
14258,2362,2861
2211,346,731
470,82,98
15620,2645,3202
388,66,104
3831,622,822
3876,660,862
1618,281,356
4601,820,1096
4004,674,923
1895,311,419
29617,4875,6373
19810,3328,4297
2640,452,570
494,86,118
2967,482,681
17055,2897,3589
9082,1442,1862
16572,2624,3919
1781,295,366
9332,1547,2323
14591,2410,2962
5149,848,979
4187,722,947
354,63,97
10009,1690,2123
4596,789,1094
5596,962,1277
37410,6213,7977
431,74,147
32469,5599,7149
468,85,103
12408,2123,2942
2233,371,457
6227,1041,1406
35975,5848,7407
20790,3577,4589
326,56,76
1164,196,256
1883,316,407
20794,3577,4829
8119,1429,1735
1356,236,327
666,114,123
1018,170,223
2675,452,615
628,107,162
345,56,83
863,145,202
1163,189,273
58659,9619,12866
6700,1123,1538
27210,4518,5907
8185,1349,1843
3402,567,742
5876,1038,1258
18072,3161,3989
2169,373,471
7612,1340,1700
33952,5822,7463
12651,2157,2840
2330,375,485
85736,14149,17703
70172,11609,15231
3555,567,792
1911,322,447
6567,1080,1419
837,138,192
7589,1287,1672
3386,568,744
2604,457,552
25706,4237,6119
14136,2442,2981
11211,1891,2650
2198,379,489
539,98,122
4743,775,1058
2012,327,414
38888,6494,8258
35998,6154,7835
10938,1831,2577
6079,1038,1373
8664,1393,1781
6091,1011,1192
10006,1739,2204
527,92,146
51636,8584,10922
15785,2526,3505
1314,216,294
19213,3145,4281
1174,200,273
1195,209,278
897,151,186
1215,205,259
1648,287,357
1589,257,329
1850,295,407
10598,1785,2410
19685,3091,4021
21630,3627,4516
206,37,59
519,85,136
4191,714,911
9499,1616,2212
1091,190,227
2097,377,509
67116,11135,14052
14144,2390,3019
25565,4392,5601
6544,1075,1378
7269,1274,1669
15204,2394,2959
5507,872,1200
1560,263,349
17513,2975,4037
965,157,202
29577,4915,6315
1416,233,342
5052,846,1044
5674,991,1223
13306,2173,2986
14677,2335,3087
10541,1752,2265
7585,1295,1738
1996,336,431
627,110,124
4670,781,1020
9802,1721,2236
27045,4738,5781
11249,1943,2271
21880,3730,4928
6707,1159,1432
48171,8430,10524
5281,888,1143
782,129,161
8010,1365,1873
5471,912,1212
5520,920,1180
3207,547,701
3217,533,779
7149,1206,1451
618,104,145
14701,2516,3331
906,159,206
7832,1370,1754
21612,3543,4751
4152,703,907
1586,255,403
26524,4431,5730
10616,1740,2160
116975,19123,24284
229,36,51
853,140,192
35969,5896,8208
24732,3777,5582
10799,1814,2259
9375,1579,2068
450,79,141
19298,3265,4320
336,57,90
26711,4506,5821
1188,194,249
2219,356,765
2540,441,589
10318,1734,2276
30402,4985,6543
7531,1229,1766
1306,235,300
1565,244,347
5040,843,1076
6284,1036,1313
6236,1051,1353
15849,2681,3497
6338,1001,1281
17449,3063,3878
8779,1462,1806
26638,4385,5856
7243,1196,1757
12721,2156,3233
694,118,151
1660,278,376
19212,3238,4100
30796,5338,6641
4667,808,991
10332,1821,2356
3311,567,703
3181,537,698
1528,265,392
4280,703,893
2577,417,602
910,154,217
8660,1461,1988
9720,1624,2089
33515,5791,7032
17536,2951,4070
36584,6343,7926
2633,427,596
3510,577,1027
1196,193,291
506,86,118
5306,883,1176
23392,3836,5134
17092,3012,4036
45017,7606,9674
121480,19929,25179
3981,680,893
29402,4816,6335
2641,447,648
13667,2357,3046
153379,25374,31234
34121,5693,7583
84051,13211,16507
17821,2860,3978
11326,1846,2418
15116,2626,3450
883,143,219
476,84,109
7990,1308,1704
15448,2611,3612
4970,813,1220
19263,3215,4529
32680,5548,7175
26201,4416,5758
6733,1115,1370
374,64,94
4081,677,919
30123,4815,6282
4401,724,1011
6408,1116,1412
5759,984,1317
6569,1099,1513
1620,269,380
2176,359,514
181,28,34
4873,803,1138
47430,7676,9508
2067,349,471
765,127,171
612,104,158
2603,442,609
24485,4282,5214
8474,1481,1818
6627,1139,1469
46148,7817,10544
34551,5884,7695
2483,427,572
4571,766,988
8129,1424,1739
2126,356,480
2059,350,473
6706,1138,1521
4240,720,1006
2167,366,524
6903,1141,1635
941,164,238
7870,1331,1679
9460,1605,2045
15725,2625,3757
7465,1228,1494
8793,1451,1976
7942,1346,1680
6402,1064,1484
13855,2382,3007
15756,2579,3283
6767,1106,1471
7004,1201,1501
35612,6040,8703
45986,7947,10124
7184,1120,1699
27648,4770,5912
23877,4072,5197
39724,6761,8417
19412,3311,4210
27094,4614,5688
10781,1852,2494
9708,1640,2112
27875,4428,5722
507,86,117
4887,775,1067
30934,5252,6729
26208,4328,5518
39968,6642,8574
51627,8498,10937
22294,3854,4773
11245,1893,2405
23696,3823,5157
31692,5433,6727
1952,327,436
1263,209,308
1290,200,307
363,56,81
24003,4168,5640
17034,2736,3855
732,117,183
13101,2212,2889
316,51,70
142733,23861,30754
4581,771,1076
4935,844,1086
14184,2346,2961
41162,6709,8440
35943,6007,7680
19671,3459,4413
2790,466,634
2598,450,588
24694,4105,5393
25100,4321,6010
55324,9245,12062
54261,9207,11814
1606,273,345
684,109,149
7252,1227,1849
5348,828,1197
19279,3247,4203
17491,3015,3622
567,96,134
798,137,186
4854,817,1151
15602,2467,3182
22725,3717,4994
30630,5057,6170
12579,1944,2563
4827,800,992
2227,390,540
618677,101164,130470
8110,1306,1641
27542,4478,6211
38771,6360,7855
28110,4574,6119
15076,2461,3173
9065,1512,2057
14901,2491,3245
180,32,42
20526,3629,4827
6000,1000,1358
13696,2305,3104
5588,917,1335
6738,1075,1546
11350,1970,2500
12106,1944,2850
2136,366,453
1100,193,283
43540,7592,10970
175187,28372,37756
1269,216,271
636,99,146
7115,1206,1533
76067,12544,15493
6472,1057,1421
10705,1764,2260
4099,623,779
725,127,161
2180,367,465
1381,222,299
27367,4574,5816
751,138,175
4943,801,1118
898,140,183
490,84,104
9268,1559,1964
17067,2826,3602
15863,2624,3472
11221,1812,2416
502,86,121
37659,6120,8651
7484,1317,1622
11745,2006,2464
7130,1196,1614
5074,858,1123
10766,1840,2376
1710,284,372
821,140,170
1595,273,400
20365,3315,4339
22708,3864,5187
13180,2235,2842
16937,2647,3195
33043,5499,6957
29270,4769,6207
16392,2738,3295
1934,303,447
1817,309,395
626,108,148
3166,507,740
102,18,24
246,41,52
221,38,50
3755,651,793
2440,412,511
19533,3201,4150
9815,1540,2149
25387,4246,5608
6629,1101,1421
1090,181,259
3459,593,755
5422,949,1189
20075,3279,4416
498,84,106
812,135,187
33620,5737,7146
8686,1511,1937
315,48,65
13378,2255,2923
16387,2708,3368
4853,811,1030
13600,2367,3001
5331,888,1238
19421,3252,4324
1693,293,388
7826,1285,1759
2253,389,517
7313,1206,1552
612,102,152
2187,365,480
5694,958,1218
6132,1024,1356
15317,2704,3496
31430,5099,6429
30246,4545,7097
1754,314,408
3412,588,795
175,27,52
37400,6321,7941
956,159,197
5648,949,1209
2336,396,529
9460,1612,2137
26935,4342,5488
21752,3536,4948
3192,538,727
38208,6395,8589
1350,232,337
4275,729,921
9989,1655,2037
5753,927,1223
7320,1191,1633
9459,1575,1952
2096,372,490
6772,1144,1515
5492,897,1350
8862,1466,1935
14220,2320,3233
6496,1076,1409
9109,1506,1980
14569,2456,3289
10546,1723,2298
16243,2730,3682
45535,7625,9978
3284,548,755
6426,1059,1389
23711,3861,5075
59218,9998,12391
16001,2622,3385
12228,2011,2597
30282,4775,6335
19543,3143,3978
4694,769,1072
16675,2770,3414
5037,885,1171
14676,2502,2971
30593,4976,6633
4256,723,1008
4307,718,956
61103,10317,12549
12160,2036,2595
10064,1645,2143
4445,772,1146
10557,1685,2207
3923,665,886
27868,4528,6162
9612,1568,2109
5293,881,1159
13750,2339,2871
6538,1096,1407
3232,494,655
16948,2847,3777
8811,1466,2005
18070,2961,3792
20671,3197,4423
18423,2784,3813
43229,7278,9155
21896,3810,4821
12640,2183,2787
2501,434,583
3619,581,791
3691,596,798
40120,6798,8689
15907,2436,3390
36292,6175,7602
7430,1159,1498
39332,6109,8863
8391,1384,1811
14610,2322,3007
3027,499,743
16226,2763,3330
12755,2188,2939
5319,919,1257
8204,1369,1687
11685,1969,2537
8204,1369,1687
10028,1624,2406
8997,1522,2070
8093,1374,1878
4332,755,982
4695,809,1069
2386,417,555
8192,1307,1811
8072,1352,1822
5148,892,1283
8192,1307,1811
8230,1337,1748
12683,2188,2869
1526,271,405
4929,847,1031
5333,913,1140
13832,2381,3294
9658,1604,2103
8726,1501,1916
4922,883,1071
9039,1603,2141
21346,3591,4289
11870,1973,2431
12491,1931,2816
6767,1090,1597
2044,352,448
12647,2118,2799
18884,3049,4234
3921,671,920
41114,6514,9445
6592,1056,1449
462,68,96
5456,940,1192
16922,2931,3988
16065,2706,3480
3601,555,814
21459,3482,4301
34114,5865,7772
41552,7181,8943
123488,20502,27884
12691,2197,2920
11610,1991,2674
26593,4466,5993
507,85,110
10130,1661,2324
9596,1514,2224
26190,4177,5710
3036,551,706
9478,1614,1996
34199,5157,7748
14475,2408,3098
9789,1587,1961
45576,7156,10166
7130,1230,1526
35550,5622,8253
22981,3777,5100
10234,1777,2292
1174,201,262
16387,2902,3672
12717,2002,2944
19613,3390,4568
10807,1714,2504
31065,5165,7224
16086,2726,3947
13288,2222,2786
9625,1638,2070
24979,3999,5710
8193,1309,1761
14117,2319,3265
28183,4705,6153
14416,2352,2995
2441,431,560
23419,3877,5418
5068,836,1043
13619,2261,2881
5563,917,1126
7377,1258,1777
37376,6206,8324
44023,7239,10309
78554,13235,17135
2405,414,553
16178,2668,3458
5331,906,1184
6013,983,1357
6364,1080,1359
5177,863,1102
9270,1562,2085
14242,2415,3313
135639,23489,29525
3219,542,707
8890,1408,1909
9703,1616,2183
4139,629,973
4641,759,1066
15852,2650,3363
47380,7846,10013
12105,2080,2760
11317,1924,2524
23665,3917,5159
10265,1682,2248
5040,861,1092
8587,1434,1960
18577,3084,4150
20865,3524,4434
11482,1947,2591
25592,4360,5848
44818,7571,9769
12246,2127,2934
10078,1694,2247
2510,422,640
4848,819,1088
72560,12106,16750
13806,2434,3153
4231,710,902
4654,776,992
4655,724,1004
44159,6967,9158
3877,657,809
8046,1321,1765
9161,1478,1895
10031,1631,2390
1924,319,448
8248,1468,1813
7513,1247,1667
12637,1996,3055
6652,1119,1452
11911,1921,2621
2410,419,561
1985,316,402
3754,661,829
4523,756,1039
36613,6175,7949
1344,227,291
6562,1095,1483
15660,2782,3613
1050,180,259
6067,1042,1456
4269,775,1040
16177,2751,3599
4413,728,1011
2473,417,549
14241,2165,3414
12177,2006,2550
21554,3604,4653
3265,493,775
2813,456,640
18349,3097,3895
27973,4626,6208
15762,2676,3641
35184,5966,7575
20002,3334,4468
15762,2676,3641
8360,1399,1774
10472,1758,2303
15570,2648,3536
9149,1486,2079
10503,1752,2317
18794,3142,4193
50008,8351,10530
38998,6747,8834
53172,8357,12985
4287,776,974
1625,269,329
395,64,97
14559,2173,3833
5246,842,1091
13174,2189,2960
1933,310,420
6123,1051,1359
7724,1361,1636
940,167,219
2185,375,511
2263,375,505
22210,3743,4858
11143,1899,2401
4493,757,956
15282,2612,3633
5793,973,1247
2257,400,563
2974,531,644
1575,254,368
14258,2323,3236
56348,9712,12124
10484,1771,2284
2009,347,442
16711,2778,3737
6762,1115,1465
11502,1733,2971
3592,617,835
5295,919,1278
7392,1251,1638
9256,1509,2061
6216,1016,1396
4410,730,984
34109,5861,7446
8272,1332,1715
10796,1853,2415
3153,528,680
6723,1075,1500
3944,659,874
5063,867,1358
12194,2021,2629
8360,1389,1755
7756,1199,1710
8567,1489,1770
9611,1621,2074
4215,719,966
6811,1159,1516
12438,2052,2935
16687,2731,3514
11639,1959,2510
20134,3495,4610
7897,1335,1795
15468,2587,3458
11404,1853,2700
61773,10479,12755
1376,229,276
12918,2210,2735
3117,530,721
5130,885,1232
4658,774,1101
4950,855,1163
13459,2182,3116
2022,353,435
16683,2727,3516
3458,560,904
5642,973,1176
1062,176,278
15420,2621,3439
5031,813,1031
21036,3459,4277
10154,1779,2244
2549,421,610
1381,211,305
3181,527,666
10753,1852,2310
19319,3357,4605
7317,1126,1608
2599,455,594
7497,1210,1606
41492,6445,9318
3710,648,827
4548,756,1003
16221,2756,3997
11960,2074,2884
6504,1110,1433
6084,1019,1396
2616,405,560
8921,1387,2035
6916,1136,1629
36766,6173,7760
43512,7045,9990
13651,2344,3410
26266,4192,5485
9866,1675,2074
7241,1212,1595
8614,1480,1808
5540,954,1185
26810,4297,5440
229,33,45
23113,3865,4830
4873,736,1118
18267,2942,4063
18920,3165,4024
15579,2506,3386
860,146,199
6360,1085,1368
11122,1878,2547
10334,1784,2259
23595,4086,5326
5656,956,1410
8945,1526,2194
19492,3274,4274
11146,1850,2562
7479,1191,1661
59764,9890,12371
44288,7604,9459
38309,6427,8404
24604,4232,5310
2076,339,511
28420,4743,6659
609,102,166
12308,2109,2704
11714,1930,2537
15085,2384,3325
4951,807,1077
1553,267,391
19743,3174,4143
8882,1448,1963
18963,3261,4131
907,150,207
14448,2414,2945
18928,3205,4356
6366,1055,1399
6727,1099,1523
16888,2883,3587
10746,1812,2230
28728,4830,6087
339,50,71
28722,4825,6084
28921,4976,6735
49667,7944,10223
316,53,90
4526,698,932
7029,1165,1452
23382,4031,5450
58022,9443,12186
22071,3780,4890
2653,466,556
29127,4752,6089
1790,298,413
885,137,187
4701,779,990
9147,1548,2080
8763,1493,1914
21197,3616,4889
69148,11813,15286
16384,2734,3444
2978,526,677
34942,6015,7683
1532,255,336
7306,1222,1637
2734,451,631
293,43,57
1219,201,262
7163,1178,1635
18089,3040,3805
4136,665,856
18790,3180,3958
993,167,213
16680,2727,3473
24775,4273,5160
30265,5133,6532
5293,923,1189
2209,377,469
7280,1207,1562
36541,6152,7794
1944,321,422
7373,1304,1731
7018,1181,1529
15506,2611,3183
9872,1748,2167
18968,3207,4166
2138,344,508
12529,2123,2929
331,50,74
352,59,76
3265,531,728
9814,1611,2129
37512,6045,7718
1426,242,313
7829,1232,1708
2700,467,622
12016,1986,2759
514,82,110
12014,1984,2759
5513,935,1281
42701,7317,9224
16233,2752,3556
1349,215,276
1366,254,323
1362,224,302
24450,4148,5165
3549,622,786
13198,2253,3057
8228,1433,1794
6816,1195,1489
7529,1318,1704
3302,542,788
42325,7323,9081
62696,10675,13973
25877,4430,5720
6097,1041,1351
3088,505,651
18810,3216,3978
20072,3381,4342
12510,2054,2690
12562,2138,2614
41724,6881,8688
2548,411,605
12966,2157,2624
22732,3784,5587
27969,4816,6065
7761,1372,1711
88286,13920,17503
16562,2912,3969
23114,3903,4978
18211,3075,3746
20772,3553,4652
6710,1079,1495
4073,696,882
25081,3964,5537
9811,1669,2164
52245,8294,10681
6870,1128,1390
1019,169,217
6768,1166,1499
8236,1324,1752
13572,2234,2819
8198,1370,1943
882,149,212
8550,1457,2157
15209,2570,3230
695,121,159
806,126,191
38421,6210,7824
704,112,213
1866,301,367
5885,984,1239
36438,5756,8529
2889,469,614
6176,1009,1402
54894,9053,11592
3952,677,921
76140,12995,16886
2888,502,667
4503,767,1107
2676,443,572
1909,333,433
1155,194,258
1047,180,233
4234,658,969
16054,2599,3507
23761,3926,4981
2504,413,585
3853,650,900
2400,404,562
9174,1570,1999
1693,292,350
23688,3896,5195
2739,465,588
30938,4966,7022
11382,1834,2779
18173,3021,3756
28147,4793,6205
24576,4030,5265
24388,3928,5336
37388,6274,7896
70628,11795,15120
177520,30994,40044
34668,5558,7486
1810,289,374
7856,1230,1559
14333,2455,3343
4559,728,949
638,107,152
1194,193,259
11803,2043,2647
904,158,216
1670,270,363
11621,2028,2687
38969,6340,8114
3921,670,932
5134,863,1060
18159,3088,3938
22469,3899,5010
20164,3357,4365
42808,6978,9360
15087,2337,3511
1788,306,411
3105,524,713
3109,530,717
3585,578,838
22609,3768,5283
12493,2065,2633
3541,588,743
12789,2078,2702
4221,709,859
3306,563,790
2032,359,443
3877,612,850
5596,969,1512
11606,1915,2648
6642,1143,1433
13526,2264,3002
28130,4910,6310
18587,3114,3957
7107,1170,1581
3747,622,755
33459,5722,7004
1919,309,406
5644,919,1193
16314,2716,3353
1763,312,434
6847,1167,1522
966,166,235
4607,792,1027
279,47,61
15937,2693,3361
13196,2156,2886
24419,4249,5699
1678,275,375
7331,1175,1655
20925,3443,4388
2790,485,635
46738,7758,10106
43554,7234,9615
2313,404,550
655,106,150
1430,246,317
272,47,72
125096,20154,30007
765,136,167
10712,1823,2403
638,104,135
594,93,147
4535,740,1061
1107,206,261
9460,1610,2316
2951,467,632
16117,2699,3776
13114,2203,2756
14999,2473,3746
3354,546,670
874,140,233
36492,6143,7715
4738,777,1086
12582,2010,2552
10620,1661,2214
23282,3800,5194
17045,2850,3762
13773,2345,2962
1689,285,386
69353,11645,14793
17280,2948,3909
107583,18415,24241
26718,4525,5671
16765,2802,3857
13314,2263,2951
1732,281,361
1248,215,280
42083,7146,9059
111120,18019,23087
18611,3041,4270
19625,3315,4523
11968,2018,2616
24622,4210,5355
17401,2787,3649
16403,2658,3756
17005,2851,3799
39656,6740,9126
12047,2089,2603
1804,295,421
24277,4169,5381
9860,1591,2108
7150,1164,1521
811,138,186
56989,9364,12788
5708,902,1208
27485,4687,5689
1256,210,272
40100,6817,8637
29621,5132,6841
4577,772,983
28264,4826,5910
8889,1500,1863
20284,3445,4363
5467,966,1251
23409,3959,5240
1010,162,221
9684,1709,4142
10162,1660,2408
15277,2518,3253
5537,883,1207
17183,2971,3581
2192,348,492
27821,4713,6284
344,54,71
5279,932,1678
10758,1760,2291
18914,3128,4021
14101,2381,3133
13418,2088,3157
751,121,166
9421,1503,1940
1042,178,231
16330,2702,3598
17983,3093,3870
8946,1485,2250
4202,706,899
4488,726,954
1981,295,394
1783,290,423
10816,1867,2352
2044,342,400
136706,22841,29317
936,151,206
81178,13411,16194
46072,7823,9884
8369,1456,1821
9691,1696,2427
1123,183,251
2012,322,426
19848,3487,4694
1770,283,408
12059,2025,2588
4010,670,916
7997,1320,1723
3578,602,780
4885,755,1036
5418,894,1176
12097,2065,2708
5649,954,1362
8451,1360,1880
309,51,77
15128,2440,3534
8968,1501,2091
31329,5118,6611
23064,3832,5057
3712,632,840
38177,6403,8360
8326,1452,1792
1411,236,326
913,148,204
1974,315,397
2653,448,610
25654,4074,5333
72306,11259,15171
48004,8130,10324
4845,827,1139
1534,252,320
6352,1059,1380
3012,489,707
17034,2867,3684
8106,1344,1900
18450,3114,4011
16807,2727,3553
39599,6403,8701
13841,2360,3206
776,127,173
7792,1286,1814
24361,4098,5299
13287,2148,2780
49105,8183,10108
8522,1350,1863
8079,1366,1911
7483,1225,1847
189099,31639,39838
10111,1682,2148
10256,1823,2385
24317,3980,5178
31389,5418,6784
4433,734,1017
2791,432,638
8679,1442,1833
9652,1677,2092
24607,3973,5204
54330,9004,10976
95090,16279,20572
48248,8207,10615
8939,1544,2151
1300,226,291
69255,11189,14741
16063,2612,3453
23454,3940,4948
71587,11543,15954
6802,1112,1390
14851,2589,3562
12839,2064,2608
56212,9206,11799
62023,10382,13126
32466,5420,7400
33215,5634,7084
1159,188,249
13798,2315,3049
27202,4635,5829
50463,8015,10430
16986,2857,3930
1916,312,443
27583,4713,6208
8368,1375,1811
18045,2970,3816
2144,349,459
8210,1388,1781
2574,399,570
3237,541,728
4025,655,838
4149,660,790
17001,2874,3680
4850,815,1032
33510,5440,7536
4246,731,942
44929,7687,9928
31632,5454,6675
40841,6624,8259
37816,6373,7936
61075,9992,12971
9070,1526,1988
4110,703,1017
17830,3008,4112
27037,4379,5847
37530,6094,7921
1374,207,282
12210,1883,2844
234093,38519,51495
17519,2943,3787
10024,1671,2211
3288,550,715
38949,6403,8305
15283,2604,3123
17345,2884,3916
41023,6852,9057
30490,5094,6625
5524,923,1154
2442,389,582
5939,1028,1352
20,3,5
1782,298,354
7271,1278,1687
6494,1107,1488
14234,2403,3087
5460,904,1183
345,50,94
16128,2730,3476
14095,2411,3089
36970,6422,7912
4507,758,978
3339,543,757
119531,19825,24792
8755,1494,2000
2136,355,471
21884,3810,4908
27853,4617,6419
2091,352,445
64910,10974,14094
12100,2262,2977
1508,252,324
48616,8194,10150
1117,192,254
7118,1128,1533
7380,1231,1522
8726,1469,2040
61158,9972,14376
49678,8162,12197
85,16,18
5805,916,1241
10334,1659,2234
2277,380,493
16139,2598,3495
5621,945,1338
7304,1190,1642
8285,1374,1903
6784,1135,1431
2530,420,543
39071,6338,8953
127,21,29
5385,887,1224
8269,1348,1756
10073,1756,2252
9280,1573,1973
2837,459,614
12909,2145,3341
8002,1389,1814
14681,2591,3287
5977,974,1246
9678,1547,2204
17953,2778,4469
37569,5664,8310
15291,2320,3726
17510,2791,4170
45092,6689,9942
12003,1862,2748
14306,2223,3496
16552,2752,3711
4271,707,1002
14479,2200,3324
2220,352,528
20247,3031,4275
3056,477,715
2783,442,675
2555,391,617
2549,392,613
2855,441,633
17088,2512,4549
1339,220,334
3155,482,732
6773,1040,1535
3883,613,868
19158,2959,4723
6843,1018,1703
38800,5961,8909
7212,1129,1700
17260,2240,5149
17470,2760,3966
4469,684,1114
27769,4208,6203
22531,3587,5377
33718,5329,8442
16238,2583,3931
28433,4222,6181
179852,26331,39615
19498,3047,4381
9108,1401,2036
17583,2634,3996
6739,1027,1531
10448,1581,2547
10819,1582,2492
2721,437,663
119377,17497,26380
18062,2707,3938
12831,2063,3124
8348,1327,1932
19319,2976,4315
17037,2652,4042
71192,10557,16113
13272,1988,3167
15147,2157,3730
5461,836,1231
22556,3520,5394
93799,15590,19650
22252,3458,5285
4795,692,1107
5634,849,1244
15490,2532,3934
18073,2859,3834
7359,1119,1796
9252,1447,2156
39844,6073,9523
2816,429,706
36858,5697,9026
31674,4717,7150
19038,2954,4376
18093,2749,4236
16024,2438,3608
27204,4375,6195
18522,3049,3965
9774,1468,2361
6018,1022,1258
3908,672,966
11623,1824,3010
14316,2453,3286
15157,2315,3325
5993,974,1215
8388,1442,1877
9364,1523,2035
1196,192,297
13684,2317,3271
13418,2106,3231
15007,2526,3548
16977,2587,3776
3767,626,788
13652,2345,3108
18051,3002,3911
6130,1011,1361
9452,1662,2053
9414,1534,1971
5922,955,1283
23168,3855,4998
9814,1663,2143
10008,1600,2338
12310,2136,2712
7880,1349,1697
17255,2860,3677
4172,679,927
36534,6522,8036
12169,2035,2668
4207,685,939
4640,742,1078
56568,9556,12346
15485,2598,3360
8453,1416,1728
7657,1311,1767
9589,1604,2107
32958,5375,7628
3418,588,765
585,107,132
26002,4271,5703
11993,1911,2459
1493,266,330
26264,4314,5742
9589,1548,2060
15709,2608,3340
9898,1616,1967
16622,2426,4344
18526,3018,4102
44467,7366,9300
883,155,185
8397,1432,1908
7473,1309,1722
4430,780,942
2294,367,652
5280,920,1157
23274,3989,5349
18963,3271,4284
6824,1167,1591
65021,10018,15810
11917,1940,2654
10845,1603,2940
41393,6891,9002
18603,2881,4315
4200,674,936
984,141,246
4839,844,1066
57464,7935,14649
705272,106992,155325
79767,12719,18422
15681,2430,3673
17464,2566,4220
21536,3225,4676
16379,2551,3765
143288,21268,35177
5701,862,1362
35514,5481,8365
13520,1991,3176
39899,5970,9119
20798,2926,4425
37287,5730,8453
248590,38478,58670
10013,1490,2266
63571,9530,14088
14617,2231,3441
13491,2060,3371
53070,8130,12475
133332,20229,29758
11021,1740,2519
68690,10490,16112
2585,407,616
9887,1500,2378
6022,931,1379
13264,2065,3062
10183,1508,2601
7924,1194,1885
6261,916,1439
20068,3064,4987
36229,5627,8822
14882,2244,3443
17275,2895,3746
8249,1260,1922
8034,1229,1854
1761,263,421
8147,1259,1871
22564,3354,5640
67493,10132,14707
12782,1994,3133
34773,5833,7830
10626,1682,2588
35553,5516,8417
17325,2810,4542
26749,4072,6488
3185,457,780
2278,362,492
5771,862,1448
7978,1207,1837
42954,6976,10039
22276,3380,5401
38481,5851,9513
21948,3227,5246
7902,1198,1799
4150,671,991
5270,777,1297
3461,516,865
22295,3275,5013
24840,3529,5610
2231,325,549
13339,1975,3348
17290,2504,4077
9316,1359,2248
6566,1087,1408
16867,2612,4060
3646,588,919
8433,1305,2030
2012,297,463
45786,7151,10573
10684,1664,2575
5054,760,1165
19648,2856,4829
20573,3269,4930
22816,3393,5037
5371,838,1263
24318,3788,5755
3153,499,807
6887,1131,1703
6410,976,1444
25860,3916,5789
3570,540,828
124787,18902,30797
17627,2754,4099
124787,18901,30794
16507,2525,3804
38067,5671,8295
19686,2999,4458
3045,479,734
48321,7323,10451
51929,8617,10988
828,126,198
23110,3565,5304
29991,4527,6765
15804,2423,3647
22888,3838,5309
14716,2312,3595
13874,2114,3239
17719,2848,4172
49128,7455,11475
12099,1891,2867
503,73,118
19821,2976,4532
31897,4672,7196
14711,2138,3307
12460,1943,2921
6094,895,1417
12072,1863,2879
7165,1081,1687
18405,2868,4392
33649,5250,7866
8215,1307,1983
46773,7495,11384
9878,1554,2457
14802,2506,3207
31314,4537,6928
13993,2083,3147
11345,1735,2547
5724,910,1330
12096,2026,2570
13573,2133,3447
13320,2042,3098
15196,2457,3656
43773,7025,10144
187587,29062,44419
13373,2102,3160
961,137,244
27072,4010,6112
18640,2957,4619
13277,1935,3024
3316,584,706
6927,1071,1726
25519,4010,6102
77590,12206,18429
55110,8449,12307
31671,4890,8099
5606,990,1319
1994,295,483
17500,2668,4156
2149,338,495
2810,452,648
19877,3071,4660
14328,2160,3368
16646,2404,3630
12922,2031,3084
12411,1985,3045
14633,2457,3154
4012,690,914
12830,1985,2845
16370,2453,3607
7560,1128,1720
37961,6040,9328
12925,2062,3089
60534,9227,13759
11924,1627,3082
13886,2103,3230
17702,2597,3812
13691,2067,3089
3327,505,781
4729,770,1160
10117,1567,2346
13439,2122,3134
7980,1213,2098
19362,3144,4666
44565,6959,10803
9900,1574,2258
5644,891,1419
12271,1813,2760
11130,1681,2640
3816,567,971
20740,3127,4879
14773,2295,3414
9358,1383,2215
7862,1241,1855
2539,400,588
13243,1957,3110
44219,6786,10454
22972,3478,5388
2103,307,546
11351,1711,2703
11199,1705,2638
16801,2560,3773
7598,1228,1866
25173,3863,5742
25979,3951,6333
49044,6862,11443
18736,2934,4603
15850,2453,3789
37272,5490,8469
11544,1747,2949
11544,1747,2949
40051,5963,9239
50470,7662,11435
17711,2707,4209
24914,3868,5780
16523,2538,3680
14442,2161,3418
7631,1179,2061
12995,1990,2953
25048,3909,6033
8987,1281,2001
8302,1247,2054
9992,1476,2303
15907,2384,3720
18516,2793,4093
28638,4326,6643
20586,3213,4759
6567,1072,1490
31074,4826,7198
18263,2636,4410
16948,2548,3823
50127,7884,12152
46965,7365,10683
56907,8481,14446
1159,168,324
5709,869,1322
8967,1296,2271
21701,3278,5178
27583,4290,6238
9522,1487,2255
12854,2102,2610
10461,1567,2306
2011,316,465
35443,5631,8276
26064,3963,6158
19579,2804,4753
9979,1516,2373
6157,1007,1290
24199,3793,5516
19105,2791,4545
18735,2829,4214
5775,897,1316
15894,2708,3700
15947,2344,3806
13677,2074,3378
11226,1693,2384
434,62,101
15632,2361,3872
36073,5287,8207
776,109,184
10233,1706,2247
17758,2787,4204
63991,9965,15313
19400,3001,4365
21994,3248,5077
63510,9392,14532
36285,5408,7973
16008,2295,3787
20083,3032,4653
8781,1438,1977
30547,4536,7082
35284,5587,8097
48563,7404,10999
36842,5391,7847
4670,703,1192
11655,1800,2824
9313,1396,2220
683,102,167
11728,1953,2595
16691,2593,4046
32894,5271,7772
18429,2760,4141
7406,1068,1698
1043,167,243
8470,1418,1953
167636,25487,37611
35721,5494,8422
33783,5206,8151
1693,248,389
22192,3437,5324
11385,1624,2920
910,127,233
474,70,109
7789,1138,1727
6348,925,1487
2599,400,596
50712,7706,11454
26399,3896,6001
11625,1784,2991
13642,2059,3015
53950,8484,13439
9363,1453,2147
1754,265,450
17487,2646,4016
61874,9418,14310
14254,2185,3361
65955,10100,15121
12314,2109,2783
4862,739,1118
8901,1398,2217
40433,6294,9327
36890,5439,8891
7067,1199,1727
10457,1520,2637
11992,1754,2820
17207,2506,4105
32291,4992,7626
17815,2815,4224
8749,1380,2086
1633,260,368
5928,1044,1410
56236,8755,13640
9493,1396,2154
9594,1447,2203
3770,610,938
3644,557,875
15428,2359,3503
4573,686,1105
8015,1370,1863
14131,2203,3328
27191,4252,6502
1506,224,348
22628,3200,5420
14872,2299,3366
3165,500,768
4344,651,1083
7208,1205,1839
9802,1545,2271
3240,518,847
3144,498,736
73799,11151,16704
1217,185,270
3808,612,911
3573,548,813
5997,910,1481
8466,1414,1949
5980,887,1444
58295,8473,13460
10257,1528,2275
25088,3924,5901
2097,311,497
3776,587,971
35010,5759,7739
3330,516,800
3951,598,946
13432,2028,3223
2393,353,548
24134,3748,5631
15794,2409,3663
58601,8753,13509
9710,1526,2242
7753,1139,2033
4947,799,1300
5907,954,1253
19365,2896,4655
28108,4325,6507
70994,10842,15533
17434,2577,4245
3030,486,772
4174,674,1014
23233,3526,5522
1647,251,416
3715,571,857
5509,810,1274
7656,1196,1758
13306,2139,3324
16610,2484,3767
4345,647,1060
11441,1783,2735
11783,1732,2943
10028,1590,2397
3926,680,922
21182,3306,4845
46286,7119,11771
70054,10840,15307
23931,3534,5669
11321,1770,2544
33081,5009,7878
24738,3760,5606
44028,6821,9651
4198,596,915
8771,1519,1931
4190,661,976
24849,4006,5688
36458,5511,8114
6116,961,1461
8900,1393,2221
4803,730,1034
8309,1282,1899
1019,155,249
1438,211,355
1482,215,324
31891,4970,7808
38297,5631,9251
8359,1310,2167
1604,231,409
14338,2129,3209
33474,5342,7655
6407,1016,1531
4279,632,956
5582,853,1473
10843,1708,2489
33803,5170,7686
5935,870,1438
6239,947,1447
4666,709,1119
29118,4516,7126
4469,668,1054
16219,2579,3725
5758,849,1425
31038,4826,7210
5447,840,1291
8955,1409,2125
9165,1365,2182
23423,3497,5493
15830,2410,3736
39431,6050,9065
5220,804,1343
4422,675,1077
3537,554,903
675646,97759,146935
10182,1632,2223
14585,2085,3436
12735,1978,3044
10264,1521,2418
31541,4871,7306
47369,7123,10799
3880,565,913
11617,1802,2633
18841,2985,4425
24889,4041,6194
4173,629,1007
1591,249,374
92293,13987,20802
4189,648,1126
10927,1669,2617
4487,713,1122
24593,3994,5563
35412,5499,8346
15206,2427,3697
28353,4192,6812
17102,2669,3736
6733,989,1532
49351,7372,11401
14002,2131,3525
17292,2575,3749
4368,650,1091
5507,860,1390
7371,1128,1705
6496,1003,1501
10299,1581,2286
1892,285,495
7466,1137,1663
3987,593,1010
22082,3538,5071
40389,6193,9448
15219,2277,3351
3603,527,807
12899,1993,2870
2175,327,489
6341,961,1565
17881,2681,4335
9146,1350,2137
5416,915,1093
19521,2976,4617
3086,475,727
5433,822,1291
8113,1202,1819
26988,4079,5936
851,127,184
929,147,236
9139,1496,2056
5238,787,1346
4613,682,1127
88757,13917,21246
10059,1408,2289
24631,3778,5665
21677,3356,4977
5144,744,1148
13857,2363,3244
17529,2616,4322
7799,1206,1845
15246,2391,3575
2991,461,708
2745,419,624
18683,2880,4945
29891,4474,6802
19498,2943,4559
46863,7237,10267
20040,3013,4667
5940,987,1226
44909,6817,10226
5733,883,1320
7597,1134,1696
8002,1189,1841
32283,5028,8445
40225,6495,9285
24774,3766,5730
141445,20271,30102
20676,3229,4684
23351,3589,5243
37246,5664,8638
15826,2554,3684
7947,1375,1802
6808,1066,1670
22256,3503,5337
11240,1690,2668
31049,4630,6931
11723,1766,2814
2726,395,699
620385,92606,141574
3776,569,859
12402,1910,2929
3202,486,743
25741,3894,5760
26338,4158,6054
3497,528,901
2844,410,697
1010,150,260
5270,764,1274
4323,623,1049
66377,10219,15663
85925,12604,20602
76146,11295,16860
16231,2470,3963
3928,595,926
5592,848,1467
3717,557,911
11577,1739,2772
6156,930,1355
4424,659,1134
5939,969,1381
42116,6325,9995
11674,1789,2893
42497,6470,9266
1754,266,380
5694,877,1348
23044,3662,5636
5674,966,1265
28914,4602,6918
12743,1895,3353
1621,263,387
769,119,187
8386,1240,1956
2958,435,750
38118,5630,8900
54132,8407,12623
73650,11610,17255
7701,1126,1789
19592,3030,4568
81689,13015,18944
18303,2742,4566
77405,11974,18388
28036,4275,6480
12244,1903,2793
434,65,95
23476,3515,5314
24716,3767,5539
4258,662,948
11432,1733,2549
28124,4369,6779
38190,5899,9221
4524,726,1146
19129,2976,4565
6188,922,1571
47112,7335,11275
17889,2708,4370
41724,6280,9552
15477,2447,3869
34439,5456,7935
21256,3198,4854
14279,2408,3149
18246,2793,4330
17237,2717,3895
2264,355,524
7597,1156,1818
8264,1314,2006
18245,2790,4333
48169,7146,10447
59746,8858,13786
3238,453,754
161664,23118,35536
33152,5074,7433
21659,3189,5479
4223,631,994
14659,2196,3386
42593,6478,10429
10302,1767,2173
40423,6286,9739
10894,1778,2601
25097,3966,6069
17503,2820,4077
2777,411,676
18957,2935,4353
95385,14588,22277
67476,10370,15924
20069,3235,4190
8360,1306,1851
43121,6614,10502
2945,467,713
10891,1589,2442
29358,4440,6448
10024,1578,2382
13017,2059,3042
24052,3725,5370
10031,1558,2299
10529,1797,2194
21513,3308,5036
18707,2926,4383
3910,566,946
4417,705,1069
2475,359,693
11914,1837,2797
19362,2808,4654
48307,7382,11510
25131,4026,5773
13799,2408,3405
15677,2380,3471
18430,2781,4264
5738,819,1427
23548,3524,5193
63884,10015,14821
41009,6358,9368
10574,1589,2400
2797,443,663
6602,1089,1430
1103,166,245
7409,1261,1696
5744,948,1268
57520,9854,13083
3253,542,705
12494,2096,2575
5149,813,1063
15545,2623,3568
3649,612,849
2486,418,571
3664,597,772
13797,2159,3089
23747,3756,5297
8199,1367,1871
3208,536,769
3571,609,799
3908,638,857
23903,3917,5306
19368,3288,4201
18986,3009,4518
129544,20873,30170
4371,698,1019
61926,10494,14403
34403,5910,7735
26941,4670,6024
3475,559,748
24012,4134,5486
230,34,42
3682,638,816
1363,223,273
2168,345,545
14835,2506,3270
2889,472,710
4775,784,1078
8140,1363,1882
8794,1432,1916
2224,356,456
8588,1424,1935
8582,1424,1935
3409,578,726
16308,2652,3510
41588,6943,9513
4294,679,904
1154,189,283
3675,630,799
3712,614,918
1800,295,438
3677,618,763
4537,748,1034
6683,1129,1553
39218,6675,8562
21312,3525,4717
17517,2812,3549
2326,390,534
6648,1146,1528
22442,3640,4499
17856,2900,3688
25978,4441,5755
21138,3644,4835
40926,6855,8897
49334,8177,11808
30466,4981,6440
8653,1494,2078
11668,1934,2610
21075,3593,4529
8621,1445,2132
17201,2970,3703
30850,5231,6603
20187,3371,4404
12918,2302,2793
71639,11962,15492
17890,3054,3854
44752,7531,9630
62697,10331,12856
16284,2706,3665
3133,513,631
6967,1188,1478
59254,9695,12444
9547,1584,2214
8478,1453,1776
90495,14883,18976
8798,1422,1834
9843,1673,2304
4208,699,967
5475,956,1223
6424,1149,1629
7232,1143,1821
7232,1143,1821
1852,281,394
45239,7370,9406
16161,2507,3656
637,103,133
17751,3008,4293
19504,3296,4156
2766,453,677
6898,1149,1624
2538,416,600
40194,6668,8732
24815,4011,5216
16054,2614,3642
36680,6383,7935
11224,1778,2503
6024,974,1408
27337,4320,6800
6022,972,1407
54078,8358,10961
11009,1823,2323
21835,3644,4622
5608,913,1297
6507,1047,1387
12887,2157,2741
65656,10981,14606
12235,1942,2488
17035,2873,3680
8898,1463,1839
10380,1715,2101
2328,376,542
28806,4842,6425
19709,3299,4456
9505,1548,2017
16430,2662,3458
10382,1788,2502
31654,5186,6927
2870,466,582
8481,1371,2117
20273,3354,4245
32300,5265,7052
16484,2659,3693
56926,9779,12306
37307,6180,7878
44251,7559,9192
2083,360,462
13608,2262,2992
4364,737,982
8441,1412,1958
18422,3047,3942
16739,2797,3706
10430,1742,2284
9935,1634,2139
28621,4742,6156
2181,369,515
10116,1669,2217
8052,1352,1675
24431,4169,5327
16796,2675,3500
28997,4800,6037
4705,758,1065
26332,4368,5560
26184,4528,5702
1735,274,373
5407,893,1336
8100,1350,1805
44200,7598,9546
14593,2366,3320
6559,1086,1426
16126,2658,3525
42979,7183,9495
22990,3802,5163
20236,3348,4395
10565,1822,2242
2470,408,606
209708,34557,44805
11183,1894,2538
25806,4274,5190
10837,1813,2295
14199,2491,3111
28777,4673,6300
26019,4308,5464
44145,7491,9575
836,131,193
49564,8187,11442
29675,4865,6282
21817,3658,4482
25747,4315,5858
4399,774,1067
5396,876,1323
17982,2865,3748
2103,355,433
76807,12852,16735
953,168,225
748,125,184
153547,24175,31939
9939,1541,1858
4133,675,924
8590,1465,1903
5022,855,1049
2586,425,553
4988,843,1006
14495,2272,3061
1206,191,291
29258,4762,6832
18988,2988,4355
13025,2152,3027
6749,1048,1514
11598,2021,2562
16655,2687,3964
18199,2942,3866
15935,2590,3187
9145,1471,2007
15573,2650,3494
1001,154,236
40043,6927,8338
12188,2068,2610
4253,746,1017
26219,4311,5979
15782,2591,3747
19044,3171,3911
8873,1544,2043
1047,170,260
34199,5707,7424
23409,3752,4828
148454,24418,32878
117171,20459,25764
23856,4086,5156
26851,4475,5389
32049,5267,7135
903,138,219
27683,4766,5619
20367,3503,4551
21482,3680,4928
5520,892,1223
12258,2053,2670
4037,671,937
19036,3259,4411
3467,573,727
703,112,185
12537,2166,2828
237808,37899,51709
219236,35783,46205
17758,2824,3806
36806,6559,8299
13636,2337,3013
14268,2401,3270
3313,542,766
732,122,182
18855,3197,3981
6131,1000,1296
2613,439,589
36305,6017,7596
774,127,177
22202,3648,5075
10640,1779,2583
29239,4863,6370
25791,4376,5575
10056,1720,2276
4485,779,1048
791,130,199
44932,7310,9145
5123,822,1022
11969,1958,2757
6674,1132,1519
2871,499,610
25580,4120,5120
5916,994,1292
568,93,116
2082,343,464
19965,3330,4487
78203,12895,17445
16631,2988,3893
23519,3926,5757
15919,2664,3572
3464,585,798
45085,6911,9380
23841,3975,5140
34374,5367,7565
25561,4111,5463
17552,2866,3760
21469,3611,4601
17142,2891,4091
37992,6320,8381
29561,5068,6883
11764,2057,2384
22668,3562,4679
1534,249,319
23559,3976,5423
20680,3408,4636
73105,12335,16239
2076,352,421
6301,1015,1425
234553,38317,49900
10409,1836,2313
23258,3811,5491
22624,3567,4848
3641,627,831
351881,59888,85974
46738,7782,9869
4757,737,1081
9393,1620,2007
5723,945,1264
27851,4732,5942
47950,8148,10370
20568,3530,4408
7810,1283,2016
3212,518,704
56518,9398,11942
46534,7428,10226
11012,1839,2500
9931,1703,2172
8357,1368,1932
40692,6736,8644
4216,712,915
13723,2258,2812
9628,1622,2052
32863,5458,6956
24376,3988,5551
11340,1910,2427
33952,5847,7415
26793,4551,6069
25272,4356,5638
13523,2230,2817
25753,4169,5617
9452,1628,2390
10869,1832,2341
14628,2428,3138
11202,1990,2546
6705,1036,1567
12654,2103,2879
30986,5144,6431
13323,2395,3075
13481,2282,2938
21992,3627,4876
6331,1056,1430
10608,1776,2424
18148,3176,3837
719,117,159
15685,2747,3591
9883,1592,2411
2177,339,541
48002,7884,10430
10622,1832,2302
14875,2410,3217
833,131,165
8217,1414,1817
6723,1099,1293
41998,6767,9197
38516,6146,8233
826,140,166
4461,695,907
4682,756,1046
6057,1011,1263
18435,3080,4038
4902,766,1084
5832,971,1286
575,103,135
18214,2988,3734
13141,2315,2819
5501,880,1132
10726,1814,2292
3252,534,692
44582,7794,9852
12465,2033,2861
24902,4264,5301
14798,2447,3372
11646,1872,3145
6279,997,1430
13330,2159,2665
13052,2284,3044
10616,1800,2257
20902,3663,4623
16393,2731,4073
17540,2853,3756
12686,2173,2854
18289,3016,3971
22256,3747,4889
43874,7311,9698
20323,3278,4544
24426,4293,5473
58053,10016,12734
7604,1271,1575
32219,5495,7089
23293,3841,5052
22459,3633,5171
5938,1012,1369
24429,4081,4936
39651,6475,8375
31063,5207,7052
6388,1022,1625
33160,5655,7326
30873,4840,6338
15350,2514,3335
9675,1586,2205
364,63,81
11031,1778,2324
6366,1024,1428
18530,3125,4014
7906,1298,1714
6623,1111,1348
22449,3600,4776
15881,2618,3677
6153,1029,1372
7767,1232,1719
16716,2899,3998
10171,1707,2382
4159,671,892
3774,619,870
24961,4217,5035
21793,3545,4662
12426,2114,2745
17970,3064,3975
8600,1492,1895
52287,8861,11323
16438,2850,3688
14487,2486,3312
119227,20040,26436
28142,4695,5655
58028,9692,12890
20367,3348,4124
1277,224,295
42201,7091,8667
27528,4515,5909
6229,981,1257
4313,705,972
7174,1167,1565
1092,177,214
2140,342,556
9686,1567,2201
14344,2385,3104
12683,2011,2484
28784,4985,6467
19045,3271,4198
10371,1748,2229
9550,1646,2086
16587,2759,3585
3335,546,783
1133,185,246
38813,6860,8514
18551,3177,3835
14831,2540,3211
19749,3253,4031
1480,240,304
28204,4748,6575
2926,507,662
1015,175,212
20511,3254,4049
14521,2359,2911
7708,1317,1920
9846,1635,2148
12585,2048,2622
9896,1702,2196
55263,9698,12032
754,120,156
39929,6928,8660
69446,11782,15089
74576,11501,15141
20744,3356,4144
12549,2086,2769
19362,3354,4604
9707,1637,2258
16930,2730,3535
3231,567,685
50348,8149,11008
10164,1699,2428
8463,1353,2025
7349,1233,1583
9044,1544,1977
4768,767,1207
4494,774,1032
7278,1169,1545
7789,1327,2014
4710,786,1063
8688,1476,1739
11753,2008,2886
10068,1657,2386
3191,530,723
17095,2865,3682
35606,6176,8137
51724,8390,10719
20082,3377,4147
513,89,146
7083,1176,1647
3570,600,888
12962,2083,2768
9039,1546,1834
10345,1734,2321
38663,6466,8806
88700,14841,19136
17449,2969,4170
22430,3785,4694
536,90,111
30191,5208,6542
10863,1791,2300
66839,11522,14383
1541,241,338
3969,648,904
130046,22459,29350
21888,3386,4345
38123,6184,8157
31359,5304,6580
10947,1810,2315
57628,9634,12080
66937,10997,14119
29806,4929,6153
28860,4851,6130
21289,3306,4882
10015,1649,2340
15416,2605,3059
23052,3911,5180
41565,6918,8923
14390,2380,3169
17141,2917,3828
7422,1289,1619
40737,6784,8750
30790,5237,7043
4199,737,1069
8472,1348,1890
3911,647,795
42320,7069,8956
1536,262,342
20678,3624,4738
7098,1113,1675
7952,1231,1698
8753,1497,1797
3093,532,632
16291,2728,3551
30074,4966,6661
19306,3197,4442
17112,2905,3726
24696,4122,5224
12858,2099,2929
17752,2947,4048
10681,1824,2288
19563,3323,4306
529,84,114
17899,3130,4161
3278,498,823
97015,16058,22217
25240,4109,5691
7914,1297,1655
14779,2430,3046
3945,639,908
6009,1012,1399
13423,2326,2998
2141,345,507
5461,948,1111
164292,28416,36871
47723,7404,9590
23419,3837,4783
17100,2789,3535
16238,2801,3748
16242,2804,3748
205,30,36
6055,1022,1306
4095,700,920
58609,9359,12221
10909,1795,2426
8908,1465,1887
6610,1103,1394
5772,878,1276
5108,874,1048
1069,171,245
1884,300,429
2257,394,504
5207,903,1156
55131,9301,12064
24630,4017,5302
15170,2465,3304
16805,2927,3937
813,126,199
7904,1314,1717
75013,12873,16661
31398,5274,6980
45533,7735,9974
10745,1722,2563
24094,3938,5225
7634,1335,1643
10724,1899,2332
21272,3638,4485
86988,14223,18297
18890,3200,4070
24720,4357,5276
6725,1126,1447
17917,2888,3657
28897,4750,6449
12238,2112,2530
15295,2592,3272
6404,1090,1396
5481,880,1125
8812,1509,1927
26770,4310,5788
20836,3442,4626
31375,5224,6803
86969,14678,19081
47059,8020,10021
14262,2309,3278
2212,392,482
39805,6899,8572
47030,8034,10622
25290,4222,5582
6527,1042,1628
6631,1103,1378
77760,12894,17949
12415,1987,2622
4146,725,905
1081,167,245
12373,1976,2548
8562,1432,1932
14226,2443,3122
25610,4196,5295
27801,4460,5997
12374,1977,2549
19249,3162,4098
6368,1107,1532
3954,670,858
30592,5073,6857
640,106,161
14025,2365,3068
22849,3891,5409
8562,1432,1932
26918,4605,5859
19324,3287,4240
4294,725,991
111226,19074,24296
25999,4369,5840
46761,8052,10349
3275,547,697
983,158,184
10225,1689,2344
14650,2558,3239
9441,1673,2038
3654,612,738
108109,18138,25440
96280,16451,21311
40302,6653,8586
8530,1444,1784
43782,7332,9251
818,127,179
5459,937,1223
12104,1926,2559
43753,7606,9671
18818,3126,4160
11535,1954,2386
6464,1085,1389
2183,343,497
14461,2449,3233
23745,4075,5436
3577,610,762
7024,1106,1554
13004,2154,2686
38333,6056,8108
58801,10192,13390
762,120,163
53331,8693,11052
11502,1808,2525
7797,1336,1684
15709,2617,3240
14351,2391,3421
26416,4422,6323
14742,2637,3295
7263,1186,1668
40360,6977,9084
981,156,229
6207,1020,1384
23144,3938,5089
48294,8338,10875
28868,4623,6282
8987,1589,2204
22891,3884,4972
42235,7237,10093
2611,418,533
2023,327,431
890,132,269
2288,394,541
21156,3519,4535
86434,13471,18280
20698,3389,4418
12476,2039,2688
7883,1285,1654
946,151,205
32211,5328,6974
43107,6806,9062
37161,5786,8319
93263,15356,19398
100887,16866,22062
115527,19740,25933
48216,8019,10657
14268,2321,3243
7672,1301,1803
53800,9242,12188
21320,3452,4527
10662,1723,2253
31306,5311,6888
13307,2244,3642
19128,3206,4198
16830,2676,3541
31479,5203,6712
39596,6833,8745
9338,1555,2022
2123,350,480
19772,3198,4250
30654,4924,6406
18800,3117,4128
4160,690,965
9742,1560,2367
45029,7359,9335
7514,1316,1813
14315,2466,3186
5690,934,1334
2016,341,482
16947,2888,3692
14233,2354,3003
9407,1498,1837
561,103,140
3192,496,704
43929,7431,9791
23278,3934,5670
484,81,99
36827,5913,7539
20732,3515,4461
16219,2810,3627
8744,1452,1839
10245,1673,2488
11155,1817,2536
18232,3053,4067
44012,7337,9599
26993,4434,5850
50876,8313,10328
30424,5085,6853
30813,5358,7057
25878,4360,5485
11675,2016,2732
26212,4436,5588
16005,2816,3495
13903,2259,3339
1925,320,404
9338,1600,2207
7078,1229,1651
5668,929,1225
15396,2382,3332
20589,3448,4784
13917,2351,3203
10875,1837,2347
17330,2822,3779
13150,2187,2817
4717,793,1050
12725,2028,2640
22473,3830,5239
11219,1814,2284
4795,795,1040
6635,1106,1458
11494,1895,2542
37384,6328,8218
28068,4935,6323
61019,10016,12725
33536,5490,7119
12244,2090,2867
11558,1920,2492
4445,751,955
8973,1550,1857
20499,3244,4301
15685,2725,3557
259160,43243,54041
22010,3740,5074
14820,2440,3430
3024,502,657
37342,6419,8733
20634,3105,4258
12510,2163,2922
57080,9779,12536
7316,1200,1567
11496,1918,2453
5682,953,1317
19619,3321,4565
2268,359,487
940,137,196
3922,652,813
4870,802,1155
5130,837,1242
2289,387,505
4554,776,948
7902,1179,1846
6574,1076,1378
3625,598,800
1625,240,404
8133,1392,1740
2160,341,464
9973,1627,2053
30472,5049,6454
40990,7049,9256
15278,2566,3286
54059,8767,11621
5878,996,1281
3387,570,753
19405,3277,4343
54605,9545,12302
20334,3395,4426
19260,3105,4197
18817,3151,4204
12589,2051,2732
16076,2560,3201
11154,1902,2446
3988,660,853
3864,654,852
7259,1213,1527
2631,435,598
2895,484,817
2335,376,485
1743,274,402
11154,1902,2446
56179,9865,12855
55550,9105,12227
24637,4104,5117
21081,3441,4636
16832,2948,3560
13128,2094,2777
16540,2789,3965
1938,305,457
2563,383,660
4617,729,1059
102062,16298,20691
34404,5657,7565
36700,5869,8096
33917,5697,7021
13459,2095,2817
28919,4754,6846
5653,938,1248
11177,1908,2407
339,56,80
5549,938,1213
6837,1087,1504
10643,1791,2297
5854,953,1278
6106,997,1329
49171,8048,10499
7986,1336,1831
174931,28864,37300
71651,12298,15549
69021,11513,14379
36169,6027,8225
33957,5620,7713
29322,5070,6356
31837,5275,6711
35006,5776,7738
22862,3762,5252
24902,3997,5105
20061,3222,4362
3096,516,753
112269,18948,24054
5748,935,1211
5756,968,1319
7711,1295,1639
2699,453,517
3502,584,734
1611,266,301
63254,10510,13667
263035,42586,53701
14083,2239,2916
29863,4817,6146
20884,3519,4423
3688,624,775
3440,549,794
4574,748,1067
2556,414,548
13076,2092,3090
5732,887,1170
6759,1069,1300
4848,770,989
10233,1753,2287
4557,776,955
3357,589,789
3509,574,765
8133,1329,1725
5592,961,1209
3196,511,697
12057,1957,2504
12016,1950,2495
26760,4350,5617
14983,2512,3123
18399,3153,4078
3444,563,798
9487,1576,2217
12555,2075,2688
3032,510,654
1378,216,334
3919,651,856
3177,536,717
46186,7426,10063
20221,3371,4282
8602,1339,1904
3999,672,801
1668,272,339
670,108,124
5377,864,1311
3334,543,679
11613,1928,2457
18198,3046,3670
16657,2852,3878
1631,265,364
4255,697,880
2147,357,420
3594,581,763
2339,394,507
20011,3323,4406
38844,6428,8627
40000,6728,9033
6429,1102,1455
18037,2812,3762
43109,6948,9265
3143,510,647
2252,391,513
41615,6746,8645
39871,6522,8941
38406,6649,8378
4462,760,1033
467,71,110
7036,1192,1543
4389,762,926
5559,887,1393
25549,4196,5921
112055,18504,24619
17030,2796,3474
31765,5387,7480
1100,180,244
3575,608,742
2658,445,597
3732,604,834
3014,496,676
27481,4663,5894
5415,916,1222
28611,4737,5970
12880,2037,2833
3998,665,898
5579,900,1190
8723,1495,1987
2401,380,559
21493,3562,4727
94453,15007,19581
20148,3326,4868
89325,15041,19679
6537,1091,1420
3186,537,698
1279,203,341
6791,1144,1370
2492,407,543
405,69,108
283,45,56
1231,200,273
2960,503,585
2941,476,713
1255,200,312
739,124,173
9423,1543,2023
6791,1144,1370
14504,2440,3030
9852,1591,2159
1553,257,350
4015,669,842
8009,1377,1802
1595,241,329
6266,1076,1409
1092,174,257
4788,765,1069
2953,494,694
838,135,188
2029,341,435
15050,2522,3209
20852,3503,4935
15035,2538,3220
16359,2762,3588
60457,10003,13276
27174,4281,5529
3052,504,658
932,154,248
4712,796,1024
446,67,90
9229,1529,2122
1142,183,236
4361,703,893
4728,798,1031
14891,2470,3312
118412,20516,25647
43665,7116,8723
41160,6934,8459
18084,2884,3740
3142,504,659
7268,1255,1700
2849,477,572
1853,305,374
10666,1754,2318
1755,294,342
1167,194,249
1746,282,359
1357,224,275
2841,450,619
46343,7834,10663
28342,4696,6447
22587,3829,4734
17465,2762,3505
650,115,149
9554,1610,2009
987,164,212
2172,330,452
1765,296,382
1467,247,320
1727,282,383
522,78,110
3151,545,762
4460,730,1139
40624,6806,8708
14191,2366,3170
22042,3830,5226
9323,1469,1997
9195,1321,1929
5206,838,1150
18192,3120,4118
69722,11668,15780
2677,416,587
1386,240,280
2979,523,679
8502,1391,1860
3616,514,866
579,92,140
1061,175,273
55139,9307,12480
8453,1445,1896
13160,2271,2994
11005,1851,2532
3192,513,712
5596,888,1387
6097,1007,1460
58594,9894,13003
163912,27305,36891
50200,8623,11267
25794,4311,5602
18740,3038,4174
15875,2605,3397
9840,1670,2203
1616,279,387
31073,5376,6735
1835,305,419
7417,1252,1623
1204,203,241
1171,206,238
4719,791,980
7418,1253,1624
8108,1400,1832
5081,832,1095
1646,281,347
27973,4936,6491
26917,4287,5910
4380,711,885
3738,625,792
2274,381,458
7017,1116,1623
712,105,182
4350,716,955
6442,1043,1509
1667,288,347
1481,257,363
2273,381,457
635,110,132
1541,258,348
802,125,165
1470,254,324
3738,581,727
6562,1097,1367
39314,6323,8139
21477,3487,4542
13179,2116,2950
14665,2585,3173
12648,2045,2736
6484,1049,1469
19992,3292,4619
18533,3093,4109
4235,733,999
1228,188,290
1240,193,291
1154,186,242
5318,867,1142
1133,182,245
752,119,171
5319,867,1142
70674,10967,14432
85616,13787,20636
9384,1633,2069
7167,1184,1643
1448,227,331
1251,200,276
2386,345,507
8163,1391,1791
42490,7358,9422
25814,4134,5762
19857,3285,4454
11472,1818,2602
12721,2276,3002
11005,1822,2549
15437,2606,3486
28543,4498,5655
9603,1714,2121
45358,7320,9777
1062,175,234
13575,2339,2828
37645,6235,7657
882,142,222
2496,405,629
1690,277,401
974,153,240
9811,1647,2139
906,152,206
3433,590,749
2597,433,588
5146,851,1119
13909,2312,3046
5672,943,1182
32864,5535,6803
23466,3832,5281
31489,4957,7389
12446,2042,2767
6413,1071,1356
34376,5671,7684
13476,2281,3077
16966,2714,4193
28356,4451,6314
33176,5641,7635
27610,4324,7217
20545,3486,4474
25247,4190,5620
8130,1324,1674
10022,1786,2232
3479,589,792
56943,8969,12193
7070,1151,1584
4959,835,1098
5367,896,1241
3306,538,703
4859,774,1055
728,115,170
5079,841,1035
12181,1989,2651
511,74,151
9743,1599,2015
6107,1062,1387
51549,8636,11292
6474,1064,1453
2209,376,498
18287,3111,4050
5684,901,1368
19528,3312,4661
45577,7223,9467
9239,1529,1926
8398,1455,1822
610,107,144
9452,1560,2200
10063,1719,2533
1333,222,273
20800,3400,4640
77828,13112,17421
41368,6546,9135
8089,1348,1845
6765,1125,1434
1141,184,282
1116,182,245
3116,520,665
19617,3133,4296
1081,182,258
19214,3241,4152
6008,984,1203
9065,1498,2038
9023,1487,1988
28927,4852,6498
10637,1715,2199
5322,918,1223
10049,1663,2187
1433,239,302
1008,167,215
2725,448,659
1920,315,389
4119,690,880
1589,244,365
1114,180,220
3801,634,789
2357,369,527
251,40,56
2973,480,697
8311,1312,1872
28003,4458,6406
2136,355,442
671,114,170
889,144,190
1347,221,300
1532,239,340
805,122,188
3874,627,919
167287,28165,33880
21313,3470,5327
15628,2629,3431
9921,1650,2270
587,94,138
631,105,140
1090,172,245
1077,179,249
3092,505,724
452,67,103
31319,5358,6665
5694,926,1256
22065,3851,4826
26685,4224,5779
50111,8304,10303
2495,421,589
30298,4998,6791
16128,2809,3525
43683,7466,9709
16476,2745,3620
26037,4606,6026
3817,649,886
3694,605,824
846,139,196
2152,362,474
2501,390,588
2867,476,656
24526,4118,4935
24520,4061,5551
3322,563,685
559,90,124
3322,560,720
1641,273,332
5952,976,1519
2635,467,593
4888,817,1022
8865,1501,1914
16742,2836,3631
1142,190,244
57022,8969,11320
3435,560,715
3104,524,643
1842,311,480
520,92,115
416,67,96
404,72,103
1183,192,287
1599,270,337
674,115,136
3365,571,708
7296,1217,1660
38356,6371,8158
6776,1104,1391
10328,1659,2175
7329,1255,1627
14692,2615,3294
8810,1431,1885
6688,1121,1371
1454,252,351
1295,213,309
4144,692,904
1587,262,372
1052,172,232
656,104,136
5031,827,1065
319,48,90
9821,1696,2130
20194,3392,4492
14505,2346,3018
14251,2483,3006
5327,906,1204
4751,788,1025
1118,177,230
2100,367,490
516,79,126
457,72,111
20269,3349,4581
122145,19859,25832
18792,3261,5034
7428,1267,1591
15564,2497,3100
19133,3111,3955
16708,2806,3601
6541,1049,1438
6403,1041,1416
9227,1568,2013
17913,2988,3925
52678,9032,11228
57235,9341,12700
22107,3833,5204
5747,961,1237
17749,3011,3837
10030,1692,2133
995,159,239
1271,193,313
748,121,184
650,100,123
2259,393,511
882,148,183
1877,303,415
3298,535,720
2789,462,583
14253,2403,3191
7789,1299,1795
21859,3740,4804
24242,4011,5228
40247,6782,8841
18733,3115,4336
16552,2590,3416
4150,722,1033
640,108,136
812,131,149
1865,291,445
771,123,146
1005,173,225
1400,242,277
3406,549,697
613,102,156
8304,1386,1853
37350,6293,7958
7200,1189,1555
6543,1096,1540
352,59,92
3426,555,750
4061,678,931
437,75,121
428,65,98
646,104,156
8540,1480,2023
17041,2867,3719
8458,1396,1951
15836,2585,3200
9543,1611,2030
589,106,126
4073,654,806
435,76,116
889,144,194
650,103,130
1301,209,294
10280,1746,2240
3012,474,649
35693,5797,7657
4801,738,1126
14711,2470,3149
7436,1286,1627
7494,1290,1717
302,53,75
502,67,119
24758,4238,5125
5031,795,1002
301,53,74
1495,244,314
813,128,191
4096,633,876
8324,1353,2143
746,130,155
18198,3117,4017
773,122,184
14162,2478,3221
40256,7024,8988
4849,787,1041
34309,5856,7790
24322,4251,5416
12614,2049,2728
4618,785,1030
13057,2290,2769
15697,2638,3373
25309,4483,5646
41380,6988,9287
5415,921,1161
15646,2624,3748
9150,1494,2032
597,94,129
6136,1030,1383
4047,677,857
8470,1353,1961
32747,5389,7522
33234,5535,7007
31591,5042,7313
45727,7601,10182
558,90,127
1836,306,376
7270,1211,1660
1122,190,219
598,100,128
3026,536,753
1749,285,374
11256,1890,2325
942,153,210
6204,1018,1371
18099,2952,3773
9691,1569,2055
3997,663,829
5260,844,1119
13699,2258,2972
5210,891,1121
48299,8067,10577
7895,1353,1847
613,110,150
920,160,203
854,141,178
1087,199,260
2092,336,428
4679,786,960
2451,417,612
461,78,125
437,73,115
2151,357,495
10975,1825,2460
2004,338,471
23984,4078,5204
8040,1379,1783
24249,3912,5185
56827,9365,11963
38549,6704,8450
22200,3704,4615
24236,4063,5078
24065,3991,5443
3427,567,808
26964,4597,6204
25906,4282,5650
716,125,156
1395,248,324
1948,308,459
5010,855,1030
350,62,70
13512,2282,3022
17929,2956,3922
102857,17270,22548
15336,2511,3286
5544,925,1307
10558,1882,2394
672,93,219
463,73,112
1538,266,313
3277,533,757
1279,202,279
931,159,203
7028,1158,1415
1112,182,249
1398,217,355
9939,1723,2274
8413,1393,1947
18636,3180,4669
18232,2976,4047
32015,5465,7219
4387,717,953
4910,797,1113
11944,2063,2725
14961,2556,3315
27717,4561,5845
3148,533,657
7747,1262,1879
4596,780,1061
4924,805,997
8458,1446,2114
1279,194,274
3141,518,678
743,134,185
6877,1190,1449
4251,697,852
24374,4085,5048
38264,6276,8577
51507,8461,11036
13441,2263,3021
16948,2834,3585
88801,14932,19941
364,56,70
370,56,71
355,58,92
4743,787,1095
1151,180,237
431,69,80
11022,1873,2476
5215,863,1134
3730,580,878
10413,1706,2264
6757,1143,1416
44811,7554,10455
1938,312,403
1433,238,317
3168,504,709
3205,511,618
794,129,169
3165,519,703
6626,1114,1509
1235,211,288
820,127,195
2190,360,563
2384,410,549
12406,2029,2645
20634,3560,4790
37904,6353,8284
4171,671,918
2043,341,401
1027,181,258
1132,180,273
2925,467,608
1220,196,270
826,130,208
690,113,150
692,117,141
5472,916,1199
1316,210,303
25549,4244,5684
25837,4121,5440
16180,2662,3412
18269,2885,3848
25551,4246,5684
8819,1490,1981
13120,2152,2978
3691,580,929
2200,346,477
42263,7203,9349
654,103,157
390,64,73
823,132,200
1035,157,250
1920,322,388
4065,641,892
637,104,165
574,93,146
5840,958,1329
6813,1055,1692
2702,431,609
10970,1828,2498
17591,2946,3736
3564,571,838
23430,3870,4905
12127,1986,2830
18670,3054,3966
44462,7507,10067
773,118,178
10465,1852,2407
1988,335,465
683,105,157
979,162,254
4927,831,1040
99025,16649,21020
21910,3703,4743
5269,884,1253
4411,750,1082
53126,8501,13425
10652,1825,2453
11694,1973,2667
24972,4272,5783
6068,1014,1423
23926,3983,4828
18989,3140,4467
29625,4498,6167
3314,544,673
19183,3192,4723
636,108,133
897,149,195
1907,320,433
6512,1079,1354
7323,1202,1607
35921,6079,7585
62480,10427,12755
32150,5335,7013
8956,1528,1969
28814,4763,5951
13176,2132,2957
4144,694,937
1209,207,252
796,123,193
857,139,163
81363,13391,17618
71995,11601,15160
9904,1594,2192
39840,6707,8232
34292,5673,7508
105142,17911,23411
28186,4834,6264
31032,4936,7731
5337,846,1085
8118,1306,1936
33083,5720,7398
17485,2829,3794
823,133,186
816,136,197
826,134,189
780,123,183
841,133,186
1734,271,354
4554,731,998
2142,367,492
803,136,183
16250,2575,3565
15078,2547,3077
8273,1380,1955
16838,2926,3869
8988,1440,2073
3305,584,714
17995,3032,3942
2966,477,641
2010,314,438
3408,575,718
32407,5326,7142
23367,3945,4963
849,147,184
17952,2920,3755
44489,7115,9893
24597,4182,5514
2817,452,605
6651,1110,1507
18656,3039,4207
2052,345,473
8120,1309,1776
2052,345,473
6290,1052,1424
8384,1335,1767
27103,4584,6416
50556,8566,10772
1597,259,329
7481,1181,1868
6017,983,1317
14503,2460,3369
6717,1147,1465
27343,4556,5757
19449,3293,4051
51358,8723,11320
3079,510,760
3553,578,788
43958,7056,9592
5250,860,1206
4904,804,1104
4431,743,991
5718,932,1300
23084,3643,5121
16834,2842,3580
14818,2521,3285
20761,3675,4624
25685,4211,5538
10330,1817,2575
13482,2398,3097
5954,944,1338
9551,1605,1983
16382,2769,3542
15539,2405,3187
10180,1725,2311
10211,1630,2526
28607,4668,5871
12077,2056,2703
22820,3869,4829
2582,434,553
10281,1668,2259
38696,6616,8646
17563,2877,4195
28189,4584,6431
9136,1537,2179
24742,4023,5372
2758,459,629
3382,549,747
9877,1646,2093
16552,2782,3564
47563,7932,10139
3533,605,778
5771,964,1456
86609,13830,18071
39236,6343,8331
25333,4255,5720
13298,2255,2999
7682,1312,1736
9681,1633,2159
15110,2506,3388
51581,8627,11039
9336,1596,2195
3801,625,830
4704,770,1077
55111,9046,11479
23950,3951,5043
89712,15403,18508
18180,3030,4111
11668,1934,2610
14390,2502,3259
24749,3970,5508
3838,627,821
3381,602,827
5176,857,1191
17087,2886,3727
16576,2895,3967
6230,1059,1422
8497,1462,1984
157949,25195,32765
630,97,154
29850,5001,6605
15996,2716,3475
12519,2045,2902
41768,7147,9336
30307,5077,6645
50399,8275,10716
22881,3711,4657
32577,5406,6799
31523,5324,7024
24694,4255,5394
26552,4597,5805
4566,790,1001
45387,7730,9983
21756,3598,4557
30205,4896,6371
409,67,90
24477,3995,5194
14632,2404,3158
26985,4487,6280
21075,3579,4405
24835,4290,5652
24606,4054,5255
15222,2507,3382
14517,2440,3109
120688,20846,30125
7884,1281,1632
35480,5839,7281
5052,854,1181
10953,1882,2347
18020,3028,3959
6521,1044,1487
13786,2270,2957
17998,2913,3763
3637,615,770
6124,1102,1354
13906,2313,3142
6465,1084,1376
6865,1076,1728
7234,1184,1550
13626,2356,3015
10016,1705,2117
19910,3285,4404
172078,28059,39031
3614,616,805
8738,1407,1789
18102,3114,3922
18214,3077,4120
26295,4561,5705
4816,843,1018
19396,3230,4316
7349,1217,1563
36238,5810,7697
5709,998,1287
4121,713,878
58556,9501,12510
10233,1688,2244
10688,1685,2383
17735,2908,3657
6131,1035,1374
28538,4856,6481
17974,3044,3821
24115,4261,5516
22520,3805,4955
23375,3933,4949
19624,2957,5154
11426,1911,2542
2131,342,453
5564,872,1301
5800,1013,1265
43662,6958,9377
19653,3158,4000
6835,1153,1514
21825,3712,4884
35121,5639,7631
8292,1417,1737
11987,1923,2592
11994,2075,2755
2385,411,587
3218,521,686
13434,2196,2808
239753,39875,51504
38534,6602,8285
12996,2211,2964
23867,3938,5259
17353,2867,3677
14140,2324,3138
762,120,158
18633,3276,4226
26900,4383,5909
26425,4584,5633
26942,4737,5922
43011,7160,9094
22088,3744,4897
30573,5007,6227
4542,729,980
2530,400,574
23369,3972,4875
20164,3381,4291
13037,2137,2851
21574,3638,4567
14394,2289,3167
89212,14703,19900
28700,4639,6294
26076,3947,5564
15285,2601,3560
17896,3122,3971
3947,643,831
56336,9323,12297
17954,2993,4189
10993,1827,2256
49221,8517,10844
31686,5490,7193
30938,5176,6760
13836,2285,3164
39156,6413,8292
17168,2946,3956
13042,2286,2957
22786,3887,5031
30106,4835,5910
18358,3065,4152
11627,1943,2522
19002,3139,4004
6417,978,1298
2856,465,576
302440,49592,64721
31452,5290,6317
20567,3124,4495
16395,2712,3642
9174,1504,2275
22566,3708,5140
22323,3733,5160
49060,8397,10529
3384,582,731
33855,5820,7766
22723,3900,4963
11188,1853,2291
25046,4331,5544
11180,1851,2292
11695,1959,2653
12115,1994,2641
36302,6182,8060
10657,1803,2292
12987,2197,2865
16371,2720,3720
20204,3411,4438
16782,2872,3613
30204,5263,6831
12461,2014,2674
47236,7803,10027
2534,409,552
7152,1173,1798
17100,2890,3501
14835,2257,3085
18395,2984,4351
26027,4314,5683
32558,5585,7310
31475,5391,6830
134315,22150,27262
2970,476,688
5218,897,1192
60067,9766,12533
48791,8085,10668
16734,2728,3521
12645,2128,3008
32686,5484,7318
16359,2513,3618
8181,1377,1776
9888,1659,2187
48470,7876,9814
24880,4300,5866
28143,4510,5883
29744,4876,6393
80595,13417,17579
24115,3869,5323
60363,9409,13728
2575,430,544
25059,4151,4990
15453,2574,3418
25372,4193,5393
47102,7921,11251
24049,3858,5007
10424,1807,2277
9324,1521,2046
9576,1677,2299
11577,1987,2612
10056,1718,2222
29087,4905,6140
16845,2744,3516
67558,10552,12836
41113,7100,8716
40105,6575,8140
20587,3180,5100
12633,2036,2625
4059,685,863
9127,1515,2039
14059,2393,3185
21032,3424,4483
3243,539,725
13578,2313,2940
6425,1085,1398
38071,6186,8229
18894,3011,3741
68245,11482,14429
4254,762,960
66964,11047,14272
30429,5057,6916
53479,9298,11879
24341,3955,5487
32082,5577,7078
22218,3699,4829
16481,2605,3612
21319,3550,4644
5835,980,1234
2033,325,472
21228,3579,4826
11637,1973,2543
8741,1434,1935
28032,4632,6244
66088,10716,14399
28731,5115,6596
17543,2746,3638
15056,2471,3322
44204,7462,9121
24918,4000,5260
6450,1048,1403
38768,6400,8726
34091,5562,7721
78708,13603,17123
11201,1769,2265
22022,3713,5053
11453,1852,2366
26660,4480,6227
14128,2298,3055
17851,2891,3968
20312,3328,4256
283974,46513,59875
127425,21420,27928
656,115,180
71625,11056,16680
43454,7204,9855
56210,9407,11442
8221,1341,1815
46353,7630,9798
9428,1591,2163
91526,15059,19735
16247,2782,3452
43355,7206,10024
56346,9346,11561
108975,19059,26516
53058,8785,12880
13685,2339,3118
65521,10799,13924
33989,5517,7596
54963,9050,13368
109719,18699,23491
10743,1844,2443
32153,5428,6801
25703,4232,5561
704,122,154
32592,5444,7341
50223,8252,10608
46926,7689,9963
499,85,153
156688,25658,34000
30396,4944,6568
30625,5098,6816
39348,6707,8599
43410,7332,9649
78469,12991,18261
37566,6020,8370
7505,1260,1699
413,68,90
40147,6607,9093
22972,3925,5010
38580,6424,8320
33859,5427,8219
54439,9100,11270
58529,9753,12827
343,50,61
24358,3979,5183
24797,4105,5183
13649,2193,2799
14347,2444,3080
2850,481,663
160347,24990,34162
166952,28366,35896
42250,6749,9321
23793,3906,5008
29708,4881,6803
16686,2911,4235
10857,1817,2539
10797,1779,2139
8329,1358,1875
50087,8565,10956
47246,8198,10549
14712,2418,3317
74141,12360,16124
210633,37602,48973
47046,8016,10863
66277,11017,14297
176701,28798,36195
13456,2348,2991
8457,1491,1915
28660,4872,6343
12832,2116,2744
1730,282,334
20384,3277,4325
19371,3131,4426
7907,1302,1825
199145,34022,43156
88708,14872,19146
50160,8316,10794
9601,1576,2387
3062,497,714
19464,3459,4458
10983,1864,2404
11028,1773,2549
80847,13714,17403
38066,6309,8507
58592,9837,12972
42014,7109,9156
12963,2171,2727
6329,1028,1351
1128,194,232
38705,6411,8442
10315,1696,2242
4991,848,1044
8624,1398,1844
42384,7333,9577
181381,30626,40231
3167,527,690
18404,2953,4141
3709,564,859
40763,6946,9059
19856,3377,4348
37696,6490,8901
372452,61745,82694
194930,32283,41755
20728,3550,4328
3107,507,640
2225,380,460
157856,25279,35660
305790,53489,71271
959,156,190
40059,6841,9002
40884,6776,8570
12807,2151,2756
22429,3834,4886
12702,2170,2738
14954,2449,3201
8711,1409,1986
48135,7964,10534
20880,3398,4431
20308,3365,4361
108952,18151,24109
3972,666,925
10153,1634,2313
44944,7580,10022
27634,4693,6026
25327,4063,5329
27512,4527,5854
10406,1719,2220
21078,3587,4678
31788,5441,6880
16363,2730,3464
16972,2794,3587
78738,13124,17013
28293,4350,5727
11387,1916,2495
119705,19887,26174
17191,2992,3948
9165,1538,1932
22372,3791,5191
5842,977,1328
133191,22491,27315
132817,22281,29744
72134,11232,15284
67694,11594,14997
11336,1891,2345
11059,1782,2331
13654,2332,2953
86404,14327,17922
121788,20676,27036
127365,20159,25882
2951,497,639
54478,8963,12088
29375,4960,6438
16978,2836,3654
7014,1171,1502
36722,6149,7847
3466,585,750
196435,33271,42432
148815,23098,30324
61674,9947,12885
6494,1106,1432
5888,965,1425
51734,8358,10677
33883,5535,7721
295199,47636,61145
86345,14315,19673
7368,1229,1751
36588,5837,7783
55937,9303,12375
11285,1876,2433
8836,1489,1877
111790,18981,25061
21801,3635,4595
11434,1890,2539
2347,380,510
35298,5625,7524
30189,5175,6821
1598,267,328
21609,3542,4776
21708,3666,4876
33788,5383,7569
6384,1029,1589
52155,9011,11439
14792,2515,3090
38716,5993,7773
26060,4634,5869
19512,3279,4253
30497,4821,6324
4785,784,1038
23795,4166,5502
41611,6916,9011
2223,360,452
19957,3256,3982
6721,1175,1473
151213,24972,33267
21365,3439,4264
20984,3538,4844
19549,3305,4332
51764,8724,11407
44997,7628,10621
12783,2143,2997
10145,1652,2245
15733,2599,3178
29252,5002,6106
10876,1853,2351
23396,4052,4965
46602,7886,10210
19072,3182,3943
19593,3203,4334
14745,2534,3217
26132,4493,5774
6915,1156,1444
4982,793,1051
28607,4571,6844
93441,15431,19997
16572,2827,3541
13624,2212,2811
73573,11903,14841
11826,1929,2529
34694,6173,7927
23948,3990,5212
12467,2067,2643
14450,2423,3097
47815,7781,10223
16099,2681,3679
29487,5048,6340
115966,19924,25102
77114,13303,17550
580,96,149
45355,7382,9924
5573,928,1136
30291,5280,6847
9079,1475,2006
13119,2168,2974
21806,3543,4569
22819,3911,4836
16363,2703,3540
6424,1080,1306
166138,27958,35557
4368,683,836
14402,2217,3295
12495,1989,2850
20787,3417,4210
19099,3205,4236
29898,5074,6729
8285,1365,1809
68481,11362,14620
19548,3225,4079
19826,3218,4148
18139,2937,3819
200825,34428,43441
6695,1138,1453
6240,1002,1493
5189,839,1155
11915,1982,2548
66417,11103,14289
227718,38149,52012
65238,10636,13982
26784,4585,5828
53314,9207,11843
28297,4621,6376
251840,40321,49744
27581,4501,5919
5439,875,1275
74504,12725,17204
20160,3408,4419
21222,3651,4618
28197,4832,6237
36453,6009,8256
15943,2745,3446
9741,1599,2334
16051,2590,3427
25615,4119,5159
81172,13794,18722
18599,3173,4195
12111,1964,2456
153305,24046,33515
17910,3072,3918
67780,11280,15971
30021,5046,6796
5293,879,1205
17118,2731,4203
18035,3115,3885
49066,8079,10898
33498,5579,7680
16977,2755,3836
5227,891,1151
26846,4368,5881
46482,7860,10322
71364,11790,15987
31373,5082,6663
22832,3689,4850
34613,5895,7662
72638,12511,16002
10485,1675,2271
6671,1063,1619
85491,14420,18164
32979,5562,6906
33270,5735,7296
10974,1915,2447
27331,4328,5810
13807,2298,3022
2135,351,428
16617,2784,3617
19926,3342,4408
25909,4383,5859
42468,7415,8933
198473,31705,42425
11261,1766,2532
6158,1006,1447
34616,5594,7565
33333,5561,7240
50985,8061,10699
26465,4360,5850
49567,8668,10763
12355,1988,2735
57000,9393,11796
51209,8501,11181
11295,1859,2507
1422,253,342
21850,3709,4769
4825,763,1030
10637,1658,2065
111866,18772,24794
14693,2317,3244
112125,18361,25500
48409,8316,10851
23400,3892,5007
7459,1223,1541
31066,5210,6816
11895,2013,2733
26472,4593,5720
18373,3195,3988
7830,1240,1671
8863,1542,1836
8894,1405,1923
24287,3960,5207
16198,2710,3351
104229,17905,22888
10615,1785,2341
7929,1327,1725
7410,1239,1742
33043,5689,6737
20331,3257,4594
17446,2908,3677
16992,2796,3830
20085,3394,4556
7487,1234,1559
845306,132680,173719
38981,6485,8566
8275,1383,1833
30860,4675,7639
27491,4188,5701
23423,3898,5316
9358,1579,1993
10180,1728,2173
19970,3224,4429
38901,6433,8086
11974,1940,2512
6541,1023,1327
19628,3174,4054
46625,7873,10227
19769,3223,4424
14621,2406,3235
13250,2254,2793
51125,8631,11299
72259,11608,16041
49044,7722,9980
25043,4273,6061
48896,7891,10130
33209,5770,7806
25402,4399,5944
63555,10838,14372
9756,1708,2127
13057,2217,2864
14238,2464,3273
210339,34899,45730
18979,3150,4543
41903,7091,9588
44539,7328,9120
6324,1039,1373
10943,1820,2396
25263,4246,5688
28482,4707,6203
9627,1666,2016
338951,56474,74241
40809,6770,9164
21331,3683,4774
7932,1327,1961
37014,6325,8726
34617,5833,7995
9502,1573,2165
19539,3145,4176
16832,2819,3737
28969,4730,6283
4527,746,903
9726,1622,2208
26456,4351,5474
20820,3487,4474
15081,2526,3382
11308,1897,2491
102588,17001,21096
9344,1605,1988
40328,6941,8805
235020,37432,50199
69096,11185,15103
22400,3511,5213
29736,4922,6637
42426,6938,9768
24701,4101,5368
24830,4145,5222
15890,2672,3810
169635,28441,38177
8653,1474,1956
29527,4940,6468
55042,9019,12329
9040,1501,1962
70722,11583,15595
153653,25396,32727
15005,2441,3338
6675,1156,1504
20882,3444,4431
21997,3701,4846
49892,8579,10671
35716,5890,8117
130552,21463,28435
12199,1938,2738
140844,23443,31040
54584,9113,11732
610,98,131
36178,6004,7578
110076,18741,24815
7460,1249,1739
78114,12863,17009
17107,2709,3834
13335,2286,3111
13959,2324,3194
187920,30089,38684
41895,6880,9721
39386,6526,8572
5889,1004,1358
32279,5003,6670
18233,2985,3971
34681,5556,6907
36192,5665,7149
17052,2836,3628
14123,2444,3111
61293,10097,14270
51512,8635,11033
22318,3859,5028
17331,2795,3717
29782,4851,6400
11026,1933,2303
43790,7624,9782
16302,2780,3708
69173,11280,15749
55795,9525,12211
29799,4993,6635
6995,1193,1634
20342,3469,4184
50238,7788,10415
19751,3213,4749
163659,28046,34788
28544,4653,7031
18940,3134,4574
15847,2589,3344
4068,623,1156
5130,875,1222
9182,1500,1841
12523,2075,2689
18194,3081,3919
33424,5205,7098
24174,3910,5296
6156,989,1316
165625,28467,36097
156129,25793,35100
17817,3040,3703
105469,17643,22135
6131,969,1365
100530,16940,22592
15079,2545,3443
2749,448,568
92950,15355,19534
58035,10016,13509
4890,854,1165
18945,3092,4022
36098,5864,7483
26032,4364,5468
23303,3904,5148
5750,964,1219
83936,13681,17726
9834,1656,2167
27914,4815,6348
22332,3680,4894
32069,5457,7631
14688,2313,3220
176147,28381,36415
26823,4385,6016
303867,49722,62771
44866,7648,9770
531125,88349,111529
39673,6643,8917
36119,6094,7994
14380,2474,3332
12918,2141,2766
15465,2634,3273
183790,31003,40901
85000,13851,17880
11323,1865,2554
104733,17658,23126
190201,30741,39911
2506,407,499
17351,2816,3729
16751,2755,3560
28730,4716,6151
71128,11535,16326
23450,3766,4932
212572,35517,45272
2280,361,476
1611,265,317
1708,289,375
210043,34149,45571
22600,3903,4901
43507,7417,9560
29981,4955,6293
49415,8049,10344
93356,15602,21631
108954,18213,24206
4177,706,933
17380,2956,3733
19772,3475,4297
5667,910,1268
11596,1974,2543
2741,459,604
236191,38453,48834
73112,12008,15421
23484,3962,4986
5503,961,1210
252305,41017,53623
35822,5935,7464
26790,4660,5919
187326,30561,39230
72526,12309,15743
28178,4598,6666
20141,3519,4325
38242,6317,8287
24690,4169,5448
10802,1800,2364
27259,4536,5649
25759,4314,5676
40139,6623,8791
9819,1579,1973
13178,2286,3014
10881,1778,2332
9820,1560,2147
89446,15026,19948
47925,7937,10419
135519,22473,27624
12940,1993,2748
13369,2215,2979
9160,1436,1893
53279,8891,11501
9949,1679,2098
27684,4712,6083
32334,5482,6635
131984,21348,28520
40507,6752,9462
24100,3952,5430
28605,4693,5915
62556,10821,14268
35149,6174,7790
16331,2706,3596
11726,1959,2781
124093,20550,26727
43971,7217,10255
60744,9722,12738
28786,4984,6012
26323,4535,5540
15885,2717,3560
38682,6572,8441
18230,2803,4330
14871,2445,3321
5641,949,1188
18027,3012,3910
14201,2400,3236
22010,3705,4800
25494,4339,5596
36619,5862,7687
21842,3479,4638
23770,3899,5074
19321,3208,4174
14250,2381,2960
20993,3630,4598
68874,11851,16303
9389,1476,2045
29398,5075,6516
11723,1987,2712
23029,3878,5161
27130,4675,6202
58865,9564,12823
19345,3128,3874
61295,10446,13111
41881,7036,9218
46148,7571,10670
19551,3230,4318
5870,985,1385
19840,3407,4523
35681,5703,7945
31266,5019,6675
66664,11270,15307
10581,1742,2462
5748,970,1288
1585,242,349
23832,3698,5287
6709,1102,1469
28117,4853,6333
50737,8592,11116
7545,1315,1804
29982,5082,6732
9034,1546,2085
18435,2865,3817
21051,3568,4471
38778,6686,8430
2763,466,648
48419,7455,10435
40658,6915,8875
11363,1862,2418
105126,17719,22706
35846,5765,7711
42553,7439,9821
33268,5270,7942
22593,3723,4876
17175,2856,3644
21583,3622,5094
30681,5134,6188
23710,3903,5072
15226,2389,3431
15481,2607,3368
36606,6197,7618
33154,5431,7129
12520,2129,2994
19482,3272,4120
17927,2899,3663
24463,4023,5194
67083,11090,14641
6279,1086,1376
7985,1314,1739
13998,2260,2987
13420,2202,2800
25448,4291,5426
17575,2986,4010
313298,49902,67057
3690,616,897
7728,1298,1600
23250,3928,4884
31164,5323,7082
62732,10239,13857
59970,10337,12729
26433,4494,5624
29728,4951,6132
4336,724,974
23115,3726,5424
32641,5449,7002
5308,846,1131
2387,382,530
263,37,59
35982,5894,7584
18633,3154,4196
28719,4908,6450
13274,2263,2888
9304,1517,1838
810,126,151
16610,2757,3895
167,23,31
11624,1989,2598
612,106,133
16611,2758,3896
6679,1003,1403
3628,583,770
14223,2365,3134
17047,2728,3540
17994,3045,3747
11081,1812,2313
5373,850,1193
28492,4998,6301
22104,3892,4944
8254,1384,1865
44217,7430,9746
32793,5417,6962
26813,4579,6096
24190,3934,5511
49564,7888,10122
19267,3146,4594
9753,1597,2199
10570,1861,2294
16034,2618,3362
12900,2081,2627
45567,7132,9890
30682,5154,6620
34191,5643,7055
117194,19514,25262
94078,15905,22794
2307,398,527
74678,12977,16596
24734,4150,5341
20861,3523,5023
19940,3304,4466
32107,5490,6736
2300,356,485
2156,329,459
1715,257,357
508,82,101
3229,515,732
38772,6610,8166
18632,3087,3830
804,131,227
368,56,90
4496,704,1029
1431,241,317
23559,3873,4932
17361,2824,3746
46989,7658,9985
38031,6225,8102
10921,1779,2439
21647,3628,4838
21564,3588,4661
15010,2433,3282
23010,3872,4752
21834,3551,4796
22139,3554,4674
25442,4260,5822
182368,29252,38266
10437,1679,2251
13711,2132,3065
710,114,222
10649,1747,2506
14872,2496,3272
24946,4162,5361
26479,4275,5615
14107,2380,3032
10545,1727,2262
15932,2690,3537
7730,1313,1816
5342,893,1193
967,161,248
12952,2296,2839
29170,5068,6313
27168,4373,5981
11957,1940,2585
25568,4186,5493
1163,188,261
198,25,33
1181,185,259
8150,1293,1766
74248,12596,16446
42067,6976,9372
16520,2827,3553
7488,1251,1752
7982,1357,1823
22589,3755,4848
25504,4101,5275
326,48,55
1774,278,407
1884,304,396
1708,260,358
1458,230,301
319,49,76
22743,3879,4731
12940,2093,3011
10160,1620,2156
11849,2033,2457
13906,2347,3112
15756,2683,3504
21735,3577,4425
23407,4015,5473
31063,5160,7109
27128,4492,5982
39593,6265,8404
35235,5842,7998
33546,5719,7237
45519,7531,9461
23126,3738,4922
18737,2987,4118
7183,1182,1678
2164,332,485
2149,352,493
55706,9433,12359
16885,2762,3674
31416,5400,6830
18227,2902,3716
12033,2085,2718
9050,1555,2021
4076,672,927
31048,5062,6603
36288,6010,7920
10016,1666,2107
7014,1129,1443
20446,3508,4360
20554,3298,4910
65287,11105,14308
152704,25271,34102
75489,12890,16220
108431,17887,24074
22837,3644,4413
31527,5279,6970
23699,3916,5044
347,55,64
35020,5826,7771
63540,10671,14091
22368,3852,4975
33085,5364,7439
8438,1439,1866
13860,2228,2983
16417,2772,3596
16738,2826,3679
20554,3576,4522
7487,1234,1559
54039,8925,11482
47022,7962,10370
81085,14387,18046
1300,197,279
1301,192,256
19239,3125,4133
21766,3566,4606
29646,4829,6838
21627,3495,4900
22394,3705,4947
28063,4572,6016
33446,5760,7241
41144,6938,8696
45073,7442,9473
56389,9653,13323
48646,8241,10558
27160,4544,5862
35404,5884,7638
50266,8374,11377
20230,3134,4310
34960,5834,7388
7626,1247,1707
42493,7071,9138
9622,1614,2517
59641,9830,13060
80101,13675,18581
30453,5167,6366
67488,11111,15094
18331,2941,3919
49720,8610,10919
14086,2280,3398
8465,1455,1792
8223,1412,1868
11407,1920,2571
26836,4312,5696
57011,9448,12424
46388,7831,10159
41790,7041,9091
62424,10377,13694
4968,838,1103
17527,2947,4212
29287,4773,6280
39627,6673,8318
67639,11064,14346
39408,6598,9610
17076,2779,3815
36127,6071,8184
19967,3388,4507
18366,3166,4015
36995,6006,7867
34748,5827,7719
60352,10151,13356
27368,4472,5781
138,20,28
249,39,54
6109,1096,1370
35881,5770,7709
21139,3503,4497
15451,2540,3363
14509,2474,3122
33918,5604,7491
256,41,59
485,72,106
7404,1181,1673
13401,2186,2954
463,72,81
330,51,60
29612,5094,6546
321,52,65
311,51,57
19243,3197,4245
23000,3854,4803
53400,8839,11368
8213,1371,2031
45567,7502,9705
28012,4877,6131
69885,12009,15327
14547,2301,3206
7690,1213,1730
292,44,68
82685,14017,18226
63963,11113,14365
8251,1355,1720
1057,179,255
3175,506,725
4567,733,1020
15417,2474,3414
11136,1868,2496
33944,5771,7450
5715,929,1342
4903,815,1035
21156,3589,4586
6357,1043,1397
93599,15206,20161
11541,1940,2294
2138,345,488
1398,216,328
10785,1705,2355
1584,265,365
11896,2042,2723
11968,2012,2586
64755,11037,13974
19609,3370,4132
1766,288,426
74064,12395,16026
4215,685,971
15274,2572,3451
6209,997,1332
5985,974,1331
1943,323,450
26988,4496,6060
11596,1901,2946
34984,5648,7326
4898,841,1103
21270,3203,4329
43589,7246,10730
25549,4350,5449
12765,2232,2814
10849,1685,2325
22207,3672,5022
28396,4705,6147
11479,1969,2473
218,30,37
133272,22238,29244
63520,10155,13307
9036,1554,1980
54467,9176,11957
23117,4023,5039
20701,3376,4460
21553,3613,4642
30001,5123,6495
10521,1686,2148
10289,1753,2270
9664,1659,2059
38210,6234,8189
64110,10965,13756
55333,9332,11956
35632,5871,8031
23307,3844,5244
8208,1345,1957
12527,2120,2750
22977,3823,4826
11452,1897,2477
73332,12123,15426
92922,14943,19415
24879,4181,5304
27141,4527,5712
13685,2301,3043
27011,4513,5897
13982,2335,3021
25810,4085,5461
15838,2548,3345
20128,3339,4486
6958,1175,1568
15722,2638,3238
22336,3591,5023
19766,3380,4373
62189,10166,13097
666,105,122
37645,6302,8298
58287,9576,12222
3446,595,802
43238,7295,9797
5822,940,1246
36284,6282,8088
12884,2236,3239
46368,8012,10242
2962,475,643
16702,2656,3329
17196,2868,3852
22350,3765,5236
26793,4437,5847
28848,4787,6327
35769,6030,8160
22664,3832,4986
27691,4786,6252
13338,2257,3148
14874,2429,3273
15380,2582,3663
14513,2491,3044
12686,2123,2912
14963,2493,3220
9622,1562,2137
51035,8825,11593
79123,13356,17281
44200,6968,9663
15374,2471,3315
25970,4373,5404
20594,3325,4906
14607,2391,3218
14717,2380,3057
20448,3468,4286
12042,2024,2606
19271,3242,4417
19295,3219,4150
10793,1736,2447
5292,920,1177
170762,26510,34319
31933,5376,6997
14743,2268,3114
27057,4399,5816
27824,4825,6044
34521,5545,7481
22581,3736,5429
32086,5422,7028
8258,1393,1800
23330,3835,4610
15433,2587,3331
21601,3719,4900
54083,8747,11888
7536,1246,1596
15038,2595,3267
45953,7316,9946
48246,8269,11125
37296,6307,8205
97358,15082,19535
1350,248,310
6569,1159,1452
18874,3121,4096
3053,486,676
31268,5057,6991
35166,5927,7918
3538,511,725
39214,6323,8343
31178,5175,6679
5433,881,1122
17262,2893,4112
3999,691,826
11633,1938,2394
13124,2248,2871
19025,3125,4201
61523,10301,13570
10969,1812,2441
4046,673,1006
4184,709,1023
26814,4613,6046
51308,8821,11951
18050,2888,4248
19042,3025,4185
77718,13181,17143
62366,9978,13711
17332,2863,4184
15022,2457,3231
18001,2972,3816
529,83,114
27318,4414,5720
119675,19021,24625
6095,945,1183
73751,12639,16148
12292,2027,2827
6728,1078,1380
26167,4130,5470
5765,948,1413
9349,1508,2004
17314,3004,4029
74452,12246,16104
4579,695,1127
13176,2144,2814
33596,5308,6927
22981,3708,4833
9488,1560,2142
9043,1501,2090
48950,7702,10589
45913,7690,9832
54901,9350,12523
25513,4218,5647
11735,1893,2721
279,43,53
324,50,59
25632,4094,5129
280,43,55
493,81,97
275,43,50
9890,1678,2178
414,60,98
27394,4553,5905
5361,914,1250
5737,981,1340
78518,13224,17321
3039,492,626
18173,3047,4062
68809,11553,15018
7275,1167,1525
50611,8166,10650
16839,2696,3352
18128,3075,4041
9963,1653,2193
14778,2532,3081
3727,605,826
6696,1087,1625
31640,5188,6535
15628,2595,3430
52253,8688,11643
128040,21683,28007
57020,9524,12581
13556,2288,2901
51526,8612,11210
36799,6095,8028
11953,1954,2631
13988,2276,3068
21978,3759,4815
174197,28767,39756
6050,999,1357
58455,9759,12935
10408,1742,2298
14770,2468,3212
8707,1469,2064
49281,8215,10418
9184,1530,1950
65171,10967,13865
33247,5617,7185
76169,12965,16885
35662,5582,7420
12318,2004,2566
9412,1448,1922
10974,1881,2489
29826,4964,6548
48061,8268,11597
23443,3989,5128
15195,2552,3388
69900,11682,15148
16261,2701,3721
24914,4131,5158
28483,4693,6205
46864,8312,10344
9077,1577,1962
216712,36060,46655
99096,16788,22331
127697,21184,28451
40754,6684,9187
43930,7496,9403
18655,3213,4151
6548,1095,1464
11215,1825,2359
23712,4010,5090
5267,868,1101
18117,2896,3862
28952,4642,6134
20616,3289,4659
205669,34602,45684
15278,2592,3584
161988,25539,34527
35923,5834,7368
19471,3127,4164
28661,4858,6564
9204,1612,2148
28353,4710,6721
32828,5398,7163
13196,2141,2770
10339,1657,2061
9876,1684,2372
7771,1271,1655
8316,1409,1945
19855,3366,4428
8718,1432,1770
22554,3833,4909
39942,6892,8896
6222,988,1213
18454,3028,3934
4505,773,988
30563,5325,6645
6474,1110,1391
8709,1428,1869
1259,193,229
13482,2258,3057
114373,18724,23927
7112,1198,1691
7935,1335,1804
7460,1258,1760
5880,994,1366
5879,993,1365
7125,1203,1679
20972,3415,4257
46314,7778,10132
6119,999,1336
16061,2706,3468
11575,1923,2479
14478,2359,3490
12160,2024,2949
10314,1748,2430
42718,7078,9789
17107,2917,4046
20380,3340,4625
26252,4322,5564
12323,2216,2687
20440,3250,5205
7342,1224,1608
6148,1037,1469
7400,1265,1718
5914,1003,1437
12205,2072,2639
13424,2294,3071
30615,5225,6847
8013,1318,1705
6938,1167,1598
33245,5425,7140
30805,5308,6770
34713,5737,7422
16011,2632,3446
11785,1900,3104
18103,2919,3894
8574,1457,2031
35918,6179,8094
6062,941,1361
9239,1586,2099
9358,1601,2195
11017,1872,2391
13727,2221,3274
129377,20960,26926
19007,3186,4105
7356,1192,1445
23688,3938,5042
121362,19682,24658
128866,21441,27739
6424,1058,1397
72168,11295,14842
25358,4427,5874
6811,1108,1562
55463,9107,11658
22276,3749,4772
30071,5278,6712
72269,12290,15208
11923,1999,2719
6499,1095,1615
85606,14468,20357
12901,2122,2800
8467,1411,2101
6679,1084,1486
62373,11043,14386
27592,4803,6081
22786,3664,5029
73469,11891,15665
51757,8565,11146
56477,9229,12819
7847,1300,1727
13263,2277,2849
21748,3636,4668
22985,3864,5264
68514,11610,14889
2667,430,569
30147,5152,6321
19577,3207,4211
23586,4029,5004
8452,1425,1895
29786,5142,6640
11033,1883,2405
13419,2248,2924
18838,3171,4170
94147,15994,20070
4746,795,1100
7883,1315,1721
8941,1469,1954
13723,2287,2827
13804,2156,2875
89007,14394,19511
73263,12293,15294
17513,2969,4487
16790,2855,3696
38417,6311,8021
32252,5637,7246
36830,6334,8232
21276,3629,4708
10640,1792,2355
5077,843,1148
33736,5648,7764
25587,4108,5472
51775,8631,10904
27098,4316,5601
4614,756,1175
4871,788,1016
13742,2243,2848
45778,7825,10065
18352,2932,3816
50625,8223,10565
93134,15151,18702
41390,6514,8390
23468,3821,5056
18158,2940,4140
24220,3935,5334
64159,11082,14344
16414,2762,3787
5352,869,1204
38935,6574,8758
11334,1944,2326
19469,3275,4721
19320,3382,4383
12664,2089,3288
55746,8837,11911
32978,5454,7210
16578,2756,3365
90440,15918,20209
40352,6990,8630
46177,7598,9980
7834,1345,1762
1860,282,404
22671,3647,4622
22889,3800,5062
14657,2363,3087
20916,3406,4258
58122,9636,13396
144407,23276,29711
13080,2206,2839
12422,1958,2601
172,23,31
304,47,65
5358,905,1100
11331,1798,2607
20595,3482,4505
37157,5955,8048
6194,1046,1331
37675,6293,8604
9410,1555,1983
11115,1801,2777
21751,3546,4618
22226,3507,5098
23262,3910,5183
16711,2754,3756
44356,7823,9567
26843,4458,5590
32892,5643,6813
62755,10027,13038
114205,19217,24395
18818,3070,4135
7193,1195,1445
14996,2684,3224
13162,2206,2941
4823,778,1074
2364,381,625
25538,4221,5615
4993,820,1245
362,50,75
1386,209,315
1768,264,396
1539,231,316
19838,3396,4648
3858,623,823
40352,6535,8835
21170,3509,4745
8733,1487,2008
24441,3899,5298
9794,1638,2240
10382,1697,2378
10221,1705,2222
8385,1387,1782
7665,1274,1743
49132,7848,10041
7844,1350,1740
4863,765,1140
4746,786,1071
29985,4767,6236
7107,1205,1666
20195,3392,4527
23313,3969,4927
30511,5031,7008
12033,2101,2603
50274,8549,10562
659,105,127
441,73,91
782,129,170
39582,6492,8254
82353,13543,17441
15854,2692,3491
16933,2803,3638
8787,1454,1903
29033,4952,6559
30301,4821,6076
36970,6435,8540
7816,1285,1729
68475,11421,15087
47918,8001,10658
34772,5833,8087
13588,2205,2883
15725,2655,3449
6914,1149,1526
5940,984,1296
9286,1519,1907
28945,4782,6118
23392,3866,5043
15161,2566,3180
169901,29049,36087
34530,5807,7820
6264,1078,1331
6145,1008,1227
25927,4349,5780
30256,5092,6805
13308,2320,3099
12904,2096,2922
14853,2398,3160
15945,2577,3399
810,131,172
14252,2327,2858
54110,8543,11315
34699,5664,7497
1751,300,393
84311,14683,19143
4720,765,1005
5619,865,1150
5875,995,1209
36939,6003,8110
260,42,51
291,45,52
9386,1521,1991
17753,2982,4039
326,50,60
13572,2146,3267
6005,974,1372
26465,4447,5660
18753,3102,4072
8291,1389,1813
13621,2263,3098
14015,2367,3387
18443,3004,4201
446,71,83
34327,5453,7762
1975,326,444
21724,3466,4942
50253,8552,11330
26115,4243,6061
15142,2575,3234
10678,1751,2366
25398,4262,5644
59296,10271,13097
1321,205,271
25927,4381,5538
4181,705,918
36124,5868,8556
19408,3184,3942
3253,538,705
1290,200,290
10393,1694,2175
64447,10434,15198
11150,1909,2689
6886,1157,1525
52278,8536,11021
21853,3587,5069
23225,4013,5405
13211,2226,2885
32666,5311,6736
39680,6463,8788
44895,7610,9618
160947,27245,36012
2654,447,565
59886,9873,12731
19067,3219,4172
22285,3681,4579
3781,638,823
10378,1765,2310
44035,7169,9120
18455,3178,4184
34187,5954,7610
36926,5980,7750
39458,6576,8320
3623,613,816
24712,3996,5208
55634,9529,12452
4833,815,1033
23105,3550,4592
32994,5407,7232
52132,8937,11328
19728,3254,4177
12570,2149,2784
7701,1325,1600
32174,5563,7293
13007,2210,2869
9492,1622,2076
14557,2359,3024
3711,629,842
49875,8192,11017
7022,1169,1646
66979,10857,14910
30308,4694,7607
61653,10454,13874
19020,3174,4222
7079,1216,1586
18794,3162,4172
18034,2997,3847
20482,3467,4144
483,78,84
32434,5377,7328
30011,4929,6681
27865,4789,6065
37249,6180,7701
22319,3546,4442
37920,6418,8834
6817,1134,1493
8317,1400,2118
8221,1380,1860
8372,1371,1810
6362,1099,1428
21632,3461,4256
26543,4607,5964
126810,20397,26631
69702,11976,15911
21499,3663,4813
8048,1355,1767
19623,3213,4513
25839,4292,5733
40857,6794,8678
7398,1212,1632
33098,5401,7309
76125,12262,16362
8041,1322,1713
26016,4291,5935
15653,2589,3273
22417,3762,4607
12162,2014,2909
19910,3269,4141
8816,1447,2108
10596,1783,2322
19406,3200,4607
102676,17054,22563
34007,5511,7158
8793,1471,1841
2828,491,610
26067,4362,5338
36387,6073,7912
15265,2571,3551
13862,2233,2882
18533,2998,3840
15872,2553,3293
57839,9606,12841
14902,2452,3145
543,85,100
49806,7863,10193
2467,388,602
455,72,89
25518,4346,5639
55431,9214,12007
4276,726,875
39614,6501,8722
32861,5737,7727
31609,4967,6760
42868,7021,9455
12313,2065,2613
10216,1650,2340
10190,1654,2107
23283,3862,5065
22102,3743,4995
30467,5031,6606
58043,9751,13091
27818,4522,6551
27735,4613,5925
34553,5666,7682
38411,6901,8503
19830,3407,4185
9674,1649,2170
60164,10293,14300
13955,2374,3088
11193,1789,2480
30122,5152,6582
75126,12337,16763
71973,11872,15470
18305,2973,4027
454,72,89
5860,988,1307
8238,1283,1563
101511,16763,21128
7438,1184,1662
285,42,51
25826,4236,5429
20776,3415,4381
10260,1625,2100
6634,1079,1512
128937,21790,28529
106448,17933,22491
11280,1824,2452
13576,2161,3146
145553,24421,32414
434,75,90
96484,16294,21314
30861,5029,7110
25579,4256,5478
27572,4763,5933
6397,1071,1411
26407,4286,5685
51793,8481,11264
18201,3127,4056
9797,1711,2268
10778,1807,2299
21266,3493,4495
8799,1411,1890
222685,37664,47661
27580,4455,6094
45302,7462,9680
15816,2631,3432
36267,6174,8327
39038,6475,8237
29133,4932,6733
24573,4140,5596
30772,4962,6970
20401,3354,4511
253900,42147,54176
67667,11247,15007
26861,4625,5895
163821,28020,36042
35295,6100,8250
80003,12828,17010
25814,4099,5589
13654,2228,2869
80965,13386,17678
17344,2861,3618
16059,2576,3524
101243,17117,22157
110081,18907,24708
3508,605,773
267004,43686,59367
7058,1118,1394
8311,1399,1786
11569,2057,2500
7420,1256,1657
33758,5623,7209
6805,1120,1412
32083,5342,7000
5900,1004,1356
7564,1245,1722
20370,3434,5116
16059,2576,3524
7281,1202,1562
5597,946,1201
16611,2765,3640
21768,3644,4908
4378,724,1031
67698,11527,15507
4868,780,1002
13979,2341,3488
41227,6631,8595
22888,3745,5050
14620,2511,3051
6416,1107,1388
21874,3639,4782
24579,4210,5448
30904,5392,6605
17594,2854,3843
1447,230,350
24593,4078,5214
62936,10649,13485
35159,6024,7693
22141,3790,4985
780987,128985,180474
241459,40089,51690
11515,1927,2436
13894,2312,3265
13385,2189,2953
12470,2043,2825
23962,3916,5318
5082,830,1054
31343,5339,6962
17825,3033,3976
20613,3388,4634
4500,763,949
51518,8603,11303
12135,2016,2631
147327,25043,34179
112662,18454,24071
6124,1023,1308
20768,3505,4546
24608,4325,5277
52174,8661,11202
21772,3838,4647
37116,5929,8641
18041,2983,3902
9957,1551,2156
134755,22026,29321
14616,2341,3136
28488,4868,6474
17095,2837,3889
46571,7799,10272
4780,783,961
12271,2038,2564
40278,6667,8817
68479,11342,14561
30368,5196,6818
30569,5146,6881
20518,3440,4645
25804,4306,5440
17936,3016,3858
5448,913,1078
11999,2051,2664
13982,2414,2995
33089,5685,7078
25355,4440,6120
38433,6529,8567
5105,842,970
46113,7911,10019
88700,14571,19222
52352,8967,11397
14403,2276,3339
18072,2962,4121
52256,8442,11411
35500,6043,7723
37274,6249,8086
23266,3811,4763
15997,2642,3405
28375,4789,6534
19162,3144,4170
68019,11150,14293
16554,2749,3868
58958,10001,12444
7449,1281,1760
115513,19155,24448
31684,5229,6808
223,30,42
16283,2777,3650
35468,5940,7564
8608,1521,1939
42222,7224,9412
115433,19691,24554
11163,1949,2451
16458,2725,3462
5780,944,1248
15284,2478,3310
15725,2608,3325
6503,1111,1448
31338,5290,7068
6327,1008,1686
14382,2513,3218
6953,1175,1486
2970,462,583
92874,15451,20076
9942,1517,2056
7492,1200,1583
2582,440,541
18100,2957,3780
12816,2223,2865
4034,687,886
14916,2487,3280
2760,469,674
105778,17520,22086
37699,6601,8089
3454,595,802
28594,4732,6711
9081,1522,1906
38232,6084,8003
85179,14450,18135
36730,6070,7998
120008,20155,27336
4244,682,948
7045,1240,1519
53800,9169,11103
10903,1915,2407
4854,795,1118
28866,4911,6442
70454,11968,15161
45858,7708,10161
56547,9316,12253
20431,3240,4846
17695,2936,3738
27741,4959,6394
7712,1335,1711
108465,17463,23924
35143,5892,7766
73508,12050,17195
15623,2604,3376
12912,2156,2698
114062,18660,24331
84313,14209,18781
24138,4177,5172
10767,1759,2335
26903,4394,5606
9069,1458,1970
14716,2487,3218
37921,6297,8412
22290,3671,4943
10549,1742,2622
6158,1053,1318
17336,2952,3794
11804,1956,2504
23074,3802,5154
30470,5032,6366
74138,12304,15861
47741,7701,10249
16828,2763,3687
20256,3309,4143
6702,1145,1440
48632,8016,11128
19325,3281,4005
9382,1603,2122
10338,1786,2219
28584,4895,6071
10338,1786,2219
13532,2264,3118
13509,2260,2892
21734,3699,5106
15095,2655,3553
26588,4185,5541
27405,4419,6041
34489,5754,7560
115411,18607,24359
21225,3410,4552
5835,973,1331
1100,180,233
22286,3696,5280
13215,2118,2869
6814,1140,1460
10904,1815,2619
30857,5247,6832
10565,1717,2298
12373,2106,2679
10258,1664,2227
190354,30797,39353
88802,15227,19151
15533,2583,3583
30184,5037,6473
31296,4909,7236
119093,20312,25568
20675,3396,4575
50737,8671,10804
13060,2145,2751
63876,10624,14469
40997,6942,8906
7541,1274,1745
24879,4195,5516
13366,2123,3018
36679,6270,8082
84497,13941,18070
18771,3114,4340
41468,6576,8674
95317,15775,20933
26042,4441,5733
5422,850,1092
28505,4658,6628
18771,3114,4340
186,28,33
354,54,65
43525,7120,9054
60707,10207,13015
41246,6803,8484
23307,3984,5259
19660,3226,4195
30617,5048,6748
33214,5708,7517
91401,14836,19587
7946,1263,1778
22791,3812,5142
33587,5395,7316
7931,1311,1670
279,46,67
277,46,63
277,46,63
277,46,63
327,52,78
408,63,78
17890,3028,4161
6956,1142,1538
3634,550,864
554,86,98
18115,3089,4032
101913,16460,22425
20123,3396,4650
27036,4602,6266
10601,1789,2620
24794,4111,4996
53055,8665,11655
22220,3699,4658
9350,1625,2078
69479,12033,15108
24721,4171,5348
92747,15435,19990
3706,616,761
23206,3859,4810
19414,3236,4213
29577,5012,6569
4692,746,1043
21336,3543,4554
392,59,69
1114,170,241
4444,738,976
1437,225,332
1215,184,269
1228,188,247
654,101,136
1070,162,229
22767,3768,4994
1055,159,219
1304,192,285
1248,187,270
2153,318,474
8455,1291,2003
103103,17243,22270
19759,3213,4215
8219,1414,1748
29239,4889,6457
10031,1658,2140
72493,11753,15616
12990,2269,2731
16847,2780,3762
681,111,148
52544,8398,11300
11532,1938,2524
111166,19167,24985
5773,988,1219
18876,3122,4152
21367,3450,4490
11386,1870,2503
3804,573,913
6405,1068,1374
8440,1446,1729
5883,934,1402
10374,1698,2072
60465,10107,13237
5338,903,1235
3724,600,845
7122,1166,1573
30814,5230,6725
66776,11236,14135
9212,1512,2048
10162,1710,2281
27255,4581,6054
67844,11433,15727
6007,979,1305
48749,7956,10831
28508,4759,6505
52225,8484,11896
44844,7366,9838
34210,5513,7555
17589,2879,3816
14245,2355,3047
4966,861,1071
21280,3547,4458
61803,10562,13425
5064,844,1060
5184,859,1211
4478,766,980
29971,4845,6296
3973,670,873
15528,2555,3581
4875,766,1027
25952,4297,5415
4503,782,1002
13550,2315,3118
35207,5755,7549
15724,2632,3334
19711,3349,4393
7276,1189,1620
7220,1123,1911
11556,1796,2454
13678,2272,3172
18769,2977,4145
14944,2576,3383
2681,442,639
32815,5615,7348
14931,2439,3109
12458,2104,2858
22286,3770,5224
103841,17177,21940
22555,3749,4942
31502,4974,7073
35338,5522,7581
28321,4852,6930
16573,2611,3796
12439,2009,2912
20546,3441,4545
13850,2380,3282
31545,5251,6923
29969,4846,6337
5410,847,1286
59434,10126,12957
8473,1382,1900
6153,891,1796
63746,10802,14018
32059,5168,6848
3698,592,831
15698,2665,3489
10940,1818,2303
22902,3927,5230
15142,2466,3105
6074,955,1193
6151,1035,1394
5304,892,1273
26174,4234,5508
34737,5621,7260
106238,17467,22152
13153,2283,2787
10563,1762,2251
18676,3175,4030
10754,1815,2270
15046,2549,3483
14240,2379,3131
58507,10002,12911
6634,1124,1433
24798,4200,5362
2011,325,446
71224,11615,15329
7851,1339,1883
30840,5208,6748
14247,2443,3028
18077,3065,3949
13232,2249,2848
23188,3799,5321
27276,4364,6166
10859,1833,2345
11409,1911,2365
23340,3824,5089
5858,959,1264
25364,4384,5628
12983,2187,2699
3314,567,727
27245,4398,6144
22076,3613,4644
7286,1183,1502
16939,2968,4012
6762,1123,1544
7363,1201,1922
75208,12204,15918
44931,7408,9630
30245,5179,6859
26174,4215,5943
7097,1188,1436
40894,6590,8782
59525,9651,12746
34294,5770,7162
51190,8418,10812
35334,5970,7868
25176,4291,5597
76149,12654,15930
78262,13786,17126
129985,22016,28724
84401,14393,18403
7580,1247,1712
108383,18853,25508
47344,7767,9709
28983,4741,6001
52481,8845,11963
47747,7623,9839
25937,4490,5633
10162,1757,2446
7853,1329,1663
2571,411,638
34381,5745,7866
17780,2929,3766
5607,889,1271
18666,3179,4325
14561,2252,3896
26862,4471,5923
13586,2238,2808
5027,855,1084
5879,998,1442
8795,1475,1882
7612,1300,1761
12469,2106,2643
6873,1166,1627
8865,1491,2097
101069,17187,21336
85323,13486,18629
28135,4598,5764
8385,1368,1761
25006,4207,5626
4913,827,1116
15294,2565,3442
11017,1850,2530
22732,3786,5379
13877,2228,2902
6222,1046,1577
22539,3694,4968
84477,14574,18542
6154,1026,1428
6775,1082,1424
38876,6434,8126
11682,1975,2592
19429,3253,4344
44777,7481,9497
17859,2986,3971
20692,3418,4522
6804,1152,1419
10961,1870,2282
6187,1061,1436
8833,1505,1871
14795,2505,3135
8121,1370,1961
6081,1016,1292
7034,1185,1740
15940,2676,3787
7477,1269,1745
35300,6053,7718
20931,3402,4417
56969,9802,12431
18201,2983,3812
23208,3821,5173
18584,3094,4101
16954,2791,3666
11720,1989,2535
27374,4570,5790
9048,1521,1928
9429,1565,2067
31321,5260,6941
10720,1737,2357
56508,9417,12256
7523,1275,1657
8259,1341,1930
15249,2435,3223
22281,3650,4918
63705,10536,13625
25107,4254,5518
20367,3323,4502
59442,9346,12145
51568,8496,11327
15494,2613,3315
11279,1870,2463
13028,2161,2818
38300,6633,8113
11670,1921,2691
133967,22432,29782
21761,3670,4592
3124,527,693
6640,1126,1594
6521,1107,1570
156182,25106,32468
6256,1059,1515
8748,1490,2035
7830,1321,1790
7327,1265,1709
6908,1176,1657
36478,5967,7861
41270,6598,8914
3999,693,887
15239,2576,3428
8097,1349,1856
66298,11590,15133
13415,2287,2949
27973,4741,6700
121611,19940,26121
23302,3871,5378
22177,3635,4724
19122,3105,4273
118853,20456,25385
42455,7265,9458
35417,6031,7774
14921,2505,3247
8118,1352,1739
20452,3431,4742
26755,4505,6171
91123,15368,19860
73161,11995,15448
39427,6383,9325
28741,4861,6491
14348,2329,3419
63033,10317,12989
25096,4057,5316
24461,3856,5539
27916,4713,6141
25135,4195,5243
13665,2287,2931
21721,3541,5126
33662,5760,7426
15706,2533,3287
14949,2503,3201
6855,1146,1568
120518,19792,25148
5039,836,1096
17660,2977,3797
9169,1610,1966
9338,1570,2113
26135,4363,5803
25430,4242,5792
10246,1733,2336
22544,3739,5147
10351,1736,2302
6471,1096,1398
66077,11003,13570
18213,3075,4080
3940,681,886
7380,1134,1618
3785,604,795
12392,2073,2651
10021,1544,1964
6294,1028,1387
9664,1605,2020
86768,14763,19123
27558,4939,6184
11535,1923,2654
13089,2259,2791
110517,18819,25522
13413,2209,2970
10110,1668,2109
25976,4300,5764
7352,1221,1628
10877,1764,2450
16668,2877,3542
16130,2418,3631
23022,3888,4799
7268,1188,1641
29779,5098,6662
30235,4965,6754
118176,19922,26165
36709,5990,8105
71469,12297,15678
4494,729,882
61154,10826,13587
7490,1270,1619
8830,1535,2008
50954,8587,10880
226521,36410,45223
16136,2841,3624
179852,30005,38475
18339,3153,4027
60338,10074,13394
7603,1285,1725
6422,1092,1532
39786,6748,9061
84084,14312,18428
40591,6647,8764
21795,3746,5394
18755,3016,3973
5819,1000,1353
7936,1341,1839
44567,7313,9260
8181,1344,1701
16650,2812,3672
25337,4180,6041
18826,3063,4080
39455,6250,8873
8357,1373,1868
12715,2049,3070
18109,2966,3901
5672,833,1364
32505,5461,7517
61604,10497,13467
18593,3212,3969
7537,1155,2128
16733,2654,3568
20560,3467,4302
13432,2244,3101
4579,804,1051
14432,2352,3236
17139,2853,3762
7125,1224,1630
8043,1361,1767
41564,6861,8648
11845,1979,2506
116212,19119,24083
12369,2018,2771
8245,1359,1773
8918,1544,2021
7900,1322,1800
106628,18466,24769
106629,18470,24769
90386,14425,18739
51286,8405,10946
28236,4628,6509
14608,2315,3246
9361,1614,2023
48358,8376,10978
9848,1649,2180
18503,3015,4122
58026,10202,12847
9886,1636,2208
10341,1745,2356
22924,3890,5147
15190,2485,3351
27239,4592,6316
35388,5788,7749
37140,6373,8486
17357,2945,3847
122845,20339,26293
27687,4556,6087
12353,2091,2766
18959,2969,4216
11647,1929,2497
2068,334,423
49188,7716,11075
32424,5447,7389
22542,3747,4680
6516,1107,1555
6568,1113,1561
18686,3121,4240
54502,9221,11399
8412,1357,1623
145657,23605,30974
89820,14784,20908
22384,3806,4900
10489,1672,2380
26381,4453,6105
22828,3859,5298
35258,5875,8206
17964,2899,3671
6302,1060,1431
20600,3496,4856
26941,4403,5942
39198,6306,8707
6336,1031,1403
25903,4459,6060
27976,4515,6111
25514,4280,5671
16252,2730,3925
3879,633,878
8192,1384,1919
98107,17115,21655
7100,1191,1581
70018,11295,15123
7771,1291,1600
36337,6050,7861
12389,2127,2702
31634,5428,6835
8623,1454,1987
12543,1979,3049
7583,1262,1764
71659,11867,15648
34260,5537,7273
4997,822,1049
2248,383,480
17922,3059,3886
18515,3121,4136
48089,8208,10833
26432,4259,5623
9776,1677,2217
21734,3707,4817
8977,1486,2004
30268,4831,6528
31701,5287,7037
93397,15510,20549
82524,13066,17647
5715,984,1314
13052,2177,3114
39321,6553,8424
9628,1632,1982
22741,3813,5403
14134,2314,3016
14627,2351,3095
15648,2583,3138
9866,1591,1955
29766,5049,7016
13268,2134,2592
6063,987,1361
29622,4885,6535
18258,3121,4300
7319,1175,1629
4867,790,973
3913,675,904
26526,4493,6085
101271,17041,22544
41584,6989,9330
8331,1425,1833
21321,3623,4779
6483,1102,1446
12026,1956,2524
19224,3181,4103
102495,17087,21904
27472,4669,6104
45954,7667,10325
41585,6990,9331
20716,3532,4686
6484,1103,1447
12025,1955,2524
6135,1042,1526
18311,3016,3953
122211,20363,27216
9957,1636,2158
22140,3698,5077
142820,23420,31235
59843,9912,14285
49868,8398,10725
77022,12688,16496
3430,562,701
56634,9207,12790
21803,3539,5229
46471,7877,9935
29928,5318,6847
32251,5392,7071
2364,413,553
28598,4676,6682
11764,1900,2660
45006,7479,9336
75746,12796,15973
10366,1730,2229
20146,3341,4296
51365,8250,11234
18076,3057,3910
15574,2697,3448
48543,8033,10878
6086,1033,1433
26277,4289,5773
6685,1084,1436
46155,7742,10404
141973,23760,30569
28650,4764,6321
22809,3862,4887
12790,2129,2662
29185,5027,6398
18061,2876,3936
33096,5568,7717
22701,3778,4996
100477,16443,20997
58536,9677,12254
17519,2973,3761
47004,7904,10077
33770,5530,7417
26363,4253,5492
10212,1655,2226
12690,2092,2723
139967,23887,29065
6116,1056,1412
10821,1880,2583
3590,606,774
31241,5114,6787
132260,22577,28912
24528,4070,5281
39831,6402,9032
21607,3612,4789
27430,4551,6184
123231,20393,27791
11332,1879,2494
25717,4307,5645
5720,979,1333
9857,1659,2162
95831,15384,21061
1953,332,412
77349,12853,16979
84432,14187,18557
17788,3088,4306
67208,10874,14925
21079,3492,4737
40982,6965,9251
6996,1188,1643
41605,7095,9568
24271,4147,5418
9100,1575,2040
15699,2614,3476
16634,2747,3710
25962,4284,5456
9118,1531,2079
4724,787,1039
40521,6650,8840
26654,4388,5833
45063,7395,9492
4760,764,1099
50927,8324,12144
9360,1581,2108
9920,1621,2064
8308,1391,1763
3043,515,763
22175,3568,4841
73629,12391,16318
14440,2518,3405
16811,2835,3633
15719,2584,3241
13431,2279,2817
14684,2397,3347
6252,1059,1499
46206,7403,11045
11942,1960,2671
27171,4703,6175
18360,3052,3828
28504,4754,6149
7458,1264,1688
19400,3140,4466
20165,3368,4147
8252,1361,1775
8551,1445,2027
24481,4025,5784
8993,1530,1973
9488,1701,2225
18224,2947,4122
28010,4802,6198
25490,4388,6086
26588,4237,5585
8193,1386,1664
10454,1727,2246
11994,2128,2708
7484,1266,1765
9489,1701,2226
15377,2659,3372
24255,3978,5238
9716,1548,2210
38521,6464,8609
12271,2042,2610
13043,2257,3002
8828,1487,2025
106770,17750,23030
61400,10431,13169
7124,1202,1539
5988,941,1642
10186,1742,2247
12542,2155,2763
18164,3055,4214
17681,2952,3891
20770,3614,4498
5631,954,1322
79989,12892,17058
21418,3596,4540
26282,4427,5830
13856,2329,2977
1961,328,427
6713,1113,1463
73916,12894,16189
27349,4821,6179
16528,2853,3809
9387,1574,2007
22220,3601,5023
14499,2435,3365
39235,6282,8367
28168,4740,6064
10652,1825,2292
11583,1850,2422
11441,1793,2745
11718,2060,2535
48588,7534,9803
14437,2369,3180
12475,2156,2760
17066,2865,3708
20669,3388,4266
35219,5952,7856
14517,2488,3056
106848,17546,23523
9167,1600,2107
28960,4784,6291
16129,2766,3378
16120,2685,3476
2753,482,613
3798,644,861
5707,933,1177
16311,2825,3759
12610,1969,2765
14565,2534,3241
9008,1557,1983
2988,499,665
22802,3786,4810
150965,25334,33397
12641,2166,2819
48555,8101,10808
31410,5349,7078
58571,9810,13219
19466,3303,4292
26740,4502,5923
8520,1453,2042
13637,2290,2883
36022,6078,7859
24552,4159,5270
3809,629,1001
6420,1103,1584
2506,390,554
25446,3903,5162
35662,5895,7512
11854,2015,2508
38511,6490,8534
32420,5232,7038
55679,8915,11904
22146,3698,4944
12079,1972,2465
12353,2000,2696
124949,20970,27774
107081,17705,23465
8601,1447,2068
10975,1904,2473
15667,2559,3562
7110,1180,1631
13587,2348,3132
2489,415,573
32333,5354,7129
110817,18802,22803
32222,5468,6907
13454,2222,2916
7496,1263,1755
11019,1884,2371
18049,3036,3974
33643,5691,7875
17278,2918,4101
55130,9383,12178
6336,1071,1377
6905,1159,1647
12437,2102,2669
11644,1858,2636
6395,998,1412
20563,3412,4523
25994,4402,5523
16786,2817,3771
17608,2928,3911
10135,1671,2238
13760,2136,3667
182335,29441,37552
21512,3547,4694
29520,4788,7641
6301,1086,1402
95283,16233,21225
34839,5645,7648
9318,1519,2032
36006,5844,7457
18288,2929,3988
1540,250,302
22618,3790,4796
39556,6347,8570
23491,3966,4800
11371,1863,2509
8535,1450,1976
9810,1614,2254
16576,2768,3746
12151,2070,2713
4817,804,1008
4562,723,965
58597,9802,13218
39406,6719,8596
24267,4027,5584
8587,1455,2038
27710,4460,5796
13075,2203,2977
89617,14965,18755
11435,1879,2576
6944,1136,1492
15780,2543,3485
31254,5268,7161
8675,1545,1909
35160,5862,7615
21896,3696,4972
4639,756,1001
24298,4002,5189
9139,1566,1954
4373,711,1022
14976,2509,3194
12996,2170,2710
19007,3312,4251
27956,4824,6351
33437,5509,6845
34290,5676,7309
31001,5467,6720
21728,3714,4703
40551,6615,8815
14231,2295,3168
31206,5104,7210
57128,9324,13074
15786,2629,3586
11452,1888,2709
26593,4527,6900
25202,4369,5534
19382,3263,4300
3809,631,920
8010,1354,1868
22815,3862,4874
99198,16162,21713
35262,6116,7493
17944,3008,3879
28885,4669,6344
38827,6427,8719
30845,5038,6601
69423,11381,15589
11286,1882,2542
10454,1724,2248
12284,2054,2549
53243,9273,12558
31550,5088,6886
20459,3460,4597
45683,7768,11001
19115,3079,4188
15788,2580,3556
48756,7886,9973
33681,5731,7279
11240,1840,2477
37155,6418,8884
128189,20583,27855
15984,2671,3678
64674,10508,13845
17747,2799,4260
50337,8602,11518
28840,4706,6655
68222,11143,15095
21491,3634,4730
13282,2209,2925
29742,5025,6464
23664,4151,5462
16902,2810,3447
33622,5557,7181
73338,12442,15663
30137,4940,6253
29232,4995,6392
18069,3053,3953
41565,6911,8951
15224,2644,3387
65708,11144,14964
26444,4434,5632
3976,651,861
16760,2797,3849
17968,3111,4067
30604,5005,7006
13153,2240,2886
23737,3905,4942
21974,3518,4898
9543,1563,2049
6407,1084,1436
28185,4736,5931
33922,5607,7658
36184,5716,7761
15525,2556,3182
34760,5366,7014
28156,4660,5942
34253,5667,7577
13665,2367,3055
38089,6325,8499
48459,7801,10632
40800,6901,9279
28469,4700,6236
12889,2150,2937
48201,7959,10746
20068,3387,4280
57637,8952,13120
25559,4156,5358
67233,11593,15990
106500,17228,22674
65948,10793,14408
7945,1302,1604
18309,3105,4002
12655,1996,2688
8774,1446,2035
14714,2387,3270
18429,3206,4093
12498,2111,2619
57685,9526,13061
21071,3615,4410
24906,4209,5609
22934,3831,5260
17718,3087,4093
15477,2630,3547
10908,1879,2335
191473,30952,40435
57932,9686,13235
34117,5623,7476
164369,26708,36754
49347,8370,11471
8860,1428,1861
27535,4704,6256
1955,325,471
26626,4284,5696
26934,4146,5909
90704,15456,20837
12697,2079,2955
20400,3367,4444
14763,2482,3438
10951,1835,2457
121456,19982,25315
43816,7033,9479
58575,9665,12640
32638,5399,6933
25884,4317,5756
33188,5775,7257
20619,3411,4525
55244,9640,13200
14678,2591,3177
33109,5395,7220
36127,6176,8115
48189,7702,10360
12736,2108,2732
39666,6192,8853
9075,1519,1942
8379,1320,1708
17819,2896,3821
36116,6098,8148
46067,7416,10249
38861,6453,8286
39844,6601,8577
27721,4657,6109
103155,16693,22570
8485,1430,1944
7130,1213,1562
11366,1853,2367
8663,1451,1831
7230,1237,1670
21439,3487,5051
86856,14460,18161
10067,1685,2254
24069,3896,5723
11374,1927,2677
30881,5178,6915
23363,3941,5115
3024,510,693
48119,8145,10471
10704,1816,2435
23385,3862,5250
118627,19436,24401
56116,9079,11988
19647,3374,4490
5174,858,1138
16404,2748,3604
48108,8140,10474
52464,8593,11677
30188,4879,6742
6208,1048,1364
32066,5339,7022
23160,3751,5080
35046,5747,7588
41603,7021,9046
20259,3370,4323
17137,2902,3895
7526,1265,1774
2828,468,614
5942,985,1418
13300,2230,2743
70854,11715,15583
7276,1268,1791
10567,1830,2290
8283,1375,1879
12595,1983,2603
28199,4642,6039
6707,1103,1597
22022,3585,4447
11171,1964,2544
14003,2406,3072
12145,2045,2827
97235,15988,21521
52633,9002,11557
32796,5290,6716
21829,3558,5085
13591,2266,2964
21045,3468,5450
17283,2806,4145
38828,6108,8271
7756,1263,1747
10544,1749,2281
20724,3599,4629
17270,2969,3791
14452,2452,3093
10538,1794,2365
30036,5099,6604
15627,2612,3678
9058,1485,1973
26093,4306,5932
11977,1945,2436
21387,3542,4616
18350,3106,4204
17624,2957,3999
22084,3546,4825
7559,1263,1663
11829,2022,2588
7756,1281,1825
36843,6018,7968
8431,1433,1881
17998,3025,3933
13870,2299,2862
32701,5450,7171
7035,1185,1588
21127,3285,4659
13830,2332,3244
16674,2693,3718
44775,7394,10607
8414,1438,1863
13877,2265,3044
37229,6271,8572
29543,4851,6491
13683,2232,3025
20860,3548,5053
5623,952,1310
8687,1459,1916
24100,4078,5226
4848,794,1030
64287,10914,14210
65039,10504,14303
34785,5839,7712
16334,2795,3577
33848,5721,7764
18932,3107,4131
60367,10117,13273
21507,3595,4458
45456,7458,10053
18525,3073,4225
17612,2832,3682
17943,2941,3800
24285,3851,5411
43074,7062,9320
26334,4221,5413
27876,4683,6737
33253,5670,7261
27850,4466,5771
161738,26910,35957
83807,13825,18182
13051,2356,3040
14285,2417,3271
41863,6679,8677
7499,1231,1622
3140,510,711
11422,1905,2468
39640,6649,9095
13078,2134,3168
34951,5882,7342
7172,1206,1602
50175,8339,11589
16057,2674,3833
17527,2845,4071
9497,1568,2122
14789,2424,3267
25331,4338,5778
15906,2621,3400
10998,1790,2586
23287,3425,5742
27736,4623,6027
54764,8587,11396
26229,4429,5618
2964,480,682
9578,1633,2242
11160,1841,2613
17667,2866,3947
8934,1551,2009
22707,3797,4922
26216,4428,5607
4794,770,1170
7423,1298,1723
14780,2483,3124
12761,2144,2971
31204,5288,7101
30442,5097,6761
21827,3708,4685
24256,4125,5545
23514,3922,5220
19578,3318,4583
13465,2141,3086
56112,9531,12468
58611,9857,13118
7416,1190,1638
20814,3479,4740
23005,3860,5293
59678,9929,12500
314578,51621,68854
29175,5069,6780
27178,4476,6142
9872,1682,2120
9442,1579,2090
55840,9126,11809
27225,4298,5768
21359,3544,4868
11997,1931,2709
26613,4304,5923
327639,53244,74410
11117,1733,2415
30359,5011,6644
23883,3925,5295
48594,7932,11057
9147,1536,2128
8573,1436,1824
12094,2008,2842
8377,1384,1963
31978,5320,6943
19793,3196,4764
114113,19200,26386
20493,3375,4437
4821,779,1064
26806,4426,5905
36405,6054,7505
44924,7505,9878
9760,1646,2275
24541,3911,4871
21122,3468,4721
10671,1746,2398
53007,9153,11947
1504,241,315
7647,1152,1596
31163,5256,6736
16311,2777,3896
23334,3808,5180
11612,1917,2558
20102,3340,4593
14105,2375,3284
21346,3420,4954
14418,2372,3189
51088,8728,11402
72413,12052,15889
15328,2510,3290
27884,4428,6125
5139,807,1106
15606,2633,3536
21882,3493,4748
10845,1786,2454
13635,2192,2942
17727,2988,3882
31001,5250,6786
28271,4870,6155
2769,451,651
60364,10264,12632
16704,2788,3892
6888,1163,1598
17701,2959,3927
6572,1047,1455
15432,2476,3146
28169,4749,6496
30133,4995,6557
3871,622,913
40355,6589,8930
28953,4629,6449
19174,3258,4270
33107,5375,7198
19458,3337,4572
44393,7436,9423
32461,5390,7141
47171,7704,10169
22839,3616,5228
9569,1605,2205
42998,7092,9193
21331,3596,4706
60141,10344,13244
20555,3498,4575
21943,3610,4621
31897,5350,7129
12639,2170,2683
10325,1665,2214
47581,8133,10336
17846,2902,4042
21244,3466,4535
3971,647,894
11862,1910,2660
11018,1739,2715
32295,5362,7282
26301,4512,5751
40346,6835,9182
9264,1527,2102
132864,21891,27820
43624,7262,9519
25536,4210,5580
15511,2635,3743
16473,2711,3628
29081,5025,6465
32886,5305,7489
11696,2021,2597
7287,1165,1524
53758,9169,11662
3273,531,751
26060,4534,5707
8615,1436,1930
43142,7191,9258
19838,3351,4212
16195,2887,3677
15469,2569,3292
30300,5150,6429
16426,2819,3616
9037,1523,2093
52293,8824,11519
8907,1523,2098
36300,5879,7508
13132,2171,2779
48539,7750,11057
19004,3307,4385
13643,2245,2868
27102,4534,5855
28571,4733,6101
22366,3781,5060
10888,1848,2495
17063,2942,4364
27565,4702,5808
55592,9278,13002
4395,710,1038
14889,2471,3792
42130,6632,10116
23912,4016,5287
12115,2034,2614
10824,1770,2521
16674,2798,3488
7853,1314,1793
17582,2831,3836
15480,2626,3438
107489,18000,23794
26070,4309,5688
33718,5659,7294
27326,4412,6439
24531,4077,5235
13945,2221,2850
9366,1552,2040
13438,2184,2882
22573,3750,4962
53418,8956,12185
29814,4969,6652
29838,4965,6417
9775,1656,2026
23755,3724,4919
50041,8053,11414
10174,1609,2311
25532,4160,5411
22302,3649,4711
21029,3345,4195
9360,1577,2015
20381,3430,4365
14610,2476,3076
10968,1819,2259
6648,1071,1486
52282,8503,11257
18217,3030,3853
7565,1260,1612
23566,3665,5099
7180,1114,1560
8351,1361,2234
11503,1861,2529
39418,6431,8798
58277,9876,13124
60868,9858,13773
4939,783,1078
44684,7663,9752
28859,4786,6326
13378,2141,3224
33860,5700,8375
33860,5700,8375
17513,2706,3589
11949,1827,2372
25541,4180,5574
42035,6596,8658
12422,2048,2754
22542,3748,5372
15930,2607,3897
25939,4334,6262
24278,3901,5221
12772,2085,2820
24645,4083,5836
51278,8753,11112
106672,17725,22845
14385,2380,3181
39145,6359,8642
26371,4296,6051
55485,9310,12526
2225,368,529
28317,4378,6055
41141,6755,9040
20647,3447,4721
9468,1552,2044
8136,1378,1815
9823,1616,2171
37256,6155,8237
23968,4038,5159
36954,6325,8155
11015,1793,2296
56424,9452,13026
30715,5291,6997
13775,2172,3320
15906,2745,3389
15753,2516,3384
26418,4168,5622
5622,909,1037
41930,6952,9245
33523,5370,7076
45842,7605,10192
10750,1809,2257
75769,12416,16586
104386,17787,21962
11247,1908,2565
15423,2396,3648
12749,2087,3048
10927,1858,2381
71181,11736,15365
17702,2904,3750
93755,15720,21813
9914,1612,2016
22674,3633,5278
9436,1514,2231
7689,1248,1644
3991,659,829
12118,1997,2765
76209,12512,16643
9975,1620,2260
15722,2651,3611
13898,2377,3374
16905,2907,3761
23458,3478,5031
47976,7868,10642
19503,3256,4381
96133,15590,21357
10624,1732,2639
311411,50921,64741
113563,18792,24640
20932,3501,4454
5982,932,1447
20779,3486,4384
15082,2510,3524
18027,2854,3625
16547,2775,3785
20492,3426,4795
28588,4794,6133
25236,4194,6007
17618,2963,3877
3857,608,847
32819,5475,6941
32701,5178,7324
14155,2442,3166
15409,2379,3305
29976,4941,6572
145542,24252,32574
40704,6894,9090
14192,2411,2994
6001,996,1390
34279,5499,7427
9070,1514,1949
9102,1444,2193
4574,757,1129
63990,10943,13799
15042,2460,3253
15103,2521,3287
15427,2599,3405
4671,760,1046
9176,1604,1995
28042,4816,6501
12707,2082,2734
28864,4850,6251
9226,1562,2145
15229,2569,3251
26233,4065,6130
21730,3674,4449
15367,2570,3563
7163,1161,1786
39171,6119,8110
20935,3511,4496
11532,1915,2462
12296,2018,2660
17101,2769,3910
21453,3518,4657
21055,3471,4798
23008,3772,5289
7729,1254,1630
12595,2053,2864
40427,6846,9602
12411,2158,2708
16786,2755,4133
10843,1815,2297
13251,2162,2883
23887,4137,5352
42769,7092,9208
24039,4007,5181
25533,4070,5189
22575,3902,4965
78420,12766,17220
12103,1959,2772
10184,1612,2410
45494,7521,9957
27187,4243,5596
9615,1602,2193
15185,2424,3164
73403,12131,15323
5015,829,1116
8686,1453,2012
49490,8275,10373
45232,7291,9859
57871,9688,12289
60013,9731,13602
11957,2016,2534
28326,4714,6456
17609,2851,3563
9965,1586,2176
17521,2724,3685
8668,1452,1941
41071,6645,9130
13710,2285,2930
28628,4748,6552
133340,22207,29669
28199,4730,6232
12598,2061,2951
56749,9619,12190
18819,3137,4364
14535,2442,3351
16981,2749,3791
22145,3527,5102
25846,4287,5343
45988,7613,10629
23335,4001,5131
874,148,211
42212,7112,9030
3185,513,632
27726,4764,6184
38531,6574,8216
9587,1458,1936
37191,5993,7932
24189,4027,5202
34774,5931,7227
59243,9617,12717
35606,5874,8115
15091,2532,3346
18157,2929,3927
3571,579,853
41624,6906,9925
25336,4089,5171
17337,2932,3834
36603,6237,7893
12437,2096,2885
12189,2020,2877
7228,1174,1684
35126,5748,8065
10484,1732,2360
16912,2779,3644
6908,1122,1421
17219,2894,3785
22933,3656,5044
25859,4291,5723
26703,4502,6032
22334,3756,4658
9948,1626,2296
40904,6494,9271
12852,2080,2729
24700,4277,5519
5744,949,1337
12775,2163,2983
11360,1833,2469
25872,4453,5551
49111,8219,11612
18035,3017,3886
14442,2433,3306
75493,12502,16591
8179,1312,1778
123243,21271,27381
39226,6449,8102
12944,2072,2796
49701,8506,11159
153596,25761,33354
11618,1959,2693
27985,4703,5992
5436,914,1264
20283,3368,4230
14886,2527,3264
71741,11857,16226
62392,10000,12804
13774,2232,2850
37805,6529,8635
13584,2348,3033
51161,8448,11942
40793,6488,9089
21142,3579,4861
73784,11935,15363
5203,835,1240
14856,2526,3211
18691,3129,3977
6368,1044,1368
20763,3491,4509
20714,3589,4522
22969,3797,5017
5933,951,1370
46527,7738,10051
60798,10210,12858
61021,10085,13499
38360,6256,8334
60770,9959,12885
42054,6984,8862
85819,14690,18886
8381,1410,1779
54795,8914,11514
8320,1359,1748
11268,1892,2434
26574,3771,5041
42828,7154,9712
15270,2620,3499
43574,7469,9705
65249,11331,14485
7782,1318,1697
1674,270,377
12249,2042,2665
5781,957,1353
32017,5408,6867
18154,3154,4378
30640,5022,6801
6715,1134,1484
14136,2392,3121
38453,6230,8218
15923,2448,3137
10686,1787,2364
40500,6914,9351
26306,4276,6032
33696,5627,7787
9004,1477,2052
7261,1201,1644
57591,9260,12161
6820,1106,1616
12533,1999,2742
7040,1143,1639
10439,1694,2098
14842,2487,3206
5092,864,1063
17228,2740,3559
22003,3762,4929
29783,5070,6422
38946,6365,8507
17707,3011,3910
11256,1943,2507
21948,3787,4973
32166,5604,6948
30180,5043,6771
10729,1734,2318
24188,4200,5380
36973,6006,7797
24430,4153,5499
18319,3172,4238
64664,10674,14158
47196,8165,10633
10346,1781,2260
10121,1734,2381
31809,5407,7359
15644,2676,3429
16602,2510,3504
15146,2575,3459
38531,6341,8674
18025,2895,3705
7088,1194,1625
33865,5618,7528
18968,3122,4166
33288,5348,6951
17773,2781,3955
28219,4767,6166
45429,7107,9434
23212,3893,5267
13186,2201,3119
45711,7675,9779
4985,761,1301
25347,4147,5725
79617,13251,17560
4234,717,941
44078,7317,9838
13014,2189,3145
5874,901,1547
4150,684,928
12479,2040,2824
28248,4630,5790
6583,1045,1426
10652,1848,2313
38303,6104,8000
9583,1443,2466
12774,2171,2835
47266,7657,10413
5170,785,1268
42714,7344,9552
6438,1023,1644
17378,2789,3758
139932,22643,30853
22963,3838,5009
41532,6938,8868
4170,647,1100
11667,2073,2498
6330,979,1644
12002,2067,2692
4767,697,1318
57250,9407,12137
4993,759,1246
35263,5985,8200
5507,857,1462
4308,679,923
22883,3659,5105
22568,3763,5000
15679,2590,3409
11487,1798,2599
66694,10837,14739
13525,2295,2821
11813,2027,2561
21318,3538,4477
30363,4851,6817
13346,2160,3001
17978,2996,3983
23994,3992,5476
23451,3872,4972
13087,2095,2993
28176,4733,5761
6074,1036,1275
36581,6433,8294
2316,359,480
5406,917,1128
15197,2482,3221
7214,1219,1528
18135,3101,4095
10990,1698,2411
19071,2945,3870
16106,2625,3974
33586,5587,7463
27189,4109,5533
21870,3496,4529
51619,8055,10442
6783,1134,1575
151769,26057,31938
53235,9075,11579
9264,1516,1970
45675,7748,10404
22214,3725,4649
34281,5700,7410
33434,5575,7813
65834,11123,14429
30797,5141,6558
15616,2555,3475
14833,2514,3306
13249,2219,2986
18407,2817,4167
36117,6035,8179
4923,841,1186
6571,1092,1428
39250,6771,9224
16354,2551,3304
7857,1258,1935
11593,1951,2722
17046,2747,3903
15699,2582,3444
18572,3027,4169
28276,4881,5956
43754,7291,9646
26252,4372,5594
73761,11324,15444
15172,2448,3513
24735,4087,5174
12408,2033,2597
45823,7461,9723
10193,1683,2085
10744,1781,2304
11590,1950,2524
38631,6511,8692
19579,3049,4658
27785,4303,5574
15095,2408,3362
10395,1589,2264
13728,2314,3032
19706,3176,4355
31807,5337,7200
31074,5154,6735
14194,2447,3188
11733,2040,2826
22234,3724,4704
19377,3225,4364
16548,2824,3731
10419,1814,2353
7236,1187,1592
10548,1811,2264
14515,2368,3116
18436,3095,4258
13195,2040,2510
24614,4123,6027
11170,1780,2648
6049,929,1458
40894,6523,8767
13196,2040,2511
12818,2151,2809
20623,3367,4491
41730,7265,9312
6800,1106,1538
20593,3339,4541
44089,7015,8859
51694,8420,11228
14833,2470,3258
14018,2362,3251
13899,2252,3334
24017,3801,4879
15986,2651,3347
13095,2102,2881
51268,8450,11081
41536,6847,9179
25168,4137,5413
18412,3101,4150
14666,2500,3409
16981,2893,3742
9207,1559,2067
93783,16135,20355
32699,5514,7278
4022,655,869
31808,5140,7086
9121,1511,1826
14816,2463,3202
6332,1090,1336
26049,4295,5463
25233,4180,6071
9294,1628,2232
4046,693,1056
19120,3198,4081
22708,3715,4862
9291,1394,1979
9232,1526,2136
57961,9367,12128
14907,2466,3136
13730,2354,3307
16332,2801,3641
14320,2462,3290
14010,2392,3124
91957,14959,21237
69711,11701,15113
9337,1490,2066
42551,6915,8908
91820,13828,17848
12234,1979,2705
18157,3023,4013
12133,1927,2501
165910,27121,37446
13459,2078,2956
12217,1957,2716
22707,3862,5256
18794,3179,4221
14433,2417,3132
10737,1784,2366
12374,2144,2597
27959,4650,6230
22151,3645,4903
25027,4102,5242
31352,5104,6646
10358,1725,2218
23401,3882,5159
36509,5910,7581
11424,1891,2642
54222,8884,13682
18438,2909,3866
37232,6175,8539
16019,2742,3507
32732,5459,7654
50038,7839,10820
20529,3534,4456
14755,2420,3147
27989,4884,6219
5304,902,1170
17205,2744,3491
40842,6709,9421
14360,2348,3105
11784,2040,2599
8281,1455,1902
20135,3299,4495
14774,2437,3359
6141,1009,1608
15424,2558,3415
6385,1010,1437
5424,901,1244
13068,2091,2904
34621,5714,7365
30797,4803,6754
17198,2887,3464
19349,3144,4629
4626,768,1002
24154,4017,5154
12691,2080,2701
55906,8919,14493
20020,3182,4337
50270,8545,10986
12473,2044,2824
8480,1402,1938
44758,7251,9812
16519,2827,3864
10960,1805,2464
9375,1576,2254
11849,2022,2627
21359,3680,4850
20910,3559,4621
24320,4062,5478
15705,2543,3444
46311,7478,9948
56435,9558,12238
40137,6752,9036
17232,2814,3544
19239,3417,4300
4197,719,845
24720,4313,5503
53425,8739,12306
22445,3671,5015
9208,1548,2062
25293,4381,5304
11115,1872,2473
43863,7338,9191
41293,6870,8970
76058,12725,16606
26863,4389,5845
47468,7672,10004
4998,820,1148
14768,2561,3298
2386,367,498
11437,1918,2527
38354,6507,8437
20534,3408,4708
31379,5265,6909
6750,1100,1450
20061,3351,4482
49856,8480,10752
21212,3457,4544
16836,2839,3701
6262,994,1264
39425,6528,9161
25642,4425,5731
43978,7665,9706
101367,16665,20850
11083,1825,2462
9916,1612,2161
11553,1859,2734
38462,6296,8164
27789,4504,5948
50649,8434,10749
87035,14937,19637
8765,1439,2072
35705,5950,8094
55935,9282,12296
9433,1589,2152
18012,2880,3782
25000,4179,5417
8710,1464,2078
13878,2343,3136
46191,7555,10555
31031,5236,6751
32893,5150,7151
9125,1554,1992
28190,4608,7968
21792,3519,4476
83528,14166,19714
40805,6432,8945
35407,5897,7425
4175,620,915
7378,1271,1654
38734,6081,7829
9228,1482,1959
8933,1493,1976
9149,1424,1861
6302,1088,1385
34936,5914,7712
8874,1523,2162
30357,4870,6334
39862,6531,8989
8825,1379,1895
15184,2508,3226
8409,1309,1617
14510,2474,3123
17803,2919,3977
8708,1541,1971
4601,793,1080
3680,594,902
4257,659,1016
1625,285,337
14338,2308,3140
36981,6293,8549
21164,3530,4731
30139,4867,6592
335631,54311,69676
75332,12592,16746
66800,11194,14373
2556,419,546
38956,6554,8788
29665,4579,5985
22446,3783,4915
15271,2543,3248
87219,14441,18920
3408,536,778
17370,2801,3763
4012,646,939
4807,815,1120
43820,7257,10299
69181,11458,15969
6430,1076,1426
13658,2228,2932
9115,1484,2139
52742,8164,10877
9428,1594,2072
3867,602,1008
95051,16455,21011
38907,6339,7829
20856,3507,4745
59168,10245,12747
22657,3711,5186
94438,15248,19134
15957,2723,3681
5218,888,1197
78449,11944,16310
3662,591,855
18418,3003,4041
21519,3306,4505
8526,1399,2002
21649,3607,4903
21558,3592,4966
25586,4310,5632
12591,2079,2749
11762,1928,2584
11448,1782,2486
56103,8829,12084
19173,3070,3954
25244,4208,6187
18376,2963,4242
27084,4414,6310
13907,2328,3130
18137,3007,4054
17008,2792,3739
14689,2520,3295
26996,4199,6000
100944,17134,23178
47814,7985,10308
74615,11822,15618
21315,3389,4634
73143,12233,15639
11409,1927,2741
15270,2582,3268
5136,861,1045
3190,530,738
35136,5752,8380
66511,11012,15255
4855,789,988
51667,8306,10636
9844,1642,2189
40337,6781,8926
34279,5766,7281
19495,3253,4437
23204,3748,5286
11630,1627,3096
21188,3353,4538
17898,2946,3800
20601,3460,4923
16064,2819,3563
21516,3484,4298
39068,6674,8787
33415,5581,7539
125278,20155,26549
19870,3370,4415
63450,10511,13417
9337,1505,2108
50938,8222,10960
392228,63497,84103
25927,4170,5205
40079,6705,8842
34147,5519,7747
17859,3036,4081
89782,14155,18795
156345,25389,32887
50496,8565,11609
61788,10409,13821
39357,6360,7883
46165,7940,10354
68259,10840,14707
19062,3255,4504
43610,7176,9563
15619,2479,3527
17775,2912,3896
52994,9063,11473
32635,5402,7178
8872,1479,2026
17008,2916,3835
15639,2716,3417
15564,2496,3539
6132,979,1334
45529,7046,8857
12997,2111,2724
17015,2742,3825
6259,968,1485
19182,2771,3575
97517,16516,21205
63700,10839,13995
36475,5611,7849
42008,7159,9511
20874,3521,4549
21688,3696,4554
25211,4200,5693
33555,5707,6922
58143,9387,12550
11908,2042,2664
24286,4135,5320
11586,1917,2585
59813,10314,13764
13865,2293,3127
19678,3194,4272
16454,2697,3648
118841,20559,26182
19417,3195,4470
1601,261,357
17054,2741,3886
27313,4510,5766
70158,11236,15022
60319,10160,13986
39978,6792,8989
8305,1387,1816
25692,4082,5634
124053,21621,27350
9261,1507,1987
25535,4329,5553
29442,4778,6421
38429,6521,8120
15712,2668,3642
2066,333,469
43907,7173,9326
12368,2088,2752
33997,5754,7659
38377,6273,7882
35552,5651,8155
11896,2004,2604
16829,2865,3554
23115,3751,4969
4667,735,1138
9454,1562,1956
26110,4153,5251
19129,3216,4426
37531,6235,8391
12131,2012,2797
20980,3477,4714
26798,4302,5657
16374,2654,3660
52845,8908,11148
10628,1752,2250
75628,12741,16402
